# Blender 5.2.0 LTS
# www.blender.org
mtllib violin.mtl
o Cube.001
v -0.437790 3.962825 -10.559162
v -0.437790 3.962825 -10.559162
v -0.437790 3.962825 -10.559162
v -0.437040 3.193686 -10.499256
v -0.437040 3.193686 -10.499256
v -0.437040 3.193686 -10.499256
v -0.437040 3.194999 -10.483912
v -0.437040 3.194999 -10.483912
v -0.437040 3.194999 -10.483912
v -0.437790 3.962459 -10.563444
v -0.437790 3.962459 -10.563444
v -0.437790 3.962459 -10.563444
v -0.409876 3.194093 -10.494504
v -0.409876 3.194093 -10.494504
v -0.409876 3.194093 -10.494504
v -0.430209 3.962572 -10.562118
v -0.430209 3.962572 -10.562118
v -0.430209 3.962572 -10.562118
v -0.409876 3.192779 -10.509847
v -0.409876 3.192779 -10.509847
v -0.409876 3.192779 -10.509847
v -0.430209 3.962206 -10.566400
v -0.430209 3.962206 -10.566400
v -0.430209 3.962206 -10.566400
v -0.464204 3.193686 -10.499256
v -0.464204 3.193686 -10.499256
v -0.464204 3.962459 -10.563444
v -0.464204 3.962459 -10.563444
v -0.464204 3.194999 -10.483912
v -0.464204 3.194999 -10.483912
v -0.464204 3.962825 -10.559162
v -0.464204 3.962825 -10.559162
v -0.490617 3.962825 -10.559162
v -0.490617 3.962825 -10.559162
v -0.490617 3.962825 -10.559162
v -0.491368 3.193686 -10.499256
v -0.491368 3.193686 -10.499256
v -0.491368 3.193686 -10.499256
v -0.491368 3.194999 -10.483912
v -0.491368 3.194999 -10.483912
v -0.491368 3.194999 -10.483912
v -0.490617 3.962459 -10.563444
v -0.490617 3.962459 -10.563444
v -0.490617 3.962459 -10.563444
v -0.518532 3.194093 -10.494504
v -0.518532 3.194093 -10.494504
v -0.518532 3.194093 -10.494504
v -0.498198 3.962572 -10.562118
v -0.498198 3.962572 -10.562118
v -0.498198 3.962572 -10.562118
v -0.518532 3.192779 -10.509847
v -0.518532 3.192779 -10.509847
v -0.518532 3.192779 -10.509847
v -0.498198 3.962206 -10.566400
v -0.498198 3.962206 -10.566400
v -0.498198 3.962206 -10.566400
v -0.349370 2.991665 -10.545397
v -0.356322 3.042829 -10.548062
v -0.334971 2.991665 -10.545397
v -0.336591 3.042829 -10.548062
v -0.358582 3.114764 -10.545837
v -0.344047 3.119480 -10.545837
v -0.370839 3.141977 -10.543030
v -0.370839 3.141977 -10.543030
v -0.365459 3.150007 -10.543030
v -0.365459 3.150007 -10.543030
v -0.383862 3.140126 -10.543030
v -0.383862 3.140126 -10.543030
v -0.390190 3.147432 -10.543030
v -0.390190 3.147432 -10.543030
v -0.386443 3.130717 -10.546813
v -0.403664 3.130136 -10.546813
v -0.403664 3.130136 -10.546813
v -0.387023 3.120019 -10.543388
v -0.387023 3.120019 -10.543388
v -0.397400 3.119669 -10.543388
v -0.397400 3.119669 -10.543388
v -0.331216 2.954638 -10.543938
v -0.331216 2.954638 -10.543938
v -0.322265 2.961829 -10.543938
v -0.322265 2.961829 -10.543938
v -0.306248 2.947753 -10.542104
v -0.306248 2.947753 -10.542104
v -0.306812 2.955545 -10.542104
v -0.306812 2.955545 -10.542104
v -0.283918 2.964573 -10.544214
v -0.295797 2.966494 -10.544214
v -0.295797 2.966494 -10.544214
v -0.278338 2.973761 -10.551555
v -0.278338 2.973761 -10.551555
v -0.305052 2.973450 -10.551555
v -0.305052 2.973450 -10.551555
v -0.278461 2.984335 -10.551555
v -0.305175 2.984025 -10.551555
v -0.282405 2.991443 -10.547681
v -0.282405 2.991443 -10.547681
v -0.301371 2.991222 -10.547681
v -0.301371 2.991222 -10.547681
v -0.356224 3.041094 -10.600449
v -0.356224 3.041094 -10.600449
v -0.349272 2.989931 -10.597782
v -0.349272 2.989931 -10.597782
v -0.334873 2.989931 -10.597782
v -0.334873 2.989931 -10.597782
v -0.336493 3.041094 -10.600449
v -0.336493 3.041094 -10.600449
v -0.358484 3.113030 -10.598224
v -0.358484 3.113030 -10.598224
v -0.343949 3.117746 -10.598224
v -0.343949 3.117746 -10.598224
v -0.370741 3.140242 -10.595416
v -0.370741 3.140242 -10.595416
v -0.370741 3.140242 -10.595416
v -0.365361 3.148272 -10.595416
v -0.365361 3.148272 -10.595416
v -0.365361 3.148272 -10.595416
v -0.383764 3.138391 -10.595416
v -0.383764 3.138391 -10.595416
v -0.383764 3.138391 -10.595416
v -0.390092 3.145697 -10.595416
v -0.390092 3.145697 -10.595416
v -0.390092 3.145697 -10.595416
v -0.386345 3.128983 -10.599199
v -0.386345 3.128983 -10.599199
v -0.386345 3.128983 -10.599199
v -0.403566 3.128402 -10.599199
v -0.403566 3.128402 -10.599199
v -0.403566 3.128402 -10.599199
v -0.403566 3.128402 -10.599199
v -0.386925 3.118285 -10.595775
v -0.386925 3.118285 -10.595775
v -0.386925 3.118285 -10.595775
v -0.397302 3.117934 -10.595775
v -0.397302 3.117934 -10.595775
v -0.397302 3.117934 -10.595775
v -0.322167 2.960094 -10.596324
v -0.322167 2.960094 -10.596324
v -0.322167 2.960094 -10.596324
v -0.331118 2.952904 -10.596324
v -0.331118 2.952904 -10.596324
v -0.331118 2.952904 -10.596324
v -0.306714 2.953811 -10.594490
v -0.306714 2.953811 -10.594490
v -0.306714 2.953811 -10.594490
v -0.306150 2.946018 -10.594490
v -0.306150 2.946018 -10.594490
v -0.306150 2.946018 -10.594490
v -0.295699 2.964760 -10.596600
v -0.295699 2.964760 -10.596600
v -0.295699 2.964760 -10.596600
v -0.295699 2.964760 -10.596600
v -0.283820 2.962839 -10.596600
v -0.283820 2.962839 -10.596600
v -0.283820 2.962839 -10.596600
v -0.304954 2.971716 -10.603941
v -0.304954 2.971716 -10.603941
v -0.304954 2.971716 -10.603941
v -0.304954 2.971716 -10.603941
v -0.278240 2.972026 -10.603941
v -0.278240 2.972026 -10.603941
v -0.278240 2.972026 -10.603941
v -0.278240 2.972026 -10.603941
v -0.305077 2.982290 -10.603941
v -0.305077 2.982290 -10.603941
v -0.278363 2.982601 -10.603941
v -0.278363 2.982601 -10.603941
v -0.301273 2.989488 -10.600067
v -0.301273 2.989488 -10.600067
v -0.301273 2.989488 -10.600067
v -0.282307 2.989708 -10.600067
v -0.282307 2.989708 -10.600067
v -0.282307 2.989708 -10.600067
v -0.579037 2.991665 -10.545397
v -0.572085 3.042829 -10.548062
v -0.593436 2.991665 -10.545397
v -0.591816 3.042829 -10.548062
v -0.569826 3.114764 -10.545837
v -0.584361 3.119480 -10.545837
v -0.557569 3.141977 -10.543030
v -0.557569 3.141977 -10.543030
v -0.562948 3.150007 -10.543030
v -0.562948 3.150007 -10.543030
v -0.544546 3.140126 -10.543030
v -0.544546 3.140126 -10.543030
v -0.538218 3.147432 -10.543030
v -0.538218 3.147432 -10.543030
v -0.541965 3.130717 -10.546813
v -0.524743 3.130136 -10.546813
v -0.524743 3.130136 -10.546813
v -0.541384 3.120019 -10.543388
v -0.541384 3.120019 -10.543388
v -0.531007 3.119669 -10.543388
v -0.531007 3.119669 -10.543388
v -0.597192 2.954638 -10.543938
v -0.597192 2.954638 -10.543938
v -0.606143 2.961829 -10.543938
v -0.606143 2.961829 -10.543938
v -0.622160 2.947753 -10.542104
v -0.622160 2.947753 -10.542104
v -0.621595 2.955545 -10.542104
v -0.621595 2.955545 -10.542104
v -0.644490 2.964573 -10.544214
v -0.632611 2.966494 -10.544214
v -0.632611 2.966494 -10.544214
v -0.650069 2.973761 -10.551555
v -0.650069 2.973761 -10.551555
v -0.623356 2.973450 -10.551555
v -0.623356 2.973450 -10.551555
v -0.649946 2.984335 -10.551555
v -0.623233 2.984025 -10.551555
v -0.646003 2.991443 -10.547681
v -0.646003 2.991443 -10.547681
v -0.627037 2.991222 -10.547681
v -0.627037 2.991222 -10.547681
v -0.572183 3.041094 -10.600449
v -0.572183 3.041094 -10.600449
v -0.579135 2.989931 -10.597782
v -0.579135 2.989931 -10.597782
v -0.593534 2.989931 -10.597782
v -0.593534 2.989931 -10.597782
v -0.591914 3.041094 -10.600449
v -0.591914 3.041094 -10.600449
v -0.569924 3.113030 -10.598224
v -0.569924 3.113030 -10.598224
v -0.584459 3.117746 -10.598224
v -0.584459 3.117746 -10.598224
v -0.557667 3.140242 -10.595416
v -0.557667 3.140242 -10.595416
v -0.557667 3.140242 -10.595416
v -0.563046 3.148272 -10.595416
v -0.563046 3.148272 -10.595416
v -0.563046 3.148272 -10.595416
v -0.544644 3.138391 -10.595416
v -0.544644 3.138391 -10.595416
v -0.544644 3.138391 -10.595416
v -0.538316 3.145697 -10.595416
v -0.538316 3.145697 -10.595416
v -0.538316 3.145697 -10.595416
v -0.542063 3.128983 -10.599199
v -0.542063 3.128983 -10.599199
v -0.542063 3.128983 -10.599199
v -0.524841 3.128402 -10.599199
v -0.524841 3.128402 -10.599199
v -0.524841 3.128402 -10.599199
v -0.524841 3.128402 -10.599199
v -0.541482 3.118285 -10.595775
v -0.541482 3.118285 -10.595775
v -0.541482 3.118285 -10.595775
v -0.531105 3.117934 -10.595775
v -0.531105 3.117934 -10.595775
v -0.531105 3.117934 -10.595775
v -0.606241 2.960094 -10.596324
v -0.606241 2.960094 -10.596324
v -0.606241 2.960094 -10.596324
v -0.597290 2.952904 -10.596324
v -0.597290 2.952904 -10.596324
v -0.597290 2.952904 -10.596324
v -0.621693 2.953811 -10.594490
v -0.621693 2.953811 -10.594490
v -0.621693 2.953811 -10.594490
v -0.622258 2.946018 -10.594490
v -0.622258 2.946018 -10.594490
v -0.622258 2.946018 -10.594490
v -0.632709 2.964760 -10.596600
v -0.632709 2.964760 -10.596600
v -0.632709 2.964760 -10.596600
v -0.632709 2.964760 -10.596600
v -0.644588 2.962839 -10.596600
v -0.644588 2.962839 -10.596600
v -0.644588 2.962839 -10.596600
v -0.623454 2.971716 -10.603941
v -0.623454 2.971716 -10.603941
v -0.623454 2.971716 -10.603941
v -0.623454 2.971716 -10.603941
v -0.650167 2.972026 -10.603941
v -0.650167 2.972026 -10.603941
v -0.650167 2.972026 -10.603941
v -0.650167 2.972026 -10.603941
v -0.623331 2.982290 -10.603941
v -0.623331 2.982290 -10.603941
v -0.650044 2.982601 -10.603941
v -0.650044 2.982601 -10.603941
v -0.627135 2.989488 -10.600067
v -0.627135 2.989488 -10.600067
v -0.627135 2.989488 -10.600067
v -0.646101 2.989708 -10.600067
v -0.646101 2.989708 -10.600067
v -0.646101 2.989708 -10.600067
v -0.417130 2.823678 -10.519481
v -0.408850 2.900347 -10.505179
v -0.417130 2.827838 -10.494579
v -0.408850 2.904507 -10.480279
v -0.464204 2.821749 -10.496035
v -0.464204 2.903402 -10.481188
v -0.464204 2.903402 -10.481188
v -0.464204 2.817589 -10.520936
v -0.464204 2.899242 -10.506089
v -0.464204 2.899242 -10.506089
v -0.432137 2.784772 -10.525574
v -0.432137 2.781206 -10.506456
v -0.464204 2.776585 -10.507562
v -0.464204 2.780151 -10.526678
v -0.438542 2.706353 -10.535055
v -0.438542 2.704515 -10.525202
v -0.464204 2.703971 -10.535625
v -0.464204 2.702134 -10.525771
v -0.426395 2.581072 -10.570767
v -0.426395 2.579234 -10.560914
v -0.464204 2.578690 -10.571337
v -0.464204 2.578690 -10.571337
v -0.464204 2.576852 -10.561483
v -0.464204 2.576852 -10.561483
v -0.511278 2.823678 -10.519481
v -0.519558 2.900347 -10.505179
v -0.511278 2.827838 -10.494579
v -0.519558 2.904507 -10.480279
v -0.496270 2.784772 -10.525574
v -0.496270 2.781206 -10.506456
v -0.489865 2.706353 -10.535055
v -0.489865 2.704515 -10.525202
v -0.502012 2.581072 -10.570767
v -0.502012 2.579234 -10.560914
v -0.529855 2.725505 -10.534831
v -0.529855 2.725505 -10.534831
v -0.529855 2.725505 -10.534831
v -0.533826 2.699233 -10.523295
v -0.500612 2.719735 -10.534831
v -0.500612 2.719735 -10.534831
v -0.515758 2.695668 -10.523295
v -0.472892 2.711544 -10.534831
v -0.472892 2.711544 -10.534831
v -0.498631 2.690607 -10.523295
v -0.447760 2.701248 -10.534831
v -0.447760 2.701248 -10.534831
v -0.483103 2.684246 -10.523295
v -0.426182 2.689242 -10.534831
v -0.426182 2.689242 -10.534831
v -0.469771 2.676828 -10.523295
v -0.408988 2.675988 -10.534831
v -0.408988 2.675988 -10.534831
v -0.459148 2.668639 -10.523295
v -0.396838 2.661995 -10.534831
v -0.396838 2.661995 -10.534831
v -0.451641 2.659993 -10.523295
v -0.390199 2.647800 -10.534831
v -0.390199 2.647800 -10.534831
v -0.447539 2.651223 -10.523295
v -0.389326 2.633950 -10.534831
v -0.389326 2.633950 -10.534831
v -0.446999 2.642666 -10.523295
v -0.394252 2.620976 -10.534831
v -0.394252 2.620976 -10.534831
v -0.450043 2.634650 -10.523295
v -0.404790 2.609377 -10.534831
v -0.404790 2.609377 -10.534831
v -0.456554 2.627484 -10.523295
v -0.420532 2.599600 -10.534831
v -0.420532 2.599600 -10.534831
v -0.466280 2.621443 -10.523295
v -0.440875 2.592018 -10.534831
v -0.440875 2.592018 -10.534831
v -0.478849 2.616758 -10.523295
v -0.465037 2.586925 -10.534831
v -0.465037 2.586925 -10.534831
v -0.493778 2.613611 -10.523295
v -0.492089 2.584515 -10.534831
v -0.492089 2.584515 -10.534831
v -0.510492 2.612123 -10.523295
v -0.520992 2.584881 -10.534831
v -0.520992 2.584881 -10.534831
v -0.528349 2.612349 -10.523295
v -0.550634 2.588010 -10.534831
v -0.550634 2.588010 -10.534831
v -0.546664 2.614282 -10.523295
v -0.579877 2.593780 -10.534831
v -0.579877 2.593780 -10.534831
v -0.564732 2.617847 -10.523295
v -0.607598 2.601971 -10.534831
v -0.607598 2.601971 -10.534831
v -0.581859 2.622908 -10.523295
v -0.632729 2.612267 -10.534831
v -0.632729 2.612267 -10.534831
v -0.597386 2.629269 -10.523295
v -0.654307 2.624273 -10.534831
v -0.654307 2.624273 -10.534831
v -0.610718 2.636687 -10.523295
v -0.671502 2.637527 -10.534831
v -0.671502 2.637527 -10.534831
v -0.621342 2.644876 -10.523295
v -0.683652 2.651520 -10.534831
v -0.683652 2.651520 -10.534831
v -0.628849 2.653522 -10.523295
v -0.690291 2.665715 -10.534831
v -0.690291 2.665715 -10.534831
v -0.632951 2.662292 -10.523295
v -0.691164 2.679565 -10.534831
v -0.691164 2.679565 -10.534831
v -0.633490 2.670849 -10.523295
v -0.686237 2.692539 -10.534831
v -0.686237 2.692539 -10.534831
v -0.630446 2.678865 -10.523295
v -0.675700 2.704138 -10.534831
v -0.675700 2.704138 -10.534831
v -0.623936 2.686031 -10.523295
v -0.659957 2.713915 -10.534831
v -0.659957 2.713915 -10.534831
v -0.614209 2.692072 -10.523295
v -0.639614 2.721497 -10.534831
v -0.639614 2.721497 -10.534831
v -0.601640 2.696757 -10.523295
v -0.615453 2.726590 -10.534831
v -0.615453 2.726590 -10.534831
v -0.586712 2.699903 -10.523295
v -0.588400 2.729000 -10.534831
v -0.588400 2.729000 -10.534831
v -0.569998 2.701393 -10.523295
v -0.559498 2.728634 -10.534831
v -0.559498 2.728634 -10.534831
v -0.552140 2.701166 -10.523295
v -0.500612 2.719735 -10.509982
v -0.500612 2.719735 -10.509982
v -0.529855 2.725505 -10.509982
v -0.529855 2.725505 -10.509982
v -0.529855 2.725505 -10.509982
v -0.472892 2.711544 -10.509982
v -0.472892 2.711544 -10.509982
v -0.447760 2.701248 -10.509982
v -0.447760 2.701248 -10.509982
v -0.426182 2.689242 -10.509982
v -0.426182 2.689242 -10.509982
v -0.408988 2.675988 -10.509982
v -0.408988 2.675988 -10.509982
v -0.396838 2.661995 -10.509982
v -0.396838 2.661995 -10.509982
v -0.390199 2.647800 -10.509982
v -0.390199 2.647800 -10.509982
v -0.389326 2.633950 -10.509982
v -0.389326 2.633950 -10.509982
v -0.394252 2.620976 -10.509982
v -0.394252 2.620976 -10.509982
v -0.404790 2.609377 -10.509982
v -0.404790 2.609377 -10.509982
v -0.420532 2.599600 -10.509982
v -0.420532 2.599600 -10.509982
v -0.440875 2.592018 -10.509982
v -0.440875 2.592018 -10.509982
v -0.465037 2.586925 -10.509982
v -0.465037 2.586925 -10.509982
v -0.492089 2.584515 -10.509982
v -0.492089 2.584515 -10.509982
v -0.520992 2.584881 -10.509982
v -0.520992 2.584881 -10.509982
v -0.550634 2.588010 -10.509982
v -0.550634 2.588010 -10.509982
v -0.579877 2.593780 -10.509982
v -0.579877 2.593780 -10.509982
v -0.607598 2.601971 -10.509982
v -0.607598 2.601971 -10.509982
v -0.632729 2.612267 -10.509982
v -0.632729 2.612267 -10.509982
v -0.654307 2.624273 -10.509982
v -0.654307 2.624273 -10.509982
v -0.671502 2.637527 -10.509982
v -0.671502 2.637527 -10.509982
v -0.683652 2.651520 -10.509982
v -0.683652 2.651520 -10.509982
v -0.690291 2.665715 -10.509982
v -0.690291 2.665715 -10.509982
v -0.691164 2.679565 -10.509982
v -0.691164 2.679565 -10.509982
v -0.686237 2.692539 -10.509982
v -0.686237 2.692539 -10.509982
v -0.675700 2.704137 -10.509982
v -0.675700 2.704137 -10.509982
v -0.659957 2.713915 -10.509982
v -0.659957 2.713915 -10.509982
v -0.639614 2.721497 -10.509982
v -0.639614 2.721497 -10.509982
v -0.615453 2.726590 -10.509982
v -0.615453 2.726590 -10.509982
v -0.588400 2.729000 -10.509982
v -0.588400 2.729000 -10.509982
v -0.559498 2.728634 -10.509982
v -0.559498 2.728634 -10.509982
v -0.505963 2.711232 -10.515424
v -0.531258 2.716223 -10.515424
v -0.481986 2.704147 -10.515424
v -0.460247 2.695241 -10.515424
v -0.441583 2.684856 -10.515424
v -0.426710 2.673391 -10.515424
v -0.416200 2.661288 -10.515424
v -0.410457 2.649009 -10.515424
v -0.409702 2.637029 -10.515424
v -0.413964 2.625807 -10.515424
v -0.423078 2.615775 -10.515424
v -0.436695 2.607317 -10.515424
v -0.454292 2.600759 -10.515424
v -0.475191 2.596353 -10.515424
v -0.498591 2.594269 -10.515424
v -0.523591 2.594586 -10.515424
v -0.549231 2.597292 -10.515424
v -0.574526 2.602283 -10.515424
v -0.598504 2.609368 -10.515424
v -0.620242 2.618274 -10.515424
v -0.638907 2.628659 -10.515424
v -0.653780 2.640123 -10.515424
v -0.664289 2.652227 -10.515424
v -0.670032 2.664505 -10.515424
v -0.670787 2.676486 -10.515424
v -0.666526 2.687708 -10.515424
v -0.657411 2.697740 -10.515424
v -0.643794 2.706198 -10.515424
v -0.626198 2.712756 -10.515424
v -0.605298 2.717162 -10.515424
v -0.581899 2.719246 -10.515424
v -0.556898 2.718929 -10.515424
v -0.504993 4.022619 -10.621739
v -0.504993 4.022619 -10.621739
v -0.504993 4.022619 -10.621739
v -0.416854 4.022618 -10.624745
v -0.416854 4.022618 -10.624745
v -0.416854 4.022618 -10.624745
v -0.416854 4.022618 -10.624745
v -0.504993 4.021134 -10.621593
v -0.504993 4.021134 -10.621593
v -0.504993 4.021134 -10.621593
v -0.416854 4.020548 -10.624541
v -0.416854 4.020548 -10.624541
v -0.416854 4.020548 -10.624541
v -0.416854 4.020548 -10.624541
v -0.504993 4.019707 -10.621161
v -0.504993 4.019707 -10.621161
v -0.504993 4.019707 -10.621161
v -0.416854 4.018557 -10.623938
v -0.416854 4.018557 -10.623938
v -0.416854 4.018557 -10.623938
v -0.416854 4.018557 -10.623938
v -0.504993 4.018392 -10.620457
v -0.504993 4.018392 -10.620457
v -0.504993 4.018392 -10.620457
v -0.416854 4.016722 -10.622956
v -0.416854 4.016722 -10.622956
v -0.416854 4.016722 -10.622956
v -0.416854 4.016722 -10.622956
v -0.504993 4.017239 -10.619511
v -0.504993 4.017239 -10.619511
v -0.504993 4.017239 -10.619511
v -0.416854 4.015113 -10.621636
v -0.416854 4.015113 -10.621636
v -0.416854 4.015113 -10.621636
v -0.416854 4.015113 -10.621636
v -0.504993 4.016293 -10.618358
v -0.504993 4.016293 -10.618358
v -0.504993 4.016293 -10.618358
v -0.416854 4.013793 -10.620028
v -0.416854 4.013793 -10.620028
v -0.416854 4.013793 -10.620028
v -0.416854 4.013793 -10.620028
v -0.504993 4.015590 -10.617043
v -0.504993 4.015590 -10.617043
v -0.504993 4.015590 -10.617043
v -0.416854 4.012813 -10.618193
v -0.416854 4.012813 -10.618193
v -0.416854 4.012813 -10.618193
v -0.416854 4.012813 -10.618193
v -0.504993 4.015157 -10.615616
v -0.504993 4.015157 -10.615616
v -0.504993 4.015157 -10.615616
v -0.416854 4.012209 -10.616202
v -0.416854 4.012209 -10.616202
v -0.416854 4.012209 -10.616202
v -0.416854 4.012209 -10.616202
v -0.504993 4.015011 -10.614132
v -0.504993 4.015011 -10.614132
v -0.504993 4.015011 -10.614132
v -0.416854 4.012005 -10.614132
v -0.416854 4.012005 -10.614132
v -0.416854 4.012005 -10.614132
v -0.416854 4.012005 -10.614132
v -0.504993 4.015157 -10.612647
v -0.504993 4.015157 -10.612647
v -0.504993 4.015157 -10.612647
v -0.416854 4.012209 -10.612061
v -0.416854 4.012209 -10.612061
v -0.416854 4.012209 -10.612061
v -0.416854 4.012209 -10.612061
v -0.504993 4.015590 -10.611220
v -0.504993 4.015590 -10.611220
v -0.504993 4.015590 -10.611220
v -0.416854 4.012813 -10.610070
v -0.416854 4.012813 -10.610070
v -0.416854 4.012813 -10.610070
v -0.416854 4.012813 -10.610070
v -0.504993 4.016293 -10.609905
v -0.504993 4.016293 -10.609905
v -0.504993 4.016293 -10.609905
v -0.416854 4.013793 -10.608234
v -0.416854 4.013793 -10.608234
v -0.416854 4.013793 -10.608234
v -0.416854 4.013793 -10.608234
v -0.504993 4.017239 -10.608752
v -0.504993 4.017239 -10.608752
v -0.504993 4.017239 -10.608752
v -0.416854 4.015113 -10.606627
v -0.416854 4.015113 -10.606627
v -0.416854 4.015113 -10.606627
v -0.416854 4.015113 -10.606627
v -0.504993 4.018392 -10.607806
v -0.504993 4.018392 -10.607806
v -0.504993 4.018392 -10.607806
v -0.416854 4.016722 -10.605307
v -0.416854 4.016722 -10.605307
v -0.416854 4.016722 -10.605307
v -0.416854 4.016722 -10.605307
v -0.504993 4.019707 -10.607103
v -0.504993 4.019707 -10.607103
v -0.504993 4.019707 -10.607103
v -0.416854 4.018557 -10.604325
v -0.416854 4.018557 -10.604325
v -0.416854 4.018557 -10.604325
v -0.416854 4.018557 -10.604325
v -0.504993 4.021134 -10.606670
v -0.504993 4.021134 -10.606670
v -0.504993 4.021134 -10.606670
v -0.416854 4.020548 -10.603722
v -0.416854 4.020548 -10.603722
v -0.416854 4.020548 -10.603722
v -0.416854 4.020548 -10.603722
v -0.504993 4.022618 -10.606524
v -0.504993 4.022618 -10.606524
v -0.504993 4.022618 -10.606524
v -0.416854 4.022618 -10.603518
v -0.416854 4.022618 -10.603518
v -0.416854 4.022618 -10.603518
v -0.416854 4.022618 -10.603518
v -0.504993 4.024103 -10.606670
v -0.504993 4.024103 -10.606670
v -0.504993 4.024103 -10.606670
v -0.416854 4.024689 -10.603722
v -0.416854 4.024689 -10.603722
v -0.416854 4.024689 -10.603722
v -0.416854 4.024689 -10.603722
v -0.504993 4.025530 -10.607103
v -0.504993 4.025530 -10.607103
v -0.504993 4.025530 -10.607103
v -0.416854 4.026680 -10.604325
v -0.416854 4.026680 -10.604325
v -0.416854 4.026680 -10.604325
v -0.416854 4.026680 -10.604325
v -0.504993 4.026845 -10.607806
v -0.504993 4.026845 -10.607806
v -0.504993 4.026845 -10.607806
v -0.416854 4.028515 -10.605307
v -0.416854 4.028515 -10.605307
v -0.416854 4.028515 -10.605307
v -0.416854 4.028515 -10.605307
v -0.504993 4.027998 -10.608752
v -0.504993 4.027998 -10.608752
v -0.504993 4.027998 -10.608752
v -0.416854 4.030124 -10.606627
v -0.416854 4.030124 -10.606627
v -0.416854 4.030124 -10.606627
v -0.416854 4.030124 -10.606627
v -0.504993 4.028944 -10.609905
v -0.504993 4.028944 -10.609905
v -0.504993 4.028944 -10.609905
v -0.416854 4.031444 -10.608234
v -0.416854 4.031444 -10.608234
v -0.416854 4.031444 -10.608234
v -0.416854 4.031444 -10.608234
v -0.504993 4.029647 -10.611220
v -0.504993 4.029647 -10.611220
v -0.504993 4.029647 -10.611220
v -0.416854 4.032424 -10.610070
v -0.416854 4.032424 -10.610070
v -0.416854 4.032424 -10.610070
v -0.416854 4.032424 -10.610070
v -0.504993 4.030080 -10.612647
v -0.504993 4.030080 -10.612647
v -0.504993 4.030080 -10.612647
v -0.416854 4.033028 -10.612061
v -0.416854 4.033028 -10.612061
v -0.416854 4.033028 -10.612061
v -0.416854 4.033028 -10.612061
v -0.504993 4.030226 -10.614132
v -0.504993 4.030226 -10.614132
v -0.504993 4.030226 -10.614132
v -0.416854 4.033232 -10.614132
v -0.416854 4.033232 -10.614132
v -0.416854 4.033232 -10.614132
v -0.416854 4.033232 -10.614132
v -0.504993 4.030080 -10.615616
v -0.504993 4.030080 -10.615616
v -0.504993 4.030080 -10.615616
v -0.416854 4.033028 -10.616202
v -0.416854 4.033028 -10.616202
v -0.416854 4.033028 -10.616202
v -0.416854 4.033028 -10.616202
v -0.504993 4.029647 -10.617043
v -0.504993 4.029647 -10.617043
v -0.504993 4.029647 -10.617043
v -0.416854 4.032424 -10.618193
v -0.416854 4.032424 -10.618193
v -0.416854 4.032424 -10.618193
v -0.416854 4.032424 -10.618193
v -0.504993 4.028944 -10.618358
v -0.504993 4.028944 -10.618358
v -0.504993 4.028944 -10.618358
v -0.416854 4.031444 -10.620028
v -0.416854 4.031444 -10.620028
v -0.416854 4.031444 -10.620028
v -0.416854 4.031444 -10.620028
v -0.504993 4.027998 -10.619511
v -0.504993 4.027998 -10.619511
v -0.504993 4.027998 -10.619511
v -0.416854 4.030124 -10.621636
v -0.416854 4.030124 -10.621636
v -0.416854 4.030124 -10.621636
v -0.416854 4.030124 -10.621636
v -0.504993 4.026845 -10.620457
v -0.504993 4.026845 -10.620457
v -0.504993 4.026845 -10.620457
v -0.416854 4.028515 -10.622956
v -0.416854 4.028515 -10.622956
v -0.416854 4.028515 -10.622956
v -0.416854 4.028515 -10.622956
v -0.504993 4.025530 -10.621161
v -0.504993 4.025530 -10.621161
v -0.504993 4.025530 -10.621161
v -0.416854 4.026680 -10.623938
v -0.416854 4.026680 -10.623938
v -0.416854 4.026680 -10.623938
v -0.416854 4.026680 -10.623938
v -0.504993 4.024103 -10.621593
v -0.504993 4.024103 -10.621593
v -0.504993 4.024103 -10.621593
v -0.416854 4.024689 -10.624541
v -0.416854 4.024689 -10.624541
v -0.416854 4.024689 -10.624541
v -0.416854 4.024689 -10.624541
v -0.402567 4.022618 -10.628465
v -0.402567 4.022618 -10.628465
v -0.402567 4.022618 -10.628465
v -0.402567 4.022618 -10.628465
v -0.402567 4.019822 -10.628190
v -0.402567 4.019822 -10.628190
v -0.402567 4.019822 -10.628190
v -0.402567 4.019822 -10.628190
v -0.402567 4.017133 -10.627374
v -0.402567 4.017133 -10.627374
v -0.402567 4.017133 -10.627374
v -0.402567 4.017133 -10.627374
v -0.402567 4.014655 -10.626049
v -0.402567 4.014655 -10.626049
v -0.402567 4.014655 -10.626049
v -0.402567 4.014655 -10.626049
v -0.402567 4.012483 -10.624267
v -0.402567 4.012483 -10.624267
v -0.402567 4.012483 -10.624267
v -0.402567 4.012483 -10.624267
v -0.402567 4.010701 -10.622095
v -0.402567 4.010701 -10.622095
v -0.402567 4.010701 -10.622095
v -0.402567 4.010701 -10.622095
v -0.402567 4.009376 -10.619617
v -0.402567 4.009376 -10.619617
v -0.402567 4.009376 -10.619617
v -0.402567 4.009376 -10.619617
v -0.402567 4.008560 -10.616928
v -0.402567 4.008560 -10.616928
v -0.402567 4.008560 -10.616928
v -0.402567 4.008560 -10.616928
v -0.402567 4.008285 -10.614132
v -0.402567 4.008285 -10.614132
v -0.402567 4.008285 -10.614132
v -0.402567 4.008285 -10.614132
v -0.402567 4.008560 -10.611335
v -0.402567 4.008560 -10.611335
v -0.402567 4.008560 -10.611335
v -0.402567 4.008560 -10.611335
v -0.402567 4.009376 -10.608646
v -0.402567 4.009376 -10.608646
v -0.402567 4.009376 -10.608646
v -0.402567 4.009376 -10.608646
v -0.402567 4.010701 -10.606168
v -0.402567 4.010701 -10.606168
v -0.402567 4.010701 -10.606168
v -0.402567 4.010701 -10.606168
v -0.402567 4.012483 -10.603996
v -0.402567 4.012483 -10.603996
v -0.402567 4.012483 -10.603996
v -0.402567 4.012483 -10.603996
v -0.402567 4.014655 -10.602214
v -0.402567 4.014655 -10.602214
v -0.402567 4.014655 -10.602214
v -0.402567 4.014655 -10.602214
v -0.402567 4.017133 -10.600889
v -0.402567 4.017133 -10.600889
v -0.402567 4.017133 -10.600889
v -0.402567 4.017133 -10.600889
v -0.402567 4.019822 -10.600073
v -0.402567 4.019822 -10.600073
v -0.402567 4.019822 -10.600073
v -0.402567 4.019822 -10.600073
v -0.402567 4.022618 -10.599798
v -0.402567 4.022618 -10.599798
v -0.402567 4.022618 -10.599798
v -0.402567 4.022618 -10.599798
v -0.402567 4.025415 -10.600073
v -0.402567 4.025415 -10.600073
v -0.402567 4.025415 -10.600073
v -0.402567 4.025415 -10.600073
v -0.402567 4.028104 -10.600889
v -0.402567 4.028104 -10.600889
v -0.402567 4.028104 -10.600889
v -0.402567 4.028104 -10.600889
v -0.402567 4.030582 -10.602214
v -0.402567 4.030582 -10.602214
v -0.402567 4.030582 -10.602214
v -0.402567 4.030582 -10.602214
v -0.402567 4.032754 -10.603996
v -0.402567 4.032754 -10.603996
v -0.402567 4.032754 -10.603996
v -0.402567 4.032754 -10.603996
v -0.402567 4.034536 -10.606168
v -0.402567 4.034536 -10.606168
v -0.402567 4.034536 -10.606168
v -0.402567 4.034536 -10.606168
v -0.402567 4.035861 -10.608646
v -0.402567 4.035861 -10.608646
v -0.402567 4.035861 -10.608646
v -0.402567 4.035861 -10.608646
v -0.402567 4.036677 -10.611335
v -0.402567 4.036677 -10.611335
v -0.402567 4.036677 -10.611335
v -0.402567 4.036677 -10.611335
v -0.402567 4.036952 -10.614132
v -0.402567 4.036952 -10.614132
v -0.402567 4.036952 -10.614132
v -0.402567 4.036952 -10.614132
v -0.402567 4.036677 -10.616928
v -0.402567 4.036677 -10.616928
v -0.402567 4.036677 -10.616928
v -0.402567 4.036677 -10.616928
v -0.402567 4.035861 -10.619617
v -0.402567 4.035861 -10.619617
v -0.402567 4.035861 -10.619617
v -0.402567 4.035861 -10.619617
v -0.402567 4.034536 -10.622095
v -0.402567 4.034536 -10.622095
v -0.402567 4.034536 -10.622095
v -0.402567 4.034536 -10.622095
v -0.402567 4.032754 -10.624267
v -0.402567 4.032754 -10.624267
v -0.402567 4.032754 -10.624267
v -0.402567 4.032754 -10.624267
v -0.402567 4.030582 -10.626049
v -0.402567 4.030582 -10.626049
v -0.402567 4.030582 -10.626049
v -0.402567 4.030582 -10.626049
v -0.402567 4.028104 -10.627374
v -0.402567 4.028104 -10.627374
v -0.402567 4.028104 -10.627374
v -0.402567 4.028104 -10.627374
v -0.402567 4.025415 -10.628190
v -0.402567 4.025415 -10.628190
v -0.402567 4.025415 -10.628190
v -0.402567 4.025415 -10.628190
v -0.392595 4.022618 -10.618903
v -0.392595 4.022618 -10.618903
v -0.392595 4.022618 -10.618903
v -0.392595 4.022618 -10.618903
v -0.392595 4.017791 -10.618812
v -0.392595 4.017791 -10.618812
v -0.392595 4.017791 -10.618812
v -0.392595 4.017791 -10.618812
v -0.392595 4.013148 -10.618540
v -0.392595 4.013148 -10.618540
v -0.392595 4.013148 -10.618540
v -0.392595 4.013148 -10.618540
v -0.392595 4.008870 -10.618099
v -0.392595 4.008870 -10.618099
v -0.392595 4.008870 -10.618099
v -0.392595 4.008870 -10.618099
v -0.392595 4.005119 -10.617506
v -0.392595 4.005119 -10.617506
v -0.392595 4.005119 -10.617506
v -0.392595 4.005119 -10.617506
v -0.392595 4.002042 -10.616782
v -0.392595 4.002042 -10.616782
v -0.392595 4.002042 -10.616782
v -0.392595 4.002042 -10.616782
v -0.392595 3.999755 -10.615957
v -0.392595 3.999755 -10.615957
v -0.392595 3.999755 -10.615957
v -0.392595 3.999755 -10.615957
v -0.392595 3.998347 -10.615063
v -0.392595 3.998347 -10.615063
v -0.392595 3.998347 -10.615063
v -0.392595 3.998347 -10.615063
v -0.392595 3.997871 -10.614132
v -0.392595 3.997871 -10.614132
v -0.392595 3.997871 -10.614132
v -0.392595 3.997871 -10.614132
v -0.392595 3.998347 -10.613200
v -0.392595 3.998347 -10.613200
v -0.392595 3.998347 -10.613200
v -0.392595 3.998347 -10.613200
v -0.392595 3.999755 -10.612306
v -0.392595 3.999755 -10.612306
v -0.392595 3.999755 -10.612306
v -0.392595 3.999755 -10.612306
v -0.392595 4.002042 -10.611481
v -0.392595 4.002042 -10.611481
v -0.392595 4.002042 -10.611481
v -0.392595 4.002042 -10.611481
v -0.392595 4.005119 -10.610757
v -0.392595 4.005119 -10.610757
v -0.392595 4.005119 -10.610757
v -0.392595 4.005119 -10.610757
v -0.392595 4.008870 -10.610164
v -0.392595 4.008870 -10.610164
v -0.392595 4.008870 -10.610164
v -0.392595 4.008870 -10.610164
v -0.392595 4.013148 -10.609723
v -0.392595 4.013148 -10.609723
v -0.392595 4.013148 -10.609723
v -0.392595 4.013148 -10.609723
v -0.392595 4.017791 -10.609451
v -0.392595 4.017791 -10.609451
v -0.392595 4.017791 -10.609451
v -0.392595 4.017791 -10.609451
v -0.392595 4.022618 -10.609360
v -0.392595 4.022618 -10.609360
v -0.392595 4.022618 -10.609360
v -0.392595 4.022618 -10.609360
v -0.392595 4.027446 -10.609451
v -0.392595 4.027446 -10.609451
v -0.392595 4.027446 -10.609451
v -0.392595 4.027446 -10.609451
v -0.392595 4.032089 -10.609723
v -0.392595 4.032089 -10.609723
v -0.392595 4.032089 -10.609723
v -0.392595 4.032089 -10.609723
v -0.392595 4.036367 -10.610164
v -0.392595 4.036367 -10.610164
v -0.392595 4.036367 -10.610164
v -0.392595 4.036367 -10.610164
v -0.392595 4.040118 -10.610757
v -0.392595 4.040118 -10.610757
v -0.392595 4.040118 -10.610757
v -0.392595 4.040118 -10.610757
v -0.392595 4.043195 -10.611481
v -0.392595 4.043195 -10.611481
v -0.392595 4.043195 -10.611481
v -0.392595 4.043195 -10.611481
v -0.392595 4.045482 -10.612306
v -0.392595 4.045482 -10.612306
v -0.392595 4.045482 -10.612306
v -0.392595 4.045482 -10.612306
v -0.392595 4.046890 -10.613200
v -0.392595 4.046890 -10.613200
v -0.392595 4.046890 -10.613200
v -0.392595 4.046890 -10.613200
v -0.392595 4.047366 -10.614132
v -0.392595 4.047366 -10.614132
v -0.392595 4.047366 -10.614132
v -0.392595 4.047366 -10.614132
v -0.392595 4.046890 -10.615063
v -0.392595 4.046890 -10.615063
v -0.392595 4.046890 -10.615063
v -0.392595 4.046890 -10.615063
v -0.392595 4.045482 -10.615957
v -0.392595 4.045482 -10.615957
v -0.392595 4.045482 -10.615957
v -0.392595 4.045482 -10.615957
v -0.392595 4.043195 -10.616782
v -0.392595 4.043195 -10.616782
v -0.392595 4.043195 -10.616782
v -0.392595 4.043195 -10.616782
v -0.392595 4.040118 -10.617506
v -0.392595 4.040118 -10.617506
v -0.392595 4.040118 -10.617506
v -0.392595 4.040118 -10.617506
v -0.392595 4.036367 -10.618099
v -0.392595 4.036367 -10.618099
v -0.392595 4.036367 -10.618099
v -0.392595 4.036367 -10.618099
v -0.392595 4.032089 -10.618540
v -0.392595 4.032089 -10.618540
v -0.392595 4.032089 -10.618540
v -0.392595 4.032089 -10.618540
v -0.392595 4.027447 -10.618812
v -0.392595 4.027447 -10.618812
v -0.392595 4.027447 -10.618812
v -0.392595 4.027447 -10.618812
v -0.365166 4.022618 -10.618903
v -0.365166 4.022618 -10.618903
v -0.365166 4.022618 -10.618903
v -0.365166 4.022618 -10.618903
v -0.365166 4.017791 -10.618812
v -0.365166 4.017791 -10.618812
v -0.365166 4.017791 -10.618812
v -0.365166 4.017791 -10.618812
v -0.365166 4.013148 -10.618540
v -0.365166 4.013148 -10.618540
v -0.365166 4.013148 -10.618540
v -0.365166 4.013148 -10.618540
v -0.365166 4.008870 -10.618099
v -0.365166 4.008870 -10.618099
v -0.365166 4.008870 -10.618099
v -0.365166 4.008870 -10.618099
v -0.365166 4.005119 -10.617506
v -0.365166 4.005119 -10.617506
v -0.365166 4.005119 -10.617506
v -0.365166 4.005119 -10.617506
v -0.365166 4.002042 -10.616782
v -0.365166 4.002042 -10.616782
v -0.365166 4.002042 -10.616782
v -0.365166 4.002042 -10.616782
v -0.365166 3.999755 -10.615957
v -0.365166 3.999755 -10.615957
v -0.365166 3.999755 -10.615957
v -0.365166 3.999755 -10.615957
v -0.365166 3.998347 -10.615063
v -0.365166 3.998347 -10.615063
v -0.365166 3.998347 -10.615063
v -0.365166 3.998347 -10.615063
v -0.365166 3.997871 -10.614132
v -0.365166 3.997871 -10.614132
v -0.365166 3.997871 -10.614132
v -0.365166 3.997871 -10.614132
v -0.365166 3.998347 -10.613200
v -0.365166 3.998347 -10.613200
v -0.365166 3.998347 -10.613200
v -0.365166 3.998347 -10.613200
v -0.365166 3.999755 -10.612306
v -0.365166 3.999755 -10.612306
v -0.365166 3.999755 -10.612306
v -0.365166 3.999755 -10.612306
v -0.365166 4.002042 -10.611481
v -0.365166 4.002042 -10.611481
v -0.365166 4.002042 -10.611481
v -0.365166 4.002042 -10.611481
v -0.365166 4.005119 -10.610757
v -0.365166 4.005119 -10.610757
v -0.365166 4.005119 -10.610757
v -0.365166 4.005119 -10.610757
v -0.365166 4.008870 -10.610164
v -0.365166 4.008870 -10.610164
v -0.365166 4.008870 -10.610164
v -0.365166 4.008870 -10.610164
v -0.365166 4.013148 -10.609723
v -0.365166 4.013148 -10.609723
v -0.365166 4.013148 -10.609723
v -0.365166 4.013148 -10.609723
v -0.365166 4.017791 -10.609451
v -0.365166 4.017791 -10.609451
v -0.365166 4.017791 -10.609451
v -0.365166 4.017791 -10.609451
v -0.365166 4.022619 -10.609360
v -0.365166 4.022619 -10.609360
v -0.365166 4.022619 -10.609360
v -0.365166 4.022619 -10.609360
v -0.365166 4.027447 -10.609451
v -0.365166 4.027447 -10.609451
v -0.365166 4.027447 -10.609451
v -0.365166 4.027447 -10.609451
v -0.365166 4.032089 -10.609723
v -0.365166 4.032089 -10.609723
v -0.365166 4.032089 -10.609723
v -0.365166 4.032089 -10.609723
v -0.365166 4.036367 -10.610164
v -0.365166 4.036367 -10.610164
v -0.365166 4.036367 -10.610164
v -0.365166 4.036367 -10.610164
v -0.365166 4.040118 -10.610757
v -0.365166 4.040118 -10.610757
v -0.365166 4.040118 -10.610757
v -0.365166 4.040118 -10.610757
v -0.365166 4.043195 -10.611481
v -0.365166 4.043195 -10.611481
v -0.365166 4.043195 -10.611481
v -0.365166 4.043195 -10.611481
v -0.365166 4.045482 -10.612306
v -0.365166 4.045482 -10.612306
v -0.365166 4.045482 -10.612306
v -0.365166 4.045482 -10.612306
v -0.365166 4.046890 -10.613200
v -0.365166 4.046890 -10.613200
v -0.365166 4.046890 -10.613200
v -0.365166 4.046890 -10.613200
v -0.365166 4.047366 -10.614132
v -0.365166 4.047366 -10.614132
v -0.365166 4.047366 -10.614132
v -0.365166 4.047366 -10.614132
v -0.365166 4.046890 -10.615063
v -0.365166 4.046890 -10.615063
v -0.365166 4.046890 -10.615063
v -0.365166 4.046890 -10.615063
v -0.365166 4.045482 -10.615957
v -0.365166 4.045482 -10.615957
v -0.365166 4.045482 -10.615957
v -0.365166 4.045482 -10.615957
v -0.365166 4.043195 -10.616782
v -0.365166 4.043195 -10.616782
v -0.365166 4.043195 -10.616782
v -0.365166 4.043195 -10.616782
v -0.365166 4.040118 -10.617506
v -0.365166 4.040118 -10.617506
v -0.365166 4.040118 -10.617506
v -0.365166 4.040118 -10.617506
v -0.365166 4.036367 -10.618099
v -0.365166 4.036367 -10.618099
v -0.365166 4.036367 -10.618099
v -0.365166 4.036367 -10.618099
v -0.365166 4.032089 -10.618540
v -0.365166 4.032089 -10.618540
v -0.365166 4.032089 -10.618540
v -0.365166 4.032089 -10.618540
v -0.365166 4.027447 -10.618812
v -0.365166 4.027447 -10.618812
v -0.365166 4.027447 -10.618812
v -0.365166 4.027447 -10.618812
v -0.348868 4.019287 -10.617361
v -0.348868 4.019287 -10.617361
v -0.348868 4.019287 -10.617361
v -0.348868 4.022618 -10.617425
v -0.348868 4.022618 -10.617425
v -0.348868 4.022618 -10.617425
v -0.348868 4.016083 -10.617174
v -0.348868 4.016083 -10.617174
v -0.348868 4.016083 -10.617174
v -0.348868 4.013130 -10.616870
v -0.348868 4.013130 -10.616870
v -0.348868 4.013130 -10.616870
v -0.348868 4.010542 -10.616460
v -0.348868 4.010542 -10.616460
v -0.348868 4.010542 -10.616460
v -0.348868 4.008418 -10.615961
v -0.348868 4.008418 -10.615961
v -0.348868 4.008418 -10.615961
v -0.348868 4.006840 -10.615392
v -0.348868 4.006840 -10.615392
v -0.348868 4.006840 -10.615392
v -0.348868 4.005867 -10.614774
v -0.348868 4.005867 -10.614774
v -0.348868 4.005867 -10.614774
v -0.348868 4.005539 -10.614132
v -0.348868 4.005539 -10.614132
v -0.348868 4.005539 -10.614132
v -0.348868 4.005867 -10.613489
v -0.348868 4.005867 -10.613489
v -0.348868 4.005867 -10.613489
v -0.348868 4.006839 -10.612871
v -0.348868 4.006839 -10.612871
v -0.348868 4.006839 -10.612871
v -0.348868 4.008418 -10.612302
v -0.348868 4.008418 -10.612302
v -0.348868 4.008418 -10.612302
v -0.348868 4.010542 -10.611803
v -0.348868 4.010542 -10.611803
v -0.348868 4.010542 -10.611803
v -0.348868 4.013130 -10.611393
v -0.348868 4.013130 -10.611393
v -0.348868 4.013130 -10.611393
v -0.348868 4.016083 -10.611089
v -0.348868 4.016083 -10.611089
v -0.348868 4.016083 -10.611089
v -0.348868 4.019287 -10.610902
v -0.348868 4.019287 -10.610902
v -0.348868 4.019287 -10.610902
v -0.348868 4.022619 -10.610838
v -0.348868 4.022619 -10.610838
v -0.348868 4.022619 -10.610838
v -0.348868 4.025950 -10.610902
v -0.348868 4.025950 -10.610902
v -0.348868 4.025950 -10.610902
v -0.348868 4.029154 -10.611089
v -0.348868 4.029154 -10.611089
v -0.348868 4.029154 -10.611089
v -0.348868 4.032107 -10.611393
v -0.348868 4.032107 -10.611393
v -0.348868 4.032107 -10.611393
v -0.348868 4.034695 -10.611803
v -0.348868 4.034695 -10.611803
v -0.348868 4.034695 -10.611803
v -0.348868 4.036819 -10.612302
v -0.348868 4.036819 -10.612302
v -0.348868 4.036819 -10.612302
v -0.348868 4.038398 -10.612871
v -0.348868 4.038398 -10.612871
v -0.348868 4.038398 -10.612871
v -0.348868 4.039370 -10.613489
v -0.348868 4.039370 -10.613489
v -0.348868 4.039370 -10.613489
v -0.348868 4.039698 -10.614132
v -0.348868 4.039698 -10.614132
v -0.348868 4.039698 -10.614132
v -0.348868 4.039370 -10.614774
v -0.348868 4.039370 -10.614774
v -0.348868 4.039370 -10.614774
v -0.348868 4.038398 -10.615392
v -0.348868 4.038398 -10.615392
v -0.348868 4.038398 -10.615392
v -0.348868 4.036819 -10.615961
v -0.348868 4.036819 -10.615961
v -0.348868 4.036819 -10.615961
v -0.348868 4.034695 -10.616460
v -0.348868 4.034695 -10.616460
v -0.348868 4.034695 -10.616460
v -0.348868 4.032107 -10.616870
v -0.348868 4.032107 -10.616870
v -0.348868 4.032107 -10.616870
v -0.348868 4.029154 -10.617174
v -0.348868 4.029154 -10.617174
v -0.348868 4.029154 -10.617174
v -0.348868 4.025950 -10.617361
v -0.348868 4.025950 -10.617361
v -0.348868 4.025950 -10.617361
v -0.504993 4.098200 -10.653358
v -0.504993 4.098200 -10.653358
v -0.504993 4.098200 -10.653358
v -0.416854 4.100154 -10.655643
v -0.416854 4.100154 -10.655643
v -0.416854 4.100154 -10.655643
v -0.416854 4.100154 -10.655643
v -0.504993 4.096977 -10.654212
v -0.504993 4.096977 -10.654212
v -0.504993 4.096977 -10.654212
v -0.416854 4.098448 -10.656834
v -0.416854 4.098448 -10.656834
v -0.416854 4.098448 -10.656834
v -0.416854 4.098448 -10.656834
v -0.504993 4.095611 -10.654811
v -0.504993 4.095611 -10.654811
v -0.504993 4.095611 -10.654811
v -0.416854 4.096542 -10.657669
v -0.416854 4.096542 -10.657669
v -0.416854 4.096542 -10.657669
v -0.416854 4.096542 -10.657669
v -0.504993 4.094155 -10.655131
v -0.504993 4.094155 -10.655131
v -0.504993 4.094155 -10.655131
v -0.416854 4.094510 -10.658116
v -0.416854 4.094510 -10.658116
v -0.416854 4.094510 -10.658116
v -0.416854 4.094510 -10.658116
v -0.504993 4.092664 -10.655162
v -0.504993 4.092664 -10.655162
v -0.504993 4.092664 -10.655162
v -0.416854 4.092430 -10.658159
v -0.416854 4.092430 -10.658159
v -0.416854 4.092430 -10.658159
v -0.416854 4.092430 -10.658159
v -0.504993 4.091195 -10.654901
v -0.504993 4.091195 -10.654901
v -0.504993 4.091195 -10.654901
v -0.416854 4.090382 -10.657795
v -0.416854 4.090382 -10.657795
v -0.416854 4.090382 -10.657795
v -0.416854 4.090382 -10.657795
v -0.504993 4.089806 -10.654359
v -0.504993 4.089806 -10.654359
v -0.504993 4.089806 -10.654359
v -0.416854 4.088443 -10.657038
v -0.416854 4.088443 -10.657038
v -0.416854 4.088443 -10.657038
v -0.416854 4.088443 -10.657038
v -0.504993 4.088550 -10.653556
v -0.504993 4.088550 -10.653556
v -0.504993 4.088550 -10.653556
v -0.416854 4.086690 -10.655917
v -0.416854 4.086690 -10.655917
v -0.416854 4.086690 -10.655917
v -0.416854 4.086690 -10.655917
v -0.504993 4.087473 -10.652523
v -0.504993 4.087473 -10.652523
v -0.504993 4.087473 -10.652523
v -0.416854 4.085189 -10.654477
v -0.416854 4.085189 -10.654477
v -0.416854 4.085189 -10.654477
v -0.416854 4.085189 -10.654477
v -0.504993 4.086620 -10.651299
v -0.504993 4.086620 -10.651299
v -0.504993 4.086620 -10.651299
v -0.416854 4.083998 -10.652771
v -0.416854 4.083998 -10.652771
v -0.416854 4.083998 -10.652771
v -0.416854 4.083998 -10.652771
v -0.504993 4.086021 -10.649934
v -0.504993 4.086021 -10.649934
v -0.504993 4.086021 -10.649934
v -0.416854 4.083163 -10.650865
v -0.416854 4.083163 -10.650865
v -0.416854 4.083163 -10.650865
v -0.416854 4.083163 -10.650865
v -0.504993 4.085701 -10.648478
v -0.504993 4.085701 -10.648478
v -0.504993 4.085701 -10.648478
v -0.416854 4.082716 -10.648833
v -0.416854 4.082716 -10.648833
v -0.416854 4.082716 -10.648833
v -0.416854 4.082716 -10.648833
v -0.504993 4.085670 -10.646986
v -0.504993 4.085670 -10.646986
v -0.504993 4.085670 -10.646986
v -0.416854 4.082673 -10.646753
v -0.416854 4.082673 -10.646753
v -0.416854 4.082673 -10.646753
v -0.416854 4.082673 -10.646753
v -0.504993 4.085931 -10.645518
v -0.504993 4.085931 -10.645518
v -0.504993 4.085931 -10.645518
v -0.416854 4.083037 -10.644704
v -0.416854 4.083037 -10.644704
v -0.416854 4.083037 -10.644704
v -0.416854 4.083037 -10.644704
v -0.504993 4.086473 -10.644129
v -0.504993 4.086473 -10.644129
v -0.504993 4.086473 -10.644129
v -0.416854 4.083794 -10.642766
v -0.416854 4.083794 -10.642766
v -0.416854 4.083794 -10.642766
v -0.416854 4.083794 -10.642766
v -0.504993 4.087276 -10.642872
v -0.504993 4.087276 -10.642872
v -0.504993 4.087276 -10.642872
v -0.416854 4.084914 -10.641013
v -0.416854 4.084914 -10.641013
v -0.416854 4.084914 -10.641013
v -0.416854 4.084914 -10.641013
v -0.504993 4.088309 -10.641796
v -0.504993 4.088309 -10.641796
v -0.504993 4.088309 -10.641796
v -0.416854 4.086355 -10.639512
v -0.416854 4.086355 -10.639512
v -0.416854 4.086355 -10.639512
v -0.416854 4.086355 -10.639512
v -0.504993 4.089532 -10.640943
v -0.504993 4.089532 -10.640943
v -0.504993 4.089532 -10.640943
v -0.416854 4.088061 -10.638321
v -0.416854 4.088061 -10.638321
v -0.416854 4.088061 -10.638321
v -0.416854 4.088061 -10.638321
v -0.504993 4.090898 -10.640344
v -0.504993 4.090898 -10.640344
v -0.504993 4.090898 -10.640344
v -0.416854 4.089967 -10.637486
v -0.416854 4.089967 -10.637486
v -0.416854 4.089967 -10.637486
v -0.416854 4.089967 -10.637486
v -0.504993 4.092355 -10.640023
v -0.504993 4.092355 -10.640023
v -0.504993 4.092355 -10.640023
v -0.416854 4.091999 -10.637038
v -0.416854 4.091999 -10.637038
v -0.416854 4.091999 -10.637038
v -0.416854 4.091999 -10.637038
v -0.504993 4.093845 -10.639993
v -0.504993 4.093845 -10.639993
v -0.504993 4.093845 -10.639993
v -0.416854 4.094079 -10.636995
v -0.416854 4.094079 -10.636995
v -0.416854 4.094079 -10.636995
v -0.416854 4.094079 -10.636995
v -0.504993 4.095314 -10.640254
v -0.504993 4.095314 -10.640254
v -0.504993 4.095314 -10.640254
v -0.416854 4.096128 -10.637360
v -0.416854 4.096128 -10.637360
v -0.416854 4.096128 -10.637360
v -0.416854 4.096128 -10.637360
v -0.504993 4.096703 -10.640797
v -0.504993 4.096703 -10.640797
v -0.504993 4.096703 -10.640797
v -0.416854 4.098066 -10.638117
v -0.416854 4.098066 -10.638117
v -0.416854 4.098066 -10.638117
v -0.416854 4.098066 -10.638117
v -0.504993 4.097960 -10.641600
v -0.504993 4.097960 -10.641600
v -0.504993 4.097960 -10.641600
v -0.416854 4.099819 -10.639237
v -0.416854 4.099819 -10.639237
v -0.416854 4.099819 -10.639237
v -0.416854 4.099819 -10.639237
v -0.504993 4.099036 -10.642632
v -0.504993 4.099036 -10.642632
v -0.504993 4.099036 -10.642632
v -0.416854 4.101320 -10.640678
v -0.416854 4.101320 -10.640678
v -0.416854 4.101320 -10.640678
v -0.416854 4.101320 -10.640678
v -0.504993 4.099889 -10.643855
v -0.504993 4.099889 -10.643855
v -0.504993 4.099889 -10.643855
v -0.416854 4.102511 -10.642385
v -0.416854 4.102511 -10.642385
v -0.416854 4.102511 -10.642385
v -0.416854 4.102511 -10.642385
v -0.504993 4.100488 -10.645221
v -0.504993 4.100488 -10.645221
v -0.504993 4.100488 -10.645221
v -0.416854 4.103346 -10.644290
v -0.416854 4.103346 -10.644290
v -0.416854 4.103346 -10.644290
v -0.416854 4.103346 -10.644290
v -0.504993 4.100809 -10.646677
v -0.504993 4.100809 -10.646677
v -0.504993 4.100809 -10.646677
v -0.416854 4.103794 -10.646321
v -0.416854 4.103794 -10.646321
v -0.416854 4.103794 -10.646321
v -0.416854 4.103794 -10.646321
v -0.504993 4.100839 -10.648169
v -0.504993 4.100839 -10.648169
v -0.504993 4.100839 -10.648169
v -0.416854 4.103836 -10.648402
v -0.416854 4.103836 -10.648402
v -0.416854 4.103836 -10.648402
v -0.416854 4.103836 -10.648402
v -0.504993 4.100578 -10.649636
v -0.504993 4.100578 -10.649636
v -0.504993 4.100578 -10.649636
v -0.416854 4.103472 -10.650451
v -0.416854 4.103472 -10.650451
v -0.416854 4.103472 -10.650451
v -0.416854 4.103472 -10.650451
v -0.504993 4.100036 -10.651026
v -0.504993 4.100036 -10.651026
v -0.504993 4.100036 -10.651026
v -0.416854 4.102715 -10.652389
v -0.416854 4.102715 -10.652389
v -0.416854 4.102715 -10.652389
v -0.416854 4.102715 -10.652389
v -0.504993 4.099233 -10.652283
v -0.504993 4.099233 -10.652283
v -0.504993 4.099233 -10.652283
v -0.416854 4.101595 -10.654141
v -0.416854 4.101595 -10.654141
v -0.416854 4.101595 -10.654141
v -0.416854 4.101595 -10.654141
v -0.402567 4.102572 -10.658469
v -0.402567 4.102572 -10.658469
v -0.402567 4.102572 -10.658469
v -0.402567 4.102572 -10.658469
v -0.402567 4.100268 -10.660078
v -0.402567 4.100268 -10.660078
v -0.402567 4.100268 -10.660078
v -0.402567 4.100268 -10.660078
v -0.402567 4.097694 -10.661206
v -0.402567 4.097694 -10.661206
v -0.402567 4.097694 -10.661206
v -0.402567 4.097694 -10.661206
v -0.402567 4.094950 -10.661810
v -0.402567 4.094950 -10.661810
v -0.402567 4.094950 -10.661810
v -0.402567 4.094950 -10.661810
v -0.402567 4.092141 -10.661868
v -0.402567 4.092141 -10.661868
v -0.402567 4.092141 -10.661868
v -0.402567 4.092141 -10.661868
v -0.402567 4.089375 -10.661376
v -0.402567 4.089375 -10.661376
v -0.402567 4.089375 -10.661376
v -0.402567 4.089375 -10.661376
v -0.402567 4.086757 -10.660354
v -0.402567 4.086757 -10.660354
v -0.402567 4.086757 -10.660354
v -0.402567 4.086757 -10.660354
v -0.402567 4.084390 -10.658841
v -0.402567 4.084390 -10.658841
v -0.402567 4.084390 -10.658841
v -0.402567 4.084390 -10.658841
v -0.402567 4.082362 -10.656895
v -0.402567 4.082362 -10.656895
v -0.402567 4.082362 -10.656895
v -0.402567 4.082362 -10.656895
v -0.402567 4.080754 -10.654591
v -0.402567 4.080754 -10.654591
v -0.402567 4.080754 -10.654591
v -0.402567 4.080754 -10.654591
v -0.402567 4.079626 -10.652018
v -0.402567 4.079626 -10.652018
v -0.402567 4.079626 -10.652018
v -0.402567 4.079626 -10.652018
v -0.402567 4.079021 -10.649273
v -0.402567 4.079021 -10.649273
v -0.402567 4.079021 -10.649273
v -0.402567 4.079021 -10.649273
v -0.402567 4.078964 -10.646464
v -0.402567 4.078964 -10.646464
v -0.402567 4.078964 -10.646464
v -0.402567 4.078964 -10.646464
v -0.402567 4.079456 -10.643698
v -0.402567 4.079456 -10.643698
v -0.402567 4.079456 -10.643698
v -0.402567 4.079456 -10.643698
v -0.402567 4.080478 -10.641080
v -0.402567 4.080478 -10.641080
v -0.402567 4.080478 -10.641080
v -0.402567 4.080478 -10.641080
v -0.402567 4.081991 -10.638712
v -0.402567 4.081991 -10.638712
v -0.402567 4.081991 -10.638712
v -0.402567 4.081991 -10.638712
v -0.402567 4.083937 -10.636685
v -0.402567 4.083937 -10.636685
v -0.402567 4.083937 -10.636685
v -0.402567 4.083937 -10.636685
v -0.402567 4.086241 -10.635077
v -0.402567 4.086241 -10.635077
v -0.402567 4.086241 -10.635077
v -0.402567 4.086241 -10.635077
v -0.402567 4.088815 -10.633948
v -0.402567 4.088815 -10.633948
v -0.402567 4.088815 -10.633948
v -0.402567 4.088815 -10.633948
v -0.402567 4.091559 -10.633345
v -0.402567 4.091559 -10.633345
v -0.402567 4.091559 -10.633345
v -0.402567 4.091559 -10.633345
v -0.402567 4.094368 -10.633287
v -0.402567 4.094368 -10.633287
v -0.402567 4.094368 -10.633287
v -0.402567 4.094368 -10.633287
v -0.402567 4.097135 -10.633779
v -0.402567 4.097135 -10.633779
v -0.402567 4.097135 -10.633779
v -0.402567 4.097135 -10.633779
v -0.402567 4.099752 -10.634801
v -0.402567 4.099752 -10.634801
v -0.402567 4.099752 -10.634801
v -0.402567 4.099752 -10.634801
v -0.402567 4.102119 -10.636314
v -0.402567 4.102119 -10.636314
v -0.402567 4.102119 -10.636314
v -0.402567 4.102119 -10.636314
v -0.402567 4.104147 -10.638260
v -0.402567 4.104147 -10.638260
v -0.402567 4.104147 -10.638260
v -0.402567 4.104147 -10.638260
v -0.402567 4.105755 -10.640564
v -0.402567 4.105755 -10.640564
v -0.402567 4.105755 -10.640564
v -0.402567 4.105755 -10.640564
v -0.402567 4.106883 -10.643137
v -0.402567 4.106883 -10.643137
v -0.402567 4.106883 -10.643137
v -0.402567 4.106883 -10.643137
v -0.402567 4.107488 -10.645882
v -0.402567 4.107488 -10.645882
v -0.402567 4.107488 -10.645882
v -0.402567 4.107488 -10.645882
v -0.402567 4.107545 -10.648691
v -0.402567 4.107545 -10.648691
v -0.402567 4.107545 -10.648691
v -0.402567 4.107545 -10.648691
v -0.402567 4.107053 -10.651458
v -0.402567 4.107053 -10.651458
v -0.402567 4.107053 -10.651458
v -0.402567 4.107053 -10.651458
v -0.402567 4.106031 -10.654075
v -0.402567 4.106031 -10.654075
v -0.402567 4.106031 -10.654075
v -0.402567 4.106031 -10.654075
v -0.402567 4.104518 -10.656443
v -0.402567 4.104518 -10.656443
v -0.402567 4.104518 -10.656443
v -0.402567 4.104518 -10.656443
v -0.392595 4.096356 -10.651203
v -0.392595 4.096356 -10.651203
v -0.392595 4.096356 -10.651203
v -0.392595 4.096356 -10.651203
v -0.392595 4.092628 -10.654272
v -0.392595 4.092628 -10.654272
v -0.392595 4.092628 -10.654272
v -0.392595 4.092628 -10.654272
v -0.392595 4.088923 -10.657084
v -0.392595 4.088923 -10.657084
v -0.392595 4.088923 -10.657084
v -0.392595 4.088923 -10.657084
v -0.392595 4.085386 -10.659530
v -0.392595 4.085386 -10.659530
v -0.392595 4.085386 -10.659530
v -0.392595 4.085386 -10.659530
v -0.392595 4.082150 -10.661516
v -0.392595 4.082150 -10.661516
v -0.392595 4.082150 -10.661516
v -0.392595 4.082150 -10.661516
v -0.392595 4.079342 -10.662968
v -0.392595 4.079342 -10.662968
v -0.392595 4.079342 -10.662968
v -0.392595 4.079342 -10.662968
v -0.392595 4.077067 -10.663827
v -0.392595 4.077067 -10.663827
v -0.392595 4.077067 -10.663827
v -0.392595 4.077067 -10.663827
v -0.392595 4.075416 -10.664062
v -0.392595 4.075416 -10.664062
v -0.392595 4.075416 -10.664062
v -0.392595 4.075416 -10.664062
v -0.392595 4.074449 -10.663664
v -0.392595 4.074449 -10.663664
v -0.392595 4.074449 -10.663664
v -0.392595 4.074449 -10.663664
v -0.392595 4.074205 -10.662647
v -0.392595 4.074205 -10.662647
v -0.392595 4.074205 -10.662647
v -0.392595 4.074205 -10.662647
v -0.392595 4.074694 -10.661052
v -0.392595 4.074694 -10.661052
v -0.392595 4.074694 -10.661052
v -0.392595 4.074694 -10.661052
v -0.392595 4.075895 -10.658938
v -0.392595 4.075895 -10.658938
v -0.392595 4.075895 -10.658938
v -0.392595 4.075895 -10.658938
v -0.392595 4.077764 -10.656388
v -0.392595 4.077764 -10.656388
v -0.392595 4.077764 -10.656388
v -0.392595 4.077764 -10.656388
v -0.392595 4.080228 -10.653500
v -0.392595 4.080228 -10.653500
v -0.392595 4.080228 -10.653500
v -0.392595 4.080228 -10.653500
v -0.392595 4.083192 -10.650383
v -0.392595 4.083192 -10.650383
v -0.392595 4.083192 -10.650383
v -0.392595 4.083192 -10.650383
v -0.392595 4.086544 -10.647160
v -0.392595 4.086544 -10.647160
v -0.392595 4.086544 -10.647160
v -0.392595 4.086544 -10.647160
v -0.392595 4.090153 -10.643951
v -0.392595 4.090153 -10.643951
v -0.392595 4.090153 -10.643951
v -0.392595 4.090153 -10.643951
v -0.392595 4.093881 -10.640882
v -0.392595 4.093881 -10.640882
v -0.392595 4.093881 -10.640882
v -0.392595 4.093881 -10.640882
v -0.392595 4.097585 -10.638071
v -0.392595 4.097585 -10.638071
v -0.392595 4.097585 -10.638071
v -0.392595 4.097585 -10.638071
v -0.392595 4.101123 -10.635625
v -0.392595 4.101123 -10.635625
v -0.392595 4.101123 -10.635625
v -0.392595 4.101123 -10.635625
v -0.392595 4.104359 -10.633638
v -0.392595 4.104359 -10.633638
v -0.392595 4.104359 -10.633638
v -0.392595 4.104359 -10.633638
v -0.392595 4.107167 -10.632187
v -0.392595 4.107167 -10.632187
v -0.392595 4.107167 -10.632187
v -0.392595 4.107167 -10.632187
v -0.392595 4.109442 -10.631328
v -0.392595 4.109442 -10.631328
v -0.392595 4.109442 -10.631328
v -0.392595 4.109442 -10.631328
v -0.392595 4.111094 -10.631092
v -0.392595 4.111094 -10.631092
v -0.392595 4.111094 -10.631092
v -0.392595 4.111094 -10.631092
v -0.392595 4.112060 -10.631491
v -0.392595 4.112060 -10.631491
v -0.392595 4.112060 -10.631491
v -0.392595 4.112060 -10.631491
v -0.392595 4.112304 -10.632507
v -0.392595 4.112304 -10.632507
v -0.392595 4.112304 -10.632507
v -0.392595 4.112304 -10.632507
v -0.392595 4.111815 -10.634103
v -0.392595 4.111815 -10.634103
v -0.392595 4.111815 -10.634103
v -0.392595 4.111815 -10.634103
v -0.392595 4.110614 -10.636216
v -0.392595 4.110614 -10.636216
v -0.392595 4.110614 -10.636216
v -0.392595 4.110614 -10.636216
v -0.392595 4.108746 -10.638766
v -0.392595 4.108746 -10.638766
v -0.392595 4.108746 -10.638766
v -0.392595 4.108746 -10.638766
v -0.392595 4.106281 -10.641655
v -0.392595 4.106281 -10.641655
v -0.392595 4.106281 -10.641655
v -0.392595 4.106281 -10.641655
v -0.392595 4.103317 -10.644772
v -0.392595 4.103317 -10.644772
v -0.392595 4.103317 -10.644772
v -0.392595 4.103317 -10.644772
v -0.392595 4.099966 -10.647995
v -0.392595 4.099966 -10.647995
v -0.392595 4.099966 -10.647995
v -0.392595 4.099966 -10.647995
v -0.365166 4.096356 -10.651203
v -0.365166 4.096356 -10.651203
v -0.365166 4.096356 -10.651203
v -0.365166 4.096356 -10.651203
v -0.365166 4.092628 -10.654272
v -0.365166 4.092628 -10.654272
v -0.365166 4.092628 -10.654272
v -0.365166 4.092628 -10.654272
v -0.365166 4.088924 -10.657084
v -0.365166 4.088924 -10.657084
v -0.365166 4.088924 -10.657084
v -0.365166 4.088924 -10.657084
v -0.365166 4.085386 -10.659530
v -0.365166 4.085386 -10.659530
v -0.365166 4.085386 -10.659530
v -0.365166 4.085386 -10.659530
v -0.365166 4.082150 -10.661516
v -0.365166 4.082150 -10.661516
v -0.365166 4.082150 -10.661516
v -0.365166 4.082150 -10.661516
v -0.365166 4.079342 -10.662968
v -0.365166 4.079342 -10.662968
v -0.365166 4.079342 -10.662968
v -0.365166 4.079342 -10.662968
v -0.365166 4.077067 -10.663827
v -0.365166 4.077067 -10.663827
v -0.365166 4.077067 -10.663827
v -0.365166 4.077067 -10.663827
v -0.365166 4.075416 -10.664062
v -0.365166 4.075416 -10.664062
v -0.365166 4.075416 -10.664062
v -0.365166 4.075416 -10.664062
v -0.365166 4.074449 -10.663664
v -0.365166 4.074449 -10.663664
v -0.365166 4.074449 -10.663664
v -0.365166 4.074449 -10.663664
v -0.365166 4.074205 -10.662647
v -0.365166 4.074205 -10.662647
v -0.365166 4.074205 -10.662647
v -0.365166 4.074205 -10.662647
v -0.365166 4.074694 -10.661052
v -0.365166 4.074694 -10.661052
v -0.365166 4.074694 -10.661052
v -0.365166 4.074694 -10.661052
v -0.365166 4.075895 -10.658938
v -0.365166 4.075895 -10.658938
v -0.365166 4.075895 -10.658938
v -0.365166 4.075895 -10.658938
v -0.365166 4.077764 -10.656388
v -0.365166 4.077764 -10.656388
v -0.365166 4.077764 -10.656388
v -0.365166 4.077764 -10.656388
v -0.365166 4.080228 -10.653500
v -0.365166 4.080228 -10.653500
v -0.365166 4.080228 -10.653500
v -0.365166 4.080228 -10.653500
v -0.365166 4.083192 -10.650383
v -0.365166 4.083192 -10.650383
v -0.365166 4.083192 -10.650383
v -0.365166 4.083192 -10.650383
v -0.365166 4.086544 -10.647160
v -0.365166 4.086544 -10.647160
v -0.365166 4.086544 -10.647160
v -0.365166 4.086544 -10.647160
v -0.365166 4.090153 -10.643951
v -0.365166 4.090153 -10.643951
v -0.365166 4.090153 -10.643951
v -0.365166 4.090153 -10.643951
v -0.365166 4.093881 -10.640882
v -0.365166 4.093881 -10.640882
v -0.365166 4.093881 -10.640882
v -0.365166 4.093881 -10.640882
v -0.365166 4.097585 -10.638071
v -0.365166 4.097585 -10.638071
v -0.365166 4.097585 -10.638071
v -0.365166 4.097585 -10.638071
v -0.365166 4.101123 -10.635625
v -0.365166 4.101123 -10.635625
v -0.365166 4.101123 -10.635625
v -0.365166 4.101123 -10.635625
v -0.365166 4.104359 -10.633638
v -0.365166 4.104359 -10.633638
v -0.365166 4.104359 -10.633638
v -0.365166 4.104359 -10.633638
v -0.365166 4.107168 -10.632187
v -0.365166 4.107168 -10.632187
v -0.365166 4.107168 -10.632187
v -0.365166 4.107168 -10.632187
v -0.365166 4.109442 -10.631328
v -0.365166 4.109442 -10.631328
v -0.365166 4.109442 -10.631328
v -0.365166 4.109442 -10.631328
v -0.365166 4.111094 -10.631092
v -0.365166 4.111094 -10.631092
v -0.365166 4.111094 -10.631092
v -0.365166 4.111094 -10.631092
v -0.365166 4.112060 -10.631491
v -0.365166 4.112060 -10.631491
v -0.365166 4.112060 -10.631491
v -0.365166 4.112060 -10.631491
v -0.365166 4.112304 -10.632507
v -0.365166 4.112304 -10.632507
v -0.365166 4.112304 -10.632507
v -0.365166 4.112304 -10.632507
v -0.365166 4.111815 -10.634103
v -0.365166 4.111815 -10.634103
v -0.365166 4.111815 -10.634103
v -0.365166 4.111815 -10.634103
v -0.365166 4.110614 -10.636216
v -0.365166 4.110614 -10.636216
v -0.365166 4.110614 -10.636216
v -0.365166 4.110614 -10.636216
v -0.365166 4.108746 -10.638766
v -0.365166 4.108746 -10.638766
v -0.365166 4.108746 -10.638766
v -0.365166 4.108746 -10.638766
v -0.365166 4.106281 -10.641655
v -0.365166 4.106281 -10.641655
v -0.365166 4.106281 -10.641655
v -0.365166 4.106281 -10.641655
v -0.365166 4.103317 -10.644772
v -0.365166 4.103317 -10.644772
v -0.365166 4.103317 -10.644772
v -0.365166 4.103317 -10.644772
v -0.365166 4.099966 -10.647995
v -0.365166 4.099966 -10.647995
v -0.365166 4.099966 -10.647995
v -0.365166 4.099966 -10.647995
v -0.348868 4.092822 -10.652198
v -0.348868 4.092822 -10.652198
v -0.348868 4.092822 -10.652198
v -0.348868 4.095395 -10.650080
v -0.348868 4.095395 -10.650080
v -0.348868 4.095395 -10.650080
v -0.348868 4.090266 -10.654138
v -0.348868 4.090266 -10.654138
v -0.348868 4.090266 -10.654138
v -0.348868 4.087824 -10.655827
v -0.348868 4.087824 -10.655827
v -0.348868 4.087824 -10.655827
v -0.348868 4.085591 -10.657197
v -0.348868 4.085591 -10.657197
v -0.348868 4.085591 -10.657197
v -0.348868 4.083652 -10.658198
v -0.348868 4.083652 -10.658198
v -0.348868 4.083652 -10.658198
v -0.348868 4.082083 -10.658792
v -0.348868 4.082083 -10.658792
v -0.348868 4.082083 -10.658792
v -0.348868 4.080943 -10.658955
v -0.348868 4.080943 -10.658955
v -0.348868 4.080943 -10.658955
v -0.348868 4.080276 -10.658679
v -0.348868 4.080276 -10.658679
v -0.348868 4.080276 -10.658679
v -0.348868 4.080108 -10.657978
v -0.348868 4.080108 -10.657978
v -0.348868 4.080108 -10.657978
v -0.348868 4.080445 -10.656877
v -0.348868 4.080445 -10.656877
v -0.348868 4.080445 -10.656877
v -0.348868 4.081274 -10.655418
v -0.348868 4.081274 -10.655418
v -0.348868 4.081274 -10.655418
v -0.348868 4.082564 -10.653658
v -0.348868 4.082564 -10.653658
v -0.348868 4.082564 -10.653658
v -0.348868 4.084264 -10.651665
v -0.348868 4.084264 -10.651665
v -0.348868 4.084264 -10.651665
v -0.348868 4.086310 -10.649514
v -0.348868 4.086310 -10.649514
v -0.348868 4.086310 -10.649514
v -0.348868 4.088623 -10.647289
v -0.348868 4.088623 -10.647289
v -0.348868 4.088623 -10.647289
v -0.348868 4.091114 -10.645075
v -0.348868 4.091114 -10.645075
v -0.348868 4.091114 -10.645075
v -0.348868 4.093687 -10.642957
v -0.348868 4.093687 -10.642957
v -0.348868 4.093687 -10.642957
v -0.348868 4.096243 -10.641017
v -0.348868 4.096243 -10.641017
v -0.348868 4.096243 -10.641017
v -0.348868 4.098685 -10.639329
v -0.348868 4.098685 -10.639329
v -0.348868 4.098685 -10.639329
v -0.348868 4.100918 -10.637958
v -0.348868 4.100918 -10.637958
v -0.348868 4.100918 -10.637958
v -0.348868 4.102857 -10.636956
v -0.348868 4.102857 -10.636956
v -0.348868 4.102857 -10.636956
v -0.348868 4.104426 -10.636363
v -0.348868 4.104426 -10.636363
v -0.348868 4.104426 -10.636363
v -0.348868 4.105566 -10.636200
v -0.348868 4.105566 -10.636200
v -0.348868 4.105566 -10.636200
v -0.348868 4.106233 -10.636476
v -0.348868 4.106233 -10.636476
v -0.348868 4.106233 -10.636476
v -0.348868 4.106401 -10.637177
v -0.348868 4.106401 -10.637177
v -0.348868 4.106401 -10.637177
v -0.348868 4.106064 -10.638278
v -0.348868 4.106064 -10.638278
v -0.348868 4.106064 -10.638278
v -0.348868 4.105235 -10.639736
v -0.348868 4.105235 -10.639736
v -0.348868 4.105235 -10.639736
v -0.348868 4.103946 -10.641497
v -0.348868 4.103946 -10.641497
v -0.348868 4.103946 -10.641497
v -0.348868 4.102245 -10.643490
v -0.348868 4.102245 -10.643490
v -0.348868 4.102245 -10.643490
v -0.348868 4.100199 -10.645640
v -0.348868 4.100199 -10.645640
v -0.348868 4.100199 -10.645640
v -0.348868 4.097886 -10.647866
v -0.348868 4.097886 -10.647866
v -0.348868 4.097886 -10.647866
v -0.423262 3.992264 -10.613813
v -0.423262 3.992264 -10.613813
v -0.423262 3.992264 -10.613813
v -0.511402 3.992264 -10.616819
v -0.511402 3.992264 -10.616819
v -0.511402 3.992264 -10.616819
v -0.511402 3.992264 -10.616819
v -0.423262 3.990779 -10.613667
v -0.423262 3.990779 -10.613667
v -0.423262 3.990779 -10.613667
v -0.511402 3.990193 -10.616615
v -0.511402 3.990193 -10.616615
v -0.511402 3.990193 -10.616615
v -0.511402 3.990193 -10.616615
v -0.423262 3.989352 -10.613234
v -0.423262 3.989352 -10.613234
v -0.423262 3.989352 -10.613234
v -0.511402 3.988202 -10.616012
v -0.511402 3.988202 -10.616012
v -0.511402 3.988202 -10.616012
v -0.511402 3.988202 -10.616012
v -0.423262 3.988037 -10.612531
v -0.423262 3.988037 -10.612531
v -0.423262 3.988037 -10.612531
v -0.511402 3.986367 -10.615030
v -0.511402 3.986367 -10.615030
v -0.511402 3.986367 -10.615030
v -0.511402 3.986367 -10.615030
v -0.423262 3.986884 -10.611585
v -0.423262 3.986884 -10.611585
v -0.423262 3.986884 -10.611585
v -0.511402 3.984759 -10.613710
v -0.511402 3.984759 -10.613710
v -0.511402 3.984759 -10.613710
v -0.511402 3.984759 -10.613710
v -0.423262 3.985938 -10.610432
v -0.423262 3.985938 -10.610432
v -0.423262 3.985938 -10.610432
v -0.511402 3.983439 -10.612103
v -0.511402 3.983439 -10.612103
v -0.511402 3.983439 -10.612103
v -0.511402 3.983439 -10.612103
v -0.423262 3.985235 -10.609117
v -0.423262 3.985235 -10.609117
v -0.423262 3.985235 -10.609117
v -0.511402 3.982458 -10.610267
v -0.511402 3.982458 -10.610267
v -0.511402 3.982458 -10.610267
v -0.511402 3.982458 -10.610267
v -0.423262 3.984802 -10.607690
v -0.423262 3.984802 -10.607690
v -0.423262 3.984802 -10.607690
v -0.511402 3.981854 -10.608276
v -0.511402 3.981854 -10.608276
v -0.511402 3.981854 -10.608276
v -0.511402 3.981854 -10.608276
v -0.423262 3.984656 -10.606205
v -0.423262 3.984656 -10.606205
v -0.423262 3.984656 -10.606205
v -0.511402 3.981650 -10.606205
v -0.511402 3.981650 -10.606205
v -0.511402 3.981650 -10.606205
v -0.511402 3.981650 -10.606205
v -0.423262 3.984802 -10.604721
v -0.423262 3.984802 -10.604721
v -0.423262 3.984802 -10.604721
v -0.511402 3.981854 -10.604135
v -0.511402 3.981854 -10.604135
v -0.511402 3.981854 -10.604135
v -0.511402 3.981854 -10.604135
v -0.423262 3.985235 -10.603294
v -0.423262 3.985235 -10.603294
v -0.423262 3.985235 -10.603294
v -0.511402 3.982458 -10.602143
v -0.511402 3.982458 -10.602143
v -0.511402 3.982458 -10.602143
v -0.511402 3.982458 -10.602143
v -0.423262 3.985938 -10.601979
v -0.423262 3.985938 -10.601979
v -0.423262 3.985938 -10.601979
v -0.511402 3.983439 -10.600308
v -0.511402 3.983439 -10.600308
v -0.511402 3.983439 -10.600308
v -0.511402 3.983439 -10.600308
v -0.423262 3.986884 -10.600826
v -0.423262 3.986884 -10.600826
v -0.423262 3.986884 -10.600826
v -0.511402 3.984759 -10.598701
v -0.511402 3.984759 -10.598701
v -0.511402 3.984759 -10.598701
v -0.511402 3.984759 -10.598701
v -0.423262 3.988037 -10.599880
v -0.423262 3.988037 -10.599880
v -0.423262 3.988037 -10.599880
v -0.511402 3.986367 -10.597381
v -0.511402 3.986367 -10.597381
v -0.511402 3.986367 -10.597381
v -0.511402 3.986367 -10.597381
v -0.423262 3.989352 -10.599176
v -0.423262 3.989352 -10.599176
v -0.423262 3.989352 -10.599176
v -0.511402 3.988202 -10.596399
v -0.511402 3.988202 -10.596399
v -0.511402 3.988202 -10.596399
v -0.511402 3.988202 -10.596399
v -0.423262 3.990779 -10.598744
v -0.423262 3.990779 -10.598744
v -0.423262 3.990779 -10.598744
v -0.511402 3.990193 -10.595796
v -0.511402 3.990193 -10.595796
v -0.511402 3.990193 -10.595796
v -0.511402 3.990193 -10.595796
v -0.423262 3.992264 -10.598598
v -0.423262 3.992264 -10.598598
v -0.423262 3.992264 -10.598598
v -0.511402 3.992264 -10.595592
v -0.511402 3.992264 -10.595592
v -0.511402 3.992264 -10.595592
v -0.511402 3.992264 -10.595592
v -0.423262 3.993748 -10.598744
v -0.423262 3.993748 -10.598744
v -0.423262 3.993748 -10.598744
v -0.511402 3.994334 -10.595796
v -0.511402 3.994334 -10.595796
v -0.511402 3.994334 -10.595796
v -0.511402 3.994334 -10.595796
v -0.423262 3.995175 -10.599176
v -0.423262 3.995175 -10.599176
v -0.423262 3.995175 -10.599176
v -0.511402 3.996325 -10.596399
v -0.511402 3.996325 -10.596399
v -0.511402 3.996325 -10.596399
v -0.511402 3.996325 -10.596399
v -0.423262 3.996490 -10.599880
v -0.423262 3.996490 -10.599880
v -0.423262 3.996490 -10.599880
v -0.511402 3.998160 -10.597381
v -0.511402 3.998160 -10.597381
v -0.511402 3.998160 -10.597381
v -0.511402 3.998160 -10.597381
v -0.423262 3.997643 -10.600826
v -0.423262 3.997643 -10.600826
v -0.423262 3.997643 -10.600826
v -0.511402 3.999769 -10.598701
v -0.511402 3.999769 -10.598701
v -0.511402 3.999769 -10.598701
v -0.511402 3.999769 -10.598701
v -0.423262 3.998589 -10.601979
v -0.423262 3.998589 -10.601979
v -0.423262 3.998589 -10.601979
v -0.511402 4.001089 -10.600308
v -0.511402 4.001089 -10.600308
v -0.511402 4.001089 -10.600308
v -0.511402 4.001089 -10.600308
v -0.423262 3.999292 -10.603294
v -0.423262 3.999292 -10.603294
v -0.423262 3.999292 -10.603294
v -0.511402 4.002069 -10.602143
v -0.511402 4.002069 -10.602143
v -0.511402 4.002069 -10.602143
v -0.511402 4.002069 -10.602143
v -0.423262 3.999725 -10.604721
v -0.423262 3.999725 -10.604721
v -0.423262 3.999725 -10.604721
v -0.511402 4.002674 -10.604135
v -0.511402 4.002674 -10.604135
v -0.511402 4.002674 -10.604135
v -0.511402 4.002674 -10.604135
v -0.423262 3.999871 -10.606205
v -0.423262 3.999871 -10.606205
v -0.423262 3.999871 -10.606205
v -0.511402 4.002877 -10.606205
v -0.511402 4.002877 -10.606205
v -0.511402 4.002877 -10.606205
v -0.511402 4.002877 -10.606205
v -0.423262 3.999725 -10.607690
v -0.423262 3.999725 -10.607690
v -0.423262 3.999725 -10.607690
v -0.511402 4.002674 -10.608276
v -0.511402 4.002674 -10.608276
v -0.511402 4.002674 -10.608276
v -0.511402 4.002674 -10.608276
v -0.423262 3.999292 -10.609117
v -0.423262 3.999292 -10.609117
v -0.423262 3.999292 -10.609117
v -0.511402 4.002069 -10.610267
v -0.511402 4.002069 -10.610267
v -0.511402 4.002069 -10.610267
v -0.511402 4.002069 -10.610267
v -0.423262 3.998589 -10.610432
v -0.423262 3.998589 -10.610432
v -0.423262 3.998589 -10.610432
v -0.511402 4.001089 -10.612103
v -0.511402 4.001089 -10.612103
v -0.511402 4.001089 -10.612103
v -0.511402 4.001089 -10.612103
v -0.423262 3.997643 -10.611585
v -0.423262 3.997643 -10.611585
v -0.423262 3.997643 -10.611585
v -0.511402 3.999769 -10.613710
v -0.511402 3.999769 -10.613710
v -0.511402 3.999769 -10.613710
v -0.511402 3.999769 -10.613710
v -0.423262 3.996490 -10.612531
v -0.423262 3.996490 -10.612531
v -0.423262 3.996490 -10.612531
v -0.511402 3.998160 -10.615030
v -0.511402 3.998160 -10.615030
v -0.511402 3.998160 -10.615030
v -0.511402 3.998160 -10.615030
v -0.423262 3.995175 -10.613234
v -0.423262 3.995175 -10.613234
v -0.423262 3.995175 -10.613234
v -0.511402 3.996325 -10.616012
v -0.511402 3.996325 -10.616012
v -0.511402 3.996325 -10.616012
v -0.511402 3.996325 -10.616012
v -0.423262 3.993748 -10.613667
v -0.423262 3.993748 -10.613667
v -0.423262 3.993748 -10.613667
v -0.511402 3.994334 -10.616615
v -0.511402 3.994334 -10.616615
v -0.511402 3.994334 -10.616615
v -0.511402 3.994334 -10.616615
v -0.525689 3.992264 -10.620539
v -0.525689 3.992264 -10.620539
v -0.525689 3.992264 -10.620539
v -0.525689 3.992264 -10.620539
v -0.525689 3.989467 -10.620264
v -0.525689 3.989467 -10.620264
v -0.525689 3.989467 -10.620264
v -0.525689 3.989467 -10.620264
v -0.525689 3.986778 -10.619448
v -0.525689 3.986778 -10.619448
v -0.525689 3.986778 -10.619448
v -0.525689 3.986778 -10.619448
v -0.525689 3.984300 -10.618123
v -0.525689 3.984300 -10.618123
v -0.525689 3.984300 -10.618123
v -0.525689 3.984300 -10.618123
v -0.525689 3.982128 -10.616341
v -0.525689 3.982128 -10.616341
v -0.525689 3.982128 -10.616341
v -0.525689 3.982128 -10.616341
v -0.525689 3.980346 -10.614169
v -0.525689 3.980346 -10.614169
v -0.525689 3.980346 -10.614169
v -0.525689 3.980346 -10.614169
v -0.525689 3.979021 -10.611691
v -0.525689 3.979021 -10.611691
v -0.525689 3.979021 -10.611691
v -0.525689 3.979021 -10.611691
v -0.525689 3.978205 -10.609002
v -0.525689 3.978205 -10.609002
v -0.525689 3.978205 -10.609002
v -0.525689 3.978205 -10.609002
v -0.525689 3.977930 -10.606205
v -0.525689 3.977930 -10.606205
v -0.525689 3.977930 -10.606205
v -0.525689 3.977930 -10.606205
v -0.525689 3.978205 -10.603409
v -0.525689 3.978205 -10.603409
v -0.525689 3.978205 -10.603409
v -0.525689 3.978205 -10.603409
v -0.525689 3.979021 -10.600720
v -0.525689 3.979021 -10.600720
v -0.525689 3.979021 -10.600720
v -0.525689 3.979021 -10.600720
v -0.525689 3.980346 -10.598242
v -0.525689 3.980346 -10.598242
v -0.525689 3.980346 -10.598242
v -0.525689 3.980346 -10.598242
v -0.525689 3.982128 -10.596070
v -0.525689 3.982128 -10.596070
v -0.525689 3.982128 -10.596070
v -0.525689 3.982128 -10.596070
v -0.525689 3.984300 -10.594288
v -0.525689 3.984300 -10.594288
v -0.525689 3.984300 -10.594288
v -0.525689 3.984300 -10.594288
v -0.525689 3.986778 -10.592963
v -0.525689 3.986778 -10.592963
v -0.525689 3.986778 -10.592963
v -0.525689 3.986778 -10.592963
v -0.525689 3.989467 -10.592147
v -0.525689 3.989467 -10.592147
v -0.525689 3.989467 -10.592147
v -0.525689 3.989467 -10.592147
v -0.525689 3.992264 -10.591872
v -0.525689 3.992264 -10.591872
v -0.525689 3.992264 -10.591872
v -0.525689 3.992264 -10.591872
v -0.525689 3.995060 -10.592147
v -0.525689 3.995060 -10.592147
v -0.525689 3.995060 -10.592147
v -0.525689 3.995060 -10.592147
v -0.525689 3.997749 -10.592963
v -0.525689 3.997749 -10.592963
v -0.525689 3.997749 -10.592963
v -0.525689 3.997749 -10.592963
v -0.525689 4.000227 -10.594288
v -0.525689 4.000227 -10.594288
v -0.525689 4.000227 -10.594288
v -0.525689 4.000227 -10.594288
v -0.525689 4.002399 -10.596070
v -0.525689 4.002399 -10.596070
v -0.525689 4.002399 -10.596070
v -0.525689 4.002399 -10.596070
v -0.525689 4.004182 -10.598242
v -0.525689 4.004182 -10.598242
v -0.525689 4.004182 -10.598242
v -0.525689 4.004182 -10.598242
v -0.525689 4.005506 -10.600720
v -0.525689 4.005506 -10.600720
v -0.525689 4.005506 -10.600720
v -0.525689 4.005506 -10.600720
v -0.525689 4.006322 -10.603409
v -0.525689 4.006322 -10.603409
v -0.525689 4.006322 -10.603409
v -0.525689 4.006322 -10.603409
v -0.525689 4.006598 -10.606205
v -0.525689 4.006598 -10.606205
v -0.525689 4.006598 -10.606205
v -0.525689 4.006598 -10.606205
v -0.525689 4.006322 -10.609002
v -0.525689 4.006322 -10.609002
v -0.525689 4.006322 -10.609002
v -0.525689 4.006322 -10.609002
v -0.525689 4.005506 -10.611691
v -0.525689 4.005506 -10.611691
v -0.525689 4.005506 -10.611691
v -0.525689 4.005506 -10.611691
v -0.525689 4.004181 -10.614169
v -0.525689 4.004181 -10.614169
v -0.525689 4.004181 -10.614169
v -0.525689 4.004181 -10.614169
v -0.525689 4.002399 -10.616341
v -0.525689 4.002399 -10.616341
v -0.525689 4.002399 -10.616341
v -0.525689 4.002399 -10.616341
v -0.525689 4.000227 -10.618123
v -0.525689 4.000227 -10.618123
v -0.525689 4.000227 -10.618123
v -0.525689 4.000227 -10.618123
v -0.525689 3.997749 -10.619448
v -0.525689 3.997749 -10.619448
v -0.525689 3.997749 -10.619448
v -0.525689 3.997749 -10.619448
v -0.525689 3.995060 -10.620264
v -0.525689 3.995060 -10.620264
v -0.525689 3.995060 -10.620264
v -0.525689 3.995060 -10.620264
v -0.535661 3.992264 -10.610977
v -0.535661 3.992264 -10.610977
v -0.535661 3.992264 -10.610977
v -0.535661 3.992264 -10.610977
v -0.535661 3.987436 -10.610886
v -0.535661 3.987436 -10.610886
v -0.535661 3.987436 -10.610886
v -0.535661 3.987436 -10.610886
v -0.535661 3.982793 -10.610614
v -0.535661 3.982793 -10.610614
v -0.535661 3.982793 -10.610614
v -0.535661 3.982793 -10.610614
v -0.535661 3.978515 -10.610173
v -0.535661 3.978515 -10.610173
v -0.535661 3.978515 -10.610173
v -0.535661 3.978515 -10.610173
v -0.535661 3.974765 -10.609580
v -0.535661 3.974765 -10.609580
v -0.535661 3.974765 -10.609580
v -0.535661 3.974765 -10.609580
v -0.535661 3.971687 -10.608856
v -0.535661 3.971687 -10.608856
v -0.535661 3.971687 -10.608856
v -0.535661 3.971687 -10.608856
v -0.535661 3.969400 -10.608031
v -0.535661 3.969400 -10.608031
v -0.535661 3.969400 -10.608031
v -0.535661 3.969400 -10.608031
v -0.535661 3.967992 -10.607137
v -0.535661 3.967992 -10.607137
v -0.535661 3.967992 -10.607137
v -0.535661 3.967992 -10.607137
v -0.535661 3.967516 -10.606205
v -0.535661 3.967516 -10.606205
v -0.535661 3.967516 -10.606205
v -0.535661 3.967516 -10.606205
v -0.535661 3.967992 -10.605274
v -0.535661 3.967992 -10.605274
v -0.535661 3.967992 -10.605274
v -0.535661 3.967992 -10.605274
v -0.535661 3.969400 -10.604380
v -0.535661 3.969400 -10.604380
v -0.535661 3.969400 -10.604380
v -0.535661 3.969400 -10.604380
v -0.535661 3.971687 -10.603555
v -0.535661 3.971687 -10.603555
v -0.535661 3.971687 -10.603555
v -0.535661 3.971687 -10.603555
v -0.535661 3.974765 -10.602831
v -0.535661 3.974765 -10.602831
v -0.535661 3.974765 -10.602831
v -0.535661 3.974765 -10.602831
v -0.535661 3.978515 -10.602238
v -0.535661 3.978515 -10.602238
v -0.535661 3.978515 -10.602238
v -0.535661 3.978515 -10.602238
v -0.535661 3.982793 -10.601797
v -0.535661 3.982793 -10.601797
v -0.535661 3.982793 -10.601797
v -0.535661 3.982793 -10.601797
v -0.535661 3.987436 -10.601525
v -0.535661 3.987436 -10.601525
v -0.535661 3.987436 -10.601525
v -0.535661 3.987436 -10.601525
v -0.535661 3.992264 -10.601434
v -0.535661 3.992264 -10.601434
v -0.535661 3.992264 -10.601434
v -0.535661 3.992264 -10.601434
v -0.535661 3.997092 -10.601525
v -0.535661 3.997092 -10.601525
v -0.535661 3.997092 -10.601525
v -0.535661 3.997092 -10.601525
v -0.535661 4.001734 -10.601797
v -0.535661 4.001734 -10.601797
v -0.535661 4.001734 -10.601797
v -0.535661 4.001734 -10.601797
v -0.535661 4.006012 -10.602238
v -0.535661 4.006012 -10.602238
v -0.535661 4.006012 -10.602238
v -0.535661 4.006012 -10.602238
v -0.535661 4.009763 -10.602831
v -0.535661 4.009763 -10.602831
v -0.535661 4.009763 -10.602831
v -0.535661 4.009763 -10.602831
v -0.535661 4.012840 -10.603555
v -0.535661 4.012840 -10.603555
v -0.535661 4.012840 -10.603555
v -0.535661 4.012840 -10.603555
v -0.535661 4.015127 -10.604380
v -0.535661 4.015127 -10.604380
v -0.535661 4.015127 -10.604380
v -0.535661 4.015127 -10.604380
v -0.535661 4.016535 -10.605274
v -0.535661 4.016535 -10.605274
v -0.535661 4.016535 -10.605274
v -0.535661 4.016535 -10.605274
v -0.535661 4.017011 -10.606205
v -0.535661 4.017011 -10.606205
v -0.535661 4.017011 -10.606205
v -0.535661 4.017011 -10.606205
v -0.535661 4.016535 -10.607137
v -0.535661 4.016535 -10.607137
v -0.535661 4.016535 -10.607137
v -0.535661 4.016535 -10.607137
v -0.535661 4.015127 -10.608031
v -0.535661 4.015127 -10.608031
v -0.535661 4.015127 -10.608031
v -0.535661 4.015127 -10.608031
v -0.535661 4.012840 -10.608856
v -0.535661 4.012840 -10.608856
v -0.535661 4.012840 -10.608856
v -0.535661 4.012840 -10.608856
v -0.535661 4.009763 -10.609580
v -0.535661 4.009763 -10.609580
v -0.535661 4.009763 -10.609580
v -0.535661 4.009763 -10.609580
v -0.535661 4.006012 -10.610173
v -0.535661 4.006012 -10.610173
v -0.535661 4.006012 -10.610173
v -0.535661 4.006012 -10.610173
v -0.535661 4.001734 -10.610614
v -0.535661 4.001734 -10.610614
v -0.535661 4.001734 -10.610614
v -0.535661 4.001734 -10.610614
v -0.535661 3.997092 -10.610886
v -0.535661 3.997092 -10.610886
v -0.535661 3.997092 -10.610886
v -0.535661 3.997092 -10.610886
v -0.563089 3.992264 -10.610977
v -0.563089 3.992264 -10.610977
v -0.563089 3.992264 -10.610977
v -0.563089 3.992264 -10.610977
v -0.563089 3.987436 -10.610886
v -0.563089 3.987436 -10.610886
v -0.563089 3.987436 -10.610886
v -0.563089 3.987436 -10.610886
v -0.563089 3.982793 -10.610614
v -0.563089 3.982793 -10.610614
v -0.563089 3.982793 -10.610614
v -0.563089 3.982793 -10.610614
v -0.563089 3.978515 -10.610173
v -0.563089 3.978515 -10.610173
v -0.563089 3.978515 -10.610173
v -0.563089 3.978515 -10.610173
v -0.563089 3.974765 -10.609580
v -0.563089 3.974765 -10.609580
v -0.563089 3.974765 -10.609580
v -0.563089 3.974765 -10.609580
v -0.563089 3.971687 -10.608856
v -0.563089 3.971687 -10.608856
v -0.563089 3.971687 -10.608856
v -0.563089 3.971687 -10.608856
v -0.563089 3.969400 -10.608031
v -0.563089 3.969400 -10.608031
v -0.563089 3.969400 -10.608031
v -0.563089 3.969400 -10.608031
v -0.563089 3.967992 -10.607137
v -0.563089 3.967992 -10.607137
v -0.563089 3.967992 -10.607137
v -0.563089 3.967992 -10.607137
v -0.563089 3.967516 -10.606205
v -0.563089 3.967516 -10.606205
v -0.563089 3.967516 -10.606205
v -0.563089 3.967516 -10.606205
v -0.563089 3.967992 -10.605274
v -0.563089 3.967992 -10.605274
v -0.563089 3.967992 -10.605274
v -0.563089 3.967992 -10.605274
v -0.563089 3.969400 -10.604380
v -0.563089 3.969400 -10.604380
v -0.563089 3.969400 -10.604380
v -0.563089 3.969400 -10.604380
v -0.563089 3.971687 -10.603555
v -0.563089 3.971687 -10.603555
v -0.563089 3.971687 -10.603555
v -0.563089 3.971687 -10.603555
v -0.563089 3.974765 -10.602831
v -0.563089 3.974765 -10.602831
v -0.563089 3.974765 -10.602831
v -0.563089 3.974765 -10.602831
v -0.563089 3.978515 -10.602238
v -0.563089 3.978515 -10.602238
v -0.563089 3.978515 -10.602238
v -0.563089 3.978515 -10.602238
v -0.563089 3.982793 -10.601797
v -0.563089 3.982793 -10.601797
v -0.563089 3.982793 -10.601797
v -0.563089 3.982793 -10.601797
v -0.563089 3.987436 -10.601525
v -0.563089 3.987436 -10.601525
v -0.563089 3.987436 -10.601525
v -0.563089 3.987436 -10.601525
v -0.563089 3.992264 -10.601434
v -0.563089 3.992264 -10.601434
v -0.563089 3.992264 -10.601434
v -0.563089 3.992264 -10.601434
v -0.563089 3.997092 -10.601525
v -0.563089 3.997092 -10.601525
v -0.563089 3.997092 -10.601525
v -0.563089 3.997092 -10.601525
v -0.563089 4.001734 -10.601797
v -0.563089 4.001734 -10.601797
v -0.563089 4.001734 -10.601797
v -0.563089 4.001734 -10.601797
v -0.563089 4.006012 -10.602238
v -0.563089 4.006012 -10.602238
v -0.563089 4.006012 -10.602238
v -0.563089 4.006012 -10.602238
v -0.563089 4.009763 -10.602831
v -0.563089 4.009763 -10.602831
v -0.563089 4.009763 -10.602831
v -0.563089 4.009763 -10.602831
v -0.563089 4.012840 -10.603555
v -0.563089 4.012840 -10.603555
v -0.563089 4.012840 -10.603555
v -0.563089 4.012840 -10.603555
v -0.563089 4.015127 -10.604380
v -0.563089 4.015127 -10.604380
v -0.563089 4.015127 -10.604380
v -0.563089 4.015127 -10.604380
v -0.563089 4.016536 -10.605274
v -0.563089 4.016536 -10.605274
v -0.563089 4.016536 -10.605274
v -0.563089 4.016536 -10.605274
v -0.563089 4.017011 -10.606205
v -0.563089 4.017011 -10.606205
v -0.563089 4.017011 -10.606205
v -0.563089 4.017011 -10.606205
v -0.563089 4.016536 -10.607137
v -0.563089 4.016536 -10.607137
v -0.563089 4.016536 -10.607137
v -0.563089 4.016536 -10.607137
v -0.563089 4.015127 -10.608031
v -0.563089 4.015127 -10.608031
v -0.563089 4.015127 -10.608031
v -0.563089 4.015127 -10.608031
v -0.563089 4.012840 -10.608856
v -0.563089 4.012840 -10.608856
v -0.563089 4.012840 -10.608856
v -0.563089 4.012840 -10.608856
v -0.563089 4.009763 -10.609580
v -0.563089 4.009763 -10.609580
v -0.563089 4.009763 -10.609580
v -0.563089 4.009763 -10.609580
v -0.563089 4.006012 -10.610173
v -0.563089 4.006012 -10.610173
v -0.563089 4.006012 -10.610173
v -0.563089 4.006012 -10.610173
v -0.563089 4.001734 -10.610614
v -0.563089 4.001734 -10.610614
v -0.563089 4.001734 -10.610614
v -0.563089 4.001734 -10.610614
v -0.563089 3.997092 -10.610886
v -0.563089 3.997092 -10.610886
v -0.563089 3.997092 -10.610886
v -0.563089 3.997092 -10.610886
v -0.579388 3.988932 -10.609435
v -0.579388 3.988932 -10.609435
v -0.579388 3.988932 -10.609435
v -0.579388 3.992264 -10.609499
v -0.579388 3.992264 -10.609499
v -0.579388 3.992264 -10.609499
v -0.579388 3.985728 -10.609248
v -0.579388 3.985728 -10.609248
v -0.579388 3.985728 -10.609248
v -0.579388 3.982775 -10.608944
v -0.579388 3.982775 -10.608944
v -0.579388 3.982775 -10.608944
v -0.579388 3.980187 -10.608534
v -0.579388 3.980187 -10.608534
v -0.579388 3.980187 -10.608534
v -0.579388 3.978063 -10.608035
v -0.579388 3.978063 -10.608035
v -0.579388 3.978063 -10.608035
v -0.579388 3.976485 -10.607466
v -0.579388 3.976485 -10.607466
v -0.579388 3.976485 -10.607466
v -0.579388 3.975513 -10.606848
v -0.579388 3.975513 -10.606848
v -0.579388 3.975513 -10.606848
v -0.579388 3.975184 -10.606205
v -0.579388 3.975184 -10.606205
v -0.579388 3.975184 -10.606205
v -0.579388 3.975513 -10.605563
v -0.579388 3.975513 -10.605563
v -0.579388 3.975513 -10.605563
v -0.579388 3.976485 -10.604945
v -0.579388 3.976485 -10.604945
v -0.579388 3.976485 -10.604945
v -0.579388 3.978063 -10.604376
v -0.579388 3.978063 -10.604376
v -0.579388 3.978063 -10.604376
v -0.579388 3.980187 -10.603877
v -0.579388 3.980187 -10.603877
v -0.579388 3.980187 -10.603877
v -0.579388 3.982775 -10.603467
v -0.579388 3.982775 -10.603467
v -0.579388 3.982775 -10.603467
v -0.579388 3.985728 -10.603163
v -0.579388 3.985728 -10.603163
v -0.579388 3.985728 -10.603163
v -0.579388 3.988932 -10.602976
v -0.579388 3.988932 -10.602976
v -0.579388 3.988932 -10.602976
v -0.579388 3.992264 -10.602912
v -0.579388 3.992264 -10.602912
v -0.579388 3.992264 -10.602912
v -0.579388 3.995596 -10.602976
v -0.579388 3.995596 -10.602976
v -0.579388 3.995596 -10.602976
v -0.579388 3.998800 -10.603163
v -0.579388 3.998800 -10.603163
v -0.579388 3.998800 -10.603163
v -0.579388 4.001752 -10.603467
v -0.579388 4.001752 -10.603467
v -0.579388 4.001752 -10.603467
v -0.579388 4.004341 -10.603877
v -0.579388 4.004341 -10.603877
v -0.579388 4.004341 -10.603877
v -0.579388 4.006464 -10.604376
v -0.579388 4.006464 -10.604376
v -0.579388 4.006464 -10.604376
v -0.579388 4.008043 -10.604945
v -0.579388 4.008043 -10.604945
v -0.579388 4.008043 -10.604945
v -0.579388 4.009015 -10.605563
v -0.579388 4.009015 -10.605563
v -0.579388 4.009015 -10.605563
v -0.579388 4.009343 -10.606205
v -0.579388 4.009343 -10.606205
v -0.579388 4.009343 -10.606205
v -0.579388 4.009015 -10.606848
v -0.579388 4.009015 -10.606848
v -0.579388 4.009015 -10.606848
v -0.579388 4.008043 -10.607466
v -0.579388 4.008043 -10.607466
v -0.579388 4.008043 -10.607466
v -0.579388 4.006464 -10.608035
v -0.579388 4.006464 -10.608035
v -0.579388 4.006464 -10.608035
v -0.579388 4.004341 -10.608534
v -0.579388 4.004341 -10.608534
v -0.579388 4.004341 -10.608534
v -0.579388 4.001752 -10.608944
v -0.579388 4.001752 -10.608944
v -0.579388 4.001752 -10.608944
v -0.579388 3.998800 -10.609248
v -0.579388 3.998800 -10.609248
v -0.579388 3.998800 -10.609248
v -0.579388 3.995596 -10.609435
v -0.579388 3.995596 -10.609435
v -0.579388 3.995596 -10.609435
v -0.424154 4.056138 -10.632578
v -0.424154 4.056138 -10.632578
v -0.424154 4.056138 -10.632578
v -0.512294 4.057561 -10.629930
v -0.512294 4.057561 -10.629930
v -0.512294 4.057561 -10.629930
v -0.512294 4.057561 -10.629930
v -0.424154 4.057376 -10.633410
v -0.424154 4.057376 -10.633410
v -0.424154 4.057376 -10.633410
v -0.512294 4.059288 -10.631090
v -0.512294 4.059288 -10.631090
v -0.512294 4.059288 -10.631090
v -0.512294 4.059288 -10.631090
v -0.424154 4.058428 -10.634466
v -0.424154 4.058428 -10.634466
v -0.424154 4.058428 -10.634466
v -0.512294 4.060756 -10.632565
v -0.512294 4.060756 -10.632565
v -0.512294 4.060756 -10.632565
v -0.512294 4.060756 -10.632565
v -0.424154 4.059254 -10.635708
v -0.424154 4.059254 -10.635708
v -0.424154 4.059254 -10.635708
v -0.512294 4.061908 -10.634297
v -0.512294 4.061908 -10.634297
v -0.512294 4.061908 -10.634297
v -0.512294 4.061908 -10.634297
v -0.424154 4.059822 -10.637087
v -0.424154 4.059822 -10.637087
v -0.424154 4.059822 -10.637087
v -0.512294 4.062700 -10.636221
v -0.512294 4.062700 -10.636221
v -0.512294 4.062700 -10.636221
v -0.512294 4.062700 -10.636221
v -0.424154 4.060109 -10.638551
v -0.424154 4.060109 -10.638551
v -0.424154 4.060109 -10.638551
v -0.512294 4.063101 -10.638263
v -0.512294 4.063101 -10.638263
v -0.512294 4.063101 -10.638263
v -0.512294 4.063101 -10.638263
v -0.424154 4.060106 -10.640042
v -0.424154 4.060106 -10.640042
v -0.424154 4.060106 -10.640042
v -0.512294 4.063097 -10.640344
v -0.512294 4.063097 -10.640344
v -0.512294 4.063097 -10.640344
v -0.512294 4.063097 -10.640344
v -0.424154 4.059812 -10.641504
v -0.424154 4.059812 -10.641504
v -0.424154 4.059812 -10.641504
v -0.512294 4.062686 -10.642383
v -0.512294 4.062686 -10.642383
v -0.512294 4.062686 -10.642383
v -0.512294 4.062686 -10.642383
v -0.424154 4.059238 -10.642880
v -0.424154 4.059238 -10.642880
v -0.424154 4.059238 -10.642880
v -0.512294 4.061886 -10.644303
v -0.512294 4.061886 -10.644303
v -0.512294 4.061886 -10.644303
v -0.512294 4.061886 -10.644303
v -0.424154 4.058406 -10.644118
v -0.424154 4.058406 -10.644118
v -0.424154 4.058406 -10.644118
v -0.512294 4.060726 -10.646031
v -0.512294 4.060726 -10.646031
v -0.512294 4.060726 -10.646031
v -0.512294 4.060726 -10.646031
v -0.424154 4.057350 -10.645171
v -0.424154 4.057350 -10.645171
v -0.424154 4.057350 -10.645171
v -0.512294 4.059251 -10.647499
v -0.512294 4.059251 -10.647499
v -0.512294 4.059251 -10.647499
v -0.512294 4.059251 -10.647499
v -0.424154 4.056108 -10.645997
v -0.424154 4.056108 -10.645997
v -0.424154 4.056108 -10.645997
v -0.512294 4.057518 -10.648651
v -0.512294 4.057518 -10.648651
v -0.512294 4.057518 -10.648651
v -0.512294 4.057518 -10.648651
v -0.424154 4.054729 -10.646564
v -0.424154 4.054729 -10.646564
v -0.424154 4.054729 -10.646564
v -0.512294 4.055594 -10.649443
v -0.512294 4.055594 -10.649443
v -0.512294 4.055594 -10.649443
v -0.512294 4.055594 -10.649443
v -0.424154 4.053265 -10.646852
v -0.424154 4.053265 -10.646852
v -0.424154 4.053265 -10.646852
v -0.512294 4.053553 -10.649844
v -0.512294 4.053553 -10.649844
v -0.512294 4.053553 -10.649844
v -0.512294 4.053553 -10.649844
v -0.424154 4.051774 -10.646849
v -0.424154 4.051774 -10.646849
v -0.424154 4.051774 -10.646849
v -0.512294 4.051473 -10.649839
v -0.512294 4.051473 -10.649839
v -0.512294 4.051473 -10.649839
v -0.512294 4.051473 -10.649839
v -0.424154 4.050312 -10.646554
v -0.424154 4.050312 -10.646554
v -0.424154 4.050312 -10.646554
v -0.512294 4.049433 -10.649429
v -0.512294 4.049433 -10.649429
v -0.512294 4.049433 -10.649429
v -0.512294 4.049433 -10.649429
v -0.424154 4.048935 -10.645981
v -0.424154 4.048935 -10.645981
v -0.424154 4.048935 -10.645981
v -0.512294 4.047512 -10.648628
v -0.512294 4.047512 -10.648628
v -0.512294 4.047512 -10.648628
v -0.512294 4.047512 -10.648628
v -0.424154 4.047697 -10.645149
v -0.424154 4.047697 -10.645149
v -0.424154 4.047697 -10.645149
v -0.512294 4.045785 -10.647469
v -0.512294 4.045785 -10.647469
v -0.512294 4.045785 -10.647469
v -0.512294 4.045785 -10.647469
v -0.424154 4.046645 -10.644093
v -0.424154 4.046645 -10.644093
v -0.424154 4.046645 -10.644093
v -0.512294 4.044317 -10.645994
v -0.512294 4.044317 -10.645994
v -0.512294 4.044317 -10.645994
v -0.512294 4.044317 -10.645994
v -0.424154 4.045819 -10.642851
v -0.424154 4.045819 -10.642851
v -0.424154 4.045819 -10.642851
v -0.512294 4.043165 -10.644261
v -0.512294 4.043165 -10.644261
v -0.512294 4.043165 -10.644261
v -0.512294 4.043165 -10.644261
v -0.424154 4.045251 -10.641471
v -0.424154 4.045251 -10.641471
v -0.424154 4.045251 -10.641471
v -0.512294 4.042373 -10.642338
v -0.512294 4.042373 -10.642338
v -0.512294 4.042373 -10.642338
v -0.512294 4.042373 -10.642338
v -0.424154 4.044964 -10.640008
v -0.424154 4.044964 -10.640008
v -0.424154 4.044964 -10.640008
v -0.512294 4.041972 -10.640296
v -0.512294 4.041972 -10.640296
v -0.512294 4.041972 -10.640296
v -0.512294 4.041972 -10.640296
v -0.424154 4.044967 -10.638516
v -0.424154 4.044967 -10.638516
v -0.424154 4.044967 -10.638516
v -0.512294 4.041976 -10.638215
v -0.512294 4.041976 -10.638215
v -0.512294 4.041976 -10.638215
v -0.512294 4.041976 -10.638215
v -0.424154 4.045261 -10.637054
v -0.424154 4.045261 -10.637054
v -0.424154 4.045261 -10.637054
v -0.512294 4.042387 -10.636175
v -0.512294 4.042387 -10.636175
v -0.512294 4.042387 -10.636175
v -0.512294 4.042387 -10.636175
v -0.424154 4.045835 -10.635678
v -0.424154 4.045835 -10.635678
v -0.424154 4.045835 -10.635678
v -0.512294 4.043187 -10.634255
v -0.512294 4.043187 -10.634255
v -0.512294 4.043187 -10.634255
v -0.512294 4.043187 -10.634255
v -0.424154 4.046667 -10.634439
v -0.424154 4.046667 -10.634439
v -0.424154 4.046667 -10.634439
v -0.512294 4.044347 -10.632527
v -0.512294 4.044347 -10.632527
v -0.512294 4.044347 -10.632527
v -0.512294 4.044347 -10.632527
v -0.424154 4.047723 -10.633388
v -0.424154 4.047723 -10.633388
v -0.424154 4.047723 -10.633388
v -0.512294 4.045822 -10.631060
v -0.512294 4.045822 -10.631060
v -0.512294 4.045822 -10.631060
v -0.512294 4.045822 -10.631060
v -0.424154 4.048965 -10.632562
v -0.424154 4.048965 -10.632562
v -0.424154 4.048965 -10.632562
v -0.512294 4.047554 -10.629908
v -0.512294 4.047554 -10.629908
v -0.512294 4.047554 -10.629908
v -0.512294 4.047554 -10.629908
v -0.424154 4.050344 -10.631994
v -0.424154 4.050344 -10.631994
v -0.424154 4.050344 -10.631994
v -0.512294 4.049479 -10.629116
v -0.512294 4.049479 -10.629116
v -0.512294 4.049479 -10.629116
v -0.512294 4.049479 -10.629116
v -0.424154 4.051808 -10.631706
v -0.424154 4.051808 -10.631706
v -0.424154 4.051808 -10.631706
v -0.512294 4.051520 -10.628715
v -0.512294 4.051520 -10.628715
v -0.512294 4.051520 -10.628715
v -0.512294 4.051520 -10.628715
v -0.424154 4.053299 -10.631710
v -0.424154 4.053299 -10.631710
v -0.424154 4.053299 -10.631710
v -0.512294 4.053600 -10.628719
v -0.512294 4.053600 -10.628719
v -0.512294 4.053600 -10.628719
v -0.512294 4.053600 -10.628719
v -0.424154 4.054761 -10.632004
v -0.424154 4.054761 -10.632004
v -0.424154 4.054761 -10.632004
v -0.512294 4.055640 -10.629129
v -0.512294 4.055640 -10.629129
v -0.512294 4.055640 -10.629129
v -0.512294 4.055640 -10.629129
v -0.526581 4.059322 -10.626654
v -0.526581 4.059322 -10.626654
v -0.526581 4.059322 -10.626654
v -0.526581 4.059322 -10.626654
v -0.526581 4.061655 -10.628220
v -0.526581 4.061655 -10.628220
v -0.526581 4.061655 -10.628220
v -0.526581 4.061655 -10.628220
v -0.526581 4.063637 -10.630211
v -0.526581 4.063637 -10.630211
v -0.526581 4.063637 -10.630211
v -0.526581 4.063637 -10.630211
v -0.526581 4.065193 -10.632551
v -0.526581 4.065193 -10.632551
v -0.526581 4.065193 -10.632551
v -0.526581 4.065193 -10.632551
v -0.526581 4.066262 -10.635149
v -0.526581 4.066262 -10.635149
v -0.526581 4.066262 -10.635149
v -0.526581 4.066262 -10.635149
v -0.526581 4.066804 -10.637906
v -0.526581 4.066804 -10.637906
v -0.526581 4.066804 -10.637906
v -0.526581 4.066804 -10.637906
v -0.526581 4.066798 -10.640717
v -0.526581 4.066798 -10.640717
v -0.526581 4.066798 -10.640717
v -0.526581 4.066798 -10.640717
v -0.526581 4.066244 -10.643471
v -0.526581 4.066244 -10.643471
v -0.526581 4.066244 -10.643471
v -0.526581 4.066244 -10.643471
v -0.526581 4.065163 -10.646065
v -0.526581 4.065163 -10.646065
v -0.526581 4.065163 -10.646065
v -0.526581 4.065163 -10.646065
v -0.526581 4.063596 -10.648397
v -0.526581 4.063596 -10.648397
v -0.526581 4.063596 -10.648397
v -0.526581 4.063596 -10.648397
v -0.526581 4.061604 -10.650380
v -0.526581 4.061604 -10.650380
v -0.526581 4.061604 -10.650380
v -0.526581 4.061604 -10.650380
v -0.526581 4.059265 -10.651936
v -0.526581 4.059265 -10.651936
v -0.526581 4.059265 -10.651936
v -0.526581 4.059265 -10.651936
v -0.526581 4.056666 -10.653005
v -0.526581 4.056666 -10.653005
v -0.526581 4.056666 -10.653005
v -0.526581 4.056666 -10.653005
v -0.526581 4.053909 -10.653547
v -0.526581 4.053909 -10.653547
v -0.526581 4.053909 -10.653547
v -0.526581 4.053909 -10.653547
v -0.526581 4.051099 -10.653541
v -0.526581 4.051099 -10.653541
v -0.526581 4.051099 -10.653541
v -0.526581 4.051099 -10.653541
v -0.526581 4.048345 -10.652987
v -0.526581 4.048345 -10.652987
v -0.526581 4.048345 -10.652987
v -0.526581 4.048345 -10.652987
v -0.526581 4.045751 -10.651905
v -0.526581 4.045751 -10.651905
v -0.526581 4.045751 -10.651905
v -0.526581 4.045751 -10.651905
v -0.526581 4.043418 -10.650339
v -0.526581 4.043418 -10.650339
v -0.526581 4.043418 -10.650339
v -0.526581 4.043418 -10.650339
v -0.526581 4.041436 -10.648348
v -0.526581 4.041436 -10.648348
v -0.526581 4.041436 -10.648348
v -0.526581 4.041436 -10.648348
v -0.526581 4.039880 -10.646008
v -0.526581 4.039880 -10.646008
v -0.526581 4.039880 -10.646008
v -0.526581 4.039880 -10.646008
v -0.526581 4.038811 -10.643410
v -0.526581 4.038811 -10.643410
v -0.526581 4.038811 -10.643410
v -0.526581 4.038811 -10.643410
v -0.526581 4.038269 -10.640652
v -0.526581 4.038269 -10.640652
v -0.526581 4.038269 -10.640652
v -0.526581 4.038269 -10.640652
v -0.526581 4.038275 -10.637842
v -0.526581 4.038275 -10.637842
v -0.526581 4.038275 -10.637842
v -0.526581 4.038275 -10.637842
v -0.526581 4.038829 -10.635088
v -0.526581 4.038829 -10.635088
v -0.526581 4.038829 -10.635088
v -0.526581 4.038829 -10.635088
v -0.526581 4.039911 -10.632494
v -0.526581 4.039911 -10.632494
v -0.526581 4.039911 -10.632494
v -0.526581 4.039911 -10.632494
v -0.526581 4.041477 -10.630161
v -0.526581 4.041477 -10.630161
v -0.526581 4.041477 -10.630161
v -0.526581 4.041477 -10.630161
v -0.526581 4.043468 -10.628179
v -0.526581 4.043468 -10.628179
v -0.526581 4.043468 -10.628179
v -0.526581 4.043468 -10.628179
v -0.526581 4.045808 -10.626623
v -0.526581 4.045808 -10.626623
v -0.526581 4.045808 -10.626623
v -0.526581 4.045808 -10.626623
v -0.526581 4.048407 -10.625553
v -0.526581 4.048407 -10.625553
v -0.526581 4.048407 -10.625553
v -0.526581 4.048407 -10.625553
v -0.526581 4.051164 -10.625011
v -0.526581 4.051164 -10.625011
v -0.526581 4.051164 -10.625011
v -0.526581 4.051164 -10.625011
v -0.526581 4.053973 -10.625018
v -0.526581 4.053973 -10.625018
v -0.526581 4.053973 -10.625018
v -0.526581 4.053973 -10.625018
v -0.526581 4.056728 -10.625572
v -0.526581 4.056728 -10.625572
v -0.526581 4.056728 -10.625572
v -0.526581 4.056728 -10.625572
v -0.536553 4.054795 -10.635076
v -0.536553 4.054795 -10.635076
v -0.536553 4.054795 -10.635076
v -0.536553 4.054795 -10.635076
v -0.536553 4.059005 -10.637443
v -0.536553 4.059005 -10.637443
v -0.536553 4.059005 -10.637443
v -0.536553 4.059005 -10.637443
v -0.536553 4.062965 -10.639879
v -0.536553 4.062965 -10.639879
v -0.536553 4.062965 -10.639879
v -0.536553 4.062965 -10.639879
v -0.536553 4.066525 -10.642293
v -0.536553 4.066525 -10.642293
v -0.536553 4.066525 -10.642293
v -0.536553 4.066525 -10.642293
v -0.536553 4.069548 -10.644590
v -0.536553 4.069548 -10.644590
v -0.536553 4.069548 -10.644590
v -0.536553 4.069548 -10.644590
v -0.536553 4.071917 -10.646685
v -0.536553 4.071917 -10.646685
v -0.536553 4.071917 -10.646685
v -0.536553 4.071917 -10.646685
v -0.536553 4.073541 -10.648494
v -0.536553 4.073541 -10.648494
v -0.536553 4.073541 -10.648494
v -0.536553 4.073541 -10.648494
v -0.536553 4.074357 -10.649949
v -0.536553 4.074357 -10.649949
v -0.536553 4.074357 -10.649949
v -0.536553 4.074357 -10.649949
v -0.536553 4.074336 -10.650994
v -0.536553 4.074336 -10.650994
v -0.536553 4.074336 -10.650994
v -0.536553 4.074336 -10.650994
v -0.536553 4.073476 -10.651589
v -0.536553 4.073476 -10.651589
v -0.536553 4.073476 -10.651589
v -0.536553 4.073476 -10.651589
v -0.536553 4.071812 -10.651711
v -0.536553 4.071812 -10.651711
v -0.536553 4.071812 -10.651711
v -0.536553 4.071812 -10.651711
v -0.536553 4.069407 -10.651355
v -0.536553 4.069407 -10.651355
v -0.536553 4.069407 -10.651355
v -0.536553 4.069407 -10.651355
v -0.536553 4.066353 -10.650535
v -0.536553 4.066353 -10.650535
v -0.536553 4.066353 -10.650535
v -0.536553 4.066353 -10.650535
v -0.536553 4.062769 -10.649282
v -0.536553 4.062769 -10.649282
v -0.536553 4.062769 -10.649282
v -0.536553 4.062769 -10.649282
v -0.536553 4.058792 -10.647646
v -0.536553 4.058792 -10.647646
v -0.536553 4.058792 -10.647646
v -0.536553 4.058792 -10.647646
v -0.536553 4.054574 -10.645687
v -0.536553 4.054574 -10.645687
v -0.536553 4.054574 -10.645687
v -0.536553 4.054574 -10.645687
v -0.536553 4.050278 -10.643482
v -0.536553 4.050278 -10.643482
v -0.536553 4.050278 -10.643482
v -0.536553 4.050278 -10.643482
v -0.536553 4.046068 -10.641116
v -0.536553 4.046068 -10.641116
v -0.536553 4.046068 -10.641116
v -0.536553 4.046068 -10.641116
v -0.536553 4.042108 -10.638680
v -0.536553 4.042108 -10.638680
v -0.536553 4.042108 -10.638680
v -0.536553 4.042108 -10.638680
v -0.536553 4.038548 -10.636266
v -0.536553 4.038548 -10.636266
v -0.536553 4.038548 -10.636266
v -0.536553 4.038548 -10.636266
v -0.536553 4.035525 -10.633967
v -0.536553 4.035525 -10.633967
v -0.536553 4.035525 -10.633967
v -0.536553 4.035525 -10.633967
v -0.536553 4.033156 -10.631874
v -0.536553 4.033156 -10.631874
v -0.536553 4.033156 -10.631874
v -0.536553 4.033156 -10.631874
v -0.536553 4.031532 -10.630065
v -0.536553 4.031532 -10.630065
v -0.536553 4.031532 -10.630065
v -0.536553 4.031532 -10.630065
v -0.536553 4.030716 -10.628610
v -0.536553 4.030716 -10.628610
v -0.536553 4.030716 -10.628610
v -0.536553 4.030716 -10.628610
v -0.536553 4.030737 -10.627564
v -0.536553 4.030737 -10.627564
v -0.536553 4.030737 -10.627564
v -0.536553 4.030737 -10.627564
v -0.536553 4.031597 -10.626969
v -0.536553 4.031597 -10.626969
v -0.536553 4.031597 -10.626969
v -0.536553 4.031597 -10.626969
v -0.536553 4.033261 -10.626847
v -0.536553 4.033261 -10.626847
v -0.536553 4.033261 -10.626847
v -0.536553 4.033261 -10.626847
v -0.536553 4.035666 -10.627204
v -0.536553 4.035666 -10.627204
v -0.536553 4.035666 -10.627204
v -0.536553 4.035666 -10.627204
v -0.536553 4.038720 -10.628023
v -0.536553 4.038720 -10.628023
v -0.536553 4.038720 -10.628023
v -0.536553 4.038720 -10.628023
v -0.536553 4.042304 -10.629276
v -0.536553 4.042304 -10.629276
v -0.536553 4.042304 -10.629276
v -0.536553 4.042304 -10.629276
v -0.536553 4.046281 -10.630913
v -0.536553 4.046281 -10.630913
v -0.536553 4.046281 -10.630913
v -0.536553 4.046281 -10.630913
v -0.536553 4.050499 -10.632872
v -0.536553 4.050499 -10.632872
v -0.536553 4.050499 -10.632872
v -0.536553 4.050499 -10.632872
v -0.563981 4.054795 -10.635076
v -0.563981 4.054795 -10.635076
v -0.563981 4.054795 -10.635076
v -0.563981 4.054795 -10.635076
v -0.563981 4.059005 -10.637443
v -0.563981 4.059005 -10.637443
v -0.563981 4.059005 -10.637443
v -0.563981 4.059005 -10.637443
v -0.563981 4.062965 -10.639879
v -0.563981 4.062965 -10.639879
v -0.563981 4.062965 -10.639879
v -0.563981 4.062965 -10.639879
v -0.563981 4.066525 -10.642293
v -0.563981 4.066525 -10.642293
v -0.563981 4.066525 -10.642293
v -0.563981 4.066525 -10.642293
v -0.563981 4.069548 -10.644590
v -0.563981 4.069548 -10.644590
v -0.563981 4.069548 -10.644590
v -0.563981 4.069548 -10.644590
v -0.563981 4.071917 -10.646685
v -0.563981 4.071917 -10.646685
v -0.563981 4.071917 -10.646685
v -0.563981 4.071917 -10.646685
v -0.563981 4.073541 -10.648494
v -0.563981 4.073541 -10.648494
v -0.563981 4.073541 -10.648494
v -0.563981 4.073541 -10.648494
v -0.563981 4.074357 -10.649949
v -0.563981 4.074357 -10.649949
v -0.563981 4.074357 -10.649949
v -0.563981 4.074357 -10.649949
v -0.563981 4.074336 -10.650994
v -0.563981 4.074336 -10.650994
v -0.563981 4.074336 -10.650994
v -0.563981 4.074336 -10.650994
v -0.563981 4.073476 -10.651589
v -0.563981 4.073476 -10.651589
v -0.563981 4.073476 -10.651589
v -0.563981 4.073476 -10.651589
v -0.563981 4.071812 -10.651711
v -0.563981 4.071812 -10.651711
v -0.563981 4.071812 -10.651711
v -0.563981 4.071812 -10.651711
v -0.563981 4.069407 -10.651355
v -0.563981 4.069407 -10.651355
v -0.563981 4.069407 -10.651355
v -0.563981 4.069407 -10.651355
v -0.563981 4.066353 -10.650535
v -0.563981 4.066353 -10.650535
v -0.563981 4.066353 -10.650535
v -0.563981 4.066353 -10.650535
v -0.563981 4.062769 -10.649282
v -0.563981 4.062769 -10.649282
v -0.563981 4.062769 -10.649282
v -0.563981 4.062769 -10.649282
v -0.563981 4.058792 -10.647646
v -0.563981 4.058792 -10.647646
v -0.563981 4.058792 -10.647646
v -0.563981 4.058792 -10.647646
v -0.563981 4.054574 -10.645687
v -0.563981 4.054574 -10.645687
v -0.563981 4.054574 -10.645687
v -0.563981 4.054574 -10.645687
v -0.563981 4.050278 -10.643482
v -0.563981 4.050278 -10.643482
v -0.563981 4.050278 -10.643482
v -0.563981 4.050278 -10.643482
v -0.563981 4.046068 -10.641116
v -0.563981 4.046068 -10.641116
v -0.563981 4.046068 -10.641116
v -0.563981 4.046068 -10.641116
v -0.563981 4.042108 -10.638680
v -0.563981 4.042108 -10.638680
v -0.563981 4.042108 -10.638680
v -0.563981 4.042108 -10.638680
v -0.563981 4.038548 -10.636266
v -0.563981 4.038548 -10.636266
v -0.563981 4.038548 -10.636266
v -0.563981 4.038548 -10.636266
v -0.563981 4.035525 -10.633967
v -0.563981 4.035525 -10.633967
v -0.563981 4.035525 -10.633967
v -0.563981 4.035525 -10.633967
v -0.563981 4.033156 -10.631874
v -0.563981 4.033156 -10.631874
v -0.563981 4.033156 -10.631874
v -0.563981 4.033156 -10.631874
v -0.563981 4.031532 -10.630065
v -0.563981 4.031532 -10.630065
v -0.563981 4.031532 -10.630065
v -0.563981 4.031532 -10.630065
v -0.563981 4.030716 -10.628610
v -0.563981 4.030716 -10.628610
v -0.563981 4.030716 -10.628610
v -0.563981 4.030716 -10.628610
v -0.563981 4.030737 -10.627564
v -0.563981 4.030737 -10.627564
v -0.563981 4.030737 -10.627564
v -0.563981 4.030737 -10.627564
v -0.563981 4.031597 -10.626969
v -0.563981 4.031597 -10.626969
v -0.563981 4.031597 -10.626969
v -0.563981 4.031597 -10.626969
v -0.563981 4.033261 -10.626847
v -0.563981 4.033261 -10.626847
v -0.563981 4.033261 -10.626847
v -0.563981 4.033261 -10.626847
v -0.563981 4.035666 -10.627204
v -0.563981 4.035666 -10.627204
v -0.563981 4.035666 -10.627204
v -0.563981 4.035666 -10.627204
v -0.563981 4.038720 -10.628023
v -0.563981 4.038720 -10.628023
v -0.563981 4.038720 -10.628023
v -0.563981 4.038720 -10.628023
v -0.563981 4.042304 -10.629276
v -0.563981 4.042304 -10.629276
v -0.563981 4.042304 -10.629276
v -0.563981 4.042304 -10.629276
v -0.563981 4.046281 -10.630913
v -0.563981 4.046281 -10.630913
v -0.563981 4.046281 -10.630913
v -0.563981 4.046281 -10.630913
v -0.563981 4.050499 -10.632872
v -0.563981 4.050499 -10.632872
v -0.563981 4.050499 -10.632872
v -0.563981 4.050499 -10.632872
v -0.580280 4.057000 -10.638011
v -0.580280 4.057000 -10.638011
v -0.580280 4.057000 -10.638011
v -0.580280 4.054095 -10.636378
v -0.580280 4.054095 -10.636378
v -0.580280 4.054095 -10.636378
v -0.580280 4.059734 -10.639693
v -0.580280 4.059734 -10.639693
v -0.580280 4.059734 -10.639693
v -0.580280 4.062191 -10.641359
v -0.580280 4.062191 -10.641359
v -0.580280 4.062191 -10.641359
v -0.580280 4.064277 -10.642945
v -0.580280 4.064277 -10.642945
v -0.580280 4.064277 -10.642945
v -0.580280 4.065911 -10.644390
v -0.580280 4.065911 -10.644390
v -0.580280 4.065911 -10.644390
v -0.580280 4.067032 -10.645638
v -0.580280 4.067032 -10.645638
v -0.580280 4.067032 -10.645638
v -0.580280 4.067596 -10.646643
v -0.580280 4.067596 -10.646643
v -0.580280 4.067596 -10.646643
v -0.580280 4.067581 -10.647364
v -0.580280 4.067581 -10.647364
v -0.580280 4.067581 -10.647364
v -0.580280 4.066988 -10.647775
v -0.580280 4.066988 -10.647775
v -0.580280 4.066988 -10.647775
v -0.580280 4.065839 -10.647859
v -0.580280 4.065839 -10.647859
v -0.580280 4.065839 -10.647859
v -0.580280 4.064179 -10.647614
v -0.580280 4.064179 -10.647614
v -0.580280 4.064179 -10.647614
v -0.580280 4.062072 -10.647047
v -0.580280 4.062072 -10.647047
v -0.580280 4.062072 -10.647047
v -0.580280 4.059598 -10.646183
v -0.580280 4.059598 -10.646183
v -0.580280 4.059598 -10.646183
v -0.580280 4.056853 -10.645053
v -0.580280 4.056853 -10.645053
v -0.580280 4.056853 -10.645053
v -0.580280 4.053943 -10.643702
v -0.580280 4.053943 -10.643702
v -0.580280 4.053943 -10.643702
v -0.580280 4.050978 -10.642180
v -0.580280 4.050978 -10.642180
v -0.580280 4.050978 -10.642180
v -0.580280 4.048072 -10.640547
v -0.580280 4.048072 -10.640547
v -0.580280 4.048072 -10.640547
v -0.580280 4.045339 -10.638865
v -0.580280 4.045339 -10.638865
v -0.580280 4.045339 -10.638865
v -0.580280 4.042882 -10.637199
v -0.580280 4.042882 -10.637199
v -0.580280 4.042882 -10.637199
v -0.580280 4.040796 -10.635613
v -0.580280 4.040796 -10.635613
v -0.580280 4.040796 -10.635613
v -0.580280 4.039162 -10.634169
v -0.580280 4.039162 -10.634169
v -0.580280 4.039162 -10.634169
v -0.580280 4.038041 -10.632920
v -0.580280 4.038041 -10.632920
v -0.580280 4.038041 -10.632920
v -0.580280 4.037477 -10.631916
v -0.580280 4.037477 -10.631916
v -0.580280 4.037477 -10.631916
v -0.580280 4.037492 -10.631194
v -0.580280 4.037492 -10.631194
v -0.580280 4.037492 -10.631194
v -0.580280 4.038085 -10.630784
v -0.580280 4.038085 -10.630784
v -0.580280 4.038085 -10.630784
v -0.580280 4.039234 -10.630700
v -0.580280 4.039234 -10.630700
v -0.580280 4.039234 -10.630700
v -0.580280 4.040894 -10.630945
v -0.580280 4.040894 -10.630945
v -0.580280 4.040894 -10.630945
v -0.580280 4.043001 -10.631511
v -0.580280 4.043001 -10.631511
v -0.580280 4.043001 -10.631511
v -0.580280 4.045475 -10.632376
v -0.580280 4.045475 -10.632376
v -0.580280 4.045475 -10.632376
v -0.580280 4.048220 -10.633505
v -0.580280 4.048220 -10.633505
v -0.580280 4.048220 -10.633505
v -0.580280 4.051130 -10.634857
v -0.580280 4.051130 -10.634857
v -0.580280 4.051130 -10.634857
v -0.239926 3.319556 -10.535244
v -0.239926 3.319556 -10.535244
v -0.229687 3.458902 -10.544458
v -0.229687 3.458902 -10.544458
v -0.229687 3.458902 -10.544458
v -0.239926 3.319556 -10.673140
v -0.239926 3.319556 -10.673140
v -0.349370 2.991665 -10.545397
v -0.229687 3.458902 -10.670177
v -0.229687 3.458902 -10.670177
v -0.229687 3.458902 -10.670177
v -0.356322 3.042829 -10.548062
v -0.464204 3.319556 -10.673140
v -0.464204 3.319556 -10.673140
v -0.464204 3.458902 -10.670177
v -0.464204 3.458902 -10.670177
v -0.464204 3.319556 -10.535244
v -0.464204 3.319556 -10.535244
v -0.334971 2.991665 -10.545397
v -0.464204 3.458902 -10.544458
v -0.464204 3.458902 -10.544458
v -0.336591 3.042829 -10.548062
v -0.330027 3.565257 -10.544458
v -0.330027 3.565257 -10.544458
v -0.330027 3.565257 -10.544458
v -0.330027 3.563716 -10.667214
v -0.330027 3.563716 -10.667214
v -0.330027 3.563716 -10.667214
v -0.358582 3.114764 -10.545837
v -0.464204 3.587265 -10.667214
v -0.464204 3.587265 -10.667214
v -0.464204 3.587265 -10.667214
v -0.464204 3.587265 -10.667214
v -0.464204 3.587265 -10.667214
v -0.464204 3.588806 -10.544458
v -0.464204 3.588806 -10.544458
v -0.464204 3.588806 -10.544458
v -0.464204 3.588806 -10.544458
v -0.344047 3.119480 -10.545837
v -0.231735 3.240717 -10.535244
v -0.231735 3.240717 -10.535244
v -0.231735 3.240717 -10.535244
v -0.370839 3.141977 -10.543030
v -0.370839 3.141977 -10.543030
v -0.231735 3.240717 -10.690322
v -0.231735 3.240717 -10.690322
v -0.231735 3.240717 -10.690322
v -0.464204 3.240717 -10.690322
v -0.464204 3.240717 -10.690322
v -0.464204 3.240717 -10.535244
v -0.464204 3.240717 -10.535244
v -0.365459 3.150007 -10.543030
v -0.365459 3.150007 -10.543030
v -0.250401 3.265249 -10.690322
v -0.250401 3.265249 -10.690322
v -0.250401 3.265249 -10.690322
v -0.464204 3.260130 -10.690322
v -0.464204 3.260130 -10.690322
v -0.464204 3.260130 -10.690322
v -0.383862 3.140126 -10.543030
v -0.383862 3.140126 -10.543030
v -0.250401 3.265249 -10.535244
v -0.250401 3.265249 -10.535244
v -0.250401 3.265249 -10.535244
v -0.464204 3.260130 -10.535244
v -0.464204 3.260130 -10.535244
v -0.390190 3.147432 -10.543030
v -0.390190 3.147432 -10.543030
v -0.294191 3.218192 -10.535244
v -0.294191 3.218192 -10.535244
v -0.294191 3.218192 -10.535244
v -0.294191 3.218192 -10.690322
v -0.294191 3.218192 -10.690322
v -0.294191 3.218192 -10.690322
v -0.386443 3.130717 -10.546813
v -0.464204 3.199763 -10.690322
v -0.464204 3.199763 -10.690322
v -0.464204 3.199763 -10.690322
v -0.464204 3.199763 -10.535244
v -0.464204 3.199763 -10.535244
v -0.403664 3.130136 -10.546813
v -0.403664 3.130136 -10.546813
v -0.306799 3.141933 -10.535244
v -0.306799 3.141933 -10.535244
v -0.306799 3.141933 -10.695655
v -0.306799 3.141933 -10.695655
v -0.387023 3.120019 -10.543388
v -0.387023 3.120019 -10.543388
v -0.464204 3.123503 -10.695655
v -0.464204 3.123503 -10.695655
v -0.464204 3.123503 -10.695655
v -0.464204 3.123503 -10.535244
v -0.464204 3.123503 -10.535244
v -0.397400 3.119669 -10.543388
v -0.397400 3.119669 -10.543388
v -0.281845 3.042487 -10.535244
v -0.281845 3.042487 -10.535244
v -0.281845 3.042487 -10.695655
v -0.281845 3.042487 -10.695655
v -0.331216 2.954638 -10.543938
v -0.331216 2.954638 -10.543938
v -0.464204 3.024057 -10.695655
v -0.464204 3.024057 -10.695655
v -0.322265 2.961829 -10.543938
v -0.322265 2.961829 -10.543938
v -0.464204 3.024057 -10.535244
v -0.464204 3.024057 -10.535244
v -0.198669 2.995610 -10.535244
v -0.198669 2.995610 -10.535244
v -0.198669 2.995610 -10.535244
v -0.198669 2.995610 -10.695655
v -0.198669 2.995610 -10.695655
v -0.198669 2.995610 -10.695655
v -0.306248 2.947753 -10.542104
v -0.306248 2.947753 -10.542104
v -0.464204 2.962676 -10.691507
v -0.464204 2.962676 -10.691507
v -0.464204 2.962676 -10.691507
v -0.464204 2.962676 -10.535244
v -0.464204 2.962676 -10.535244
v -0.464204 2.962676 -10.535244
v -0.306812 2.955545 -10.542104
v -0.306812 2.955545 -10.542104
v -0.211483 2.951393 -10.535244
v -0.211483 2.951393 -10.535244
v -0.211483 2.951393 -10.535244
v -0.211483 2.951393 -10.691507
v -0.211483 2.951393 -10.691507
v -0.211483 2.951393 -10.691507
v -0.283918 2.964573 -10.544214
v -0.464204 2.925285 -10.691507
v -0.464204 2.925285 -10.691507
v -0.464204 2.925285 -10.691507
v -0.295797 2.966494 -10.544214
v -0.295797 2.966494 -10.544214
v -0.464204 2.925285 -10.535570
v -0.464204 2.925285 -10.535570
v -0.464204 2.925285 -10.535570
v -0.464204 2.988247 -10.695655
v -0.464204 2.988247 -10.695655
v -0.464204 2.988247 -10.695655
v -0.464204 2.988247 -10.535244
v -0.464204 2.988247 -10.535244
v -0.278338 2.973761 -10.551555
v -0.278338 2.973761 -10.551555
v -0.265000 3.019048 -10.535244
v -0.265000 3.019048 -10.535244
v -0.265000 3.019048 -10.535244
v -0.305052 2.973450 -10.551555
v -0.305052 2.973450 -10.551555
v -0.265000 3.019048 -10.695655
v -0.265000 3.019048 -10.695655
v -0.265000 3.019048 -10.695655
v -0.171917 2.854918 -10.538810
v -0.171917 2.854918 -10.538810
v -0.278461 2.984335 -10.551555
v -0.171917 2.854918 -10.685700
v -0.171917 2.854918 -10.685700
v -0.464204 2.822992 -10.685700
v -0.464204 2.822992 -10.685700
v -0.464204 2.822992 -10.685700
v -0.305175 2.984025 -10.551555
v -0.464204 2.822992 -10.538810
v -0.464204 2.822992 -10.538810
v -0.464204 2.822992 -10.538810
v -0.169336 2.762412 -10.549717
v -0.169336 2.762412 -10.549717
v -0.282405 2.991443 -10.547681
v -0.282405 2.991443 -10.547681
v -0.169336 2.762412 -10.674991
v -0.169336 2.762412 -10.674991
v -0.464204 2.732056 -10.674991
v -0.464204 2.732056 -10.674991
v -0.464204 2.732056 -10.674991
v -0.301371 2.991222 -10.547681
v -0.301371 2.991222 -10.547681
v -0.464204 2.732056 -10.549717
v -0.464204 2.732056 -10.549717
v -0.464204 2.732056 -10.549717
v -0.204811 2.694773 -10.556296
v -0.204811 2.694773 -10.556296
v -0.204811 2.694773 -10.672559
v -0.204811 2.694773 -10.672559
v -0.464204 2.672878 -10.672559
v -0.464204 2.672878 -10.672559
v -0.464204 2.672878 -10.672559
v -0.464204 2.672879 -10.556296
v -0.464204 2.672879 -10.556296
v -0.464204 2.672879 -10.556296
v -0.253987 2.630192 -10.579674
v -0.253987 2.630192 -10.579674
v -0.253987 2.630192 -10.648589
v -0.253987 2.630192 -10.648589
v -0.464204 2.617280 -10.648589
v -0.464204 2.617280 -10.648589
v -0.464204 2.617280 -10.648589
v -0.464204 2.617280 -10.579674
v -0.464204 2.617280 -10.579674
v -0.464204 2.617280 -10.579674
v -0.316182 2.596057 -10.600489
v -0.316182 2.596057 -10.600489
v -0.316182 2.596057 -10.627775
v -0.316182 2.596057 -10.627775
v -0.464204 2.590944 -10.627775
v -0.464204 2.590944 -10.627775
v -0.464204 2.590944 -10.627775
v -0.464204 2.590944 -10.627775
v -0.464204 2.590944 -10.627775
v -0.464204 2.590944 -10.600489
v -0.464204 2.590944 -10.600489
v -0.464204 2.590944 -10.600489
v -0.464204 2.590944 -10.600489
v -0.464204 2.590944 -10.600489
v -0.688482 3.319556 -10.535244
v -0.688482 3.319556 -10.535244
v -0.698720 3.458902 -10.544458
v -0.698720 3.458902 -10.544458
v -0.698720 3.458902 -10.544458
v -0.688482 3.319556 -10.673140
v -0.688482 3.319556 -10.673140
v -0.698720 3.458902 -10.670177
v -0.698720 3.458902 -10.670177
v -0.698720 3.458902 -10.670177
v -0.598381 3.565257 -10.544458
v -0.598381 3.565257 -10.544458
v -0.598381 3.565257 -10.544458
v -0.598381 3.563716 -10.667214
v -0.598381 3.563716 -10.667214
v -0.598381 3.563716 -10.667214
v -0.696673 3.240717 -10.535244
v -0.696673 3.240717 -10.535244
v -0.696673 3.240717 -10.535244
v -0.696673 3.240717 -10.690322
v -0.696673 3.240717 -10.690322
v -0.696673 3.240717 -10.690322
v -0.678006 3.265249 -10.690322
v -0.678006 3.265249 -10.690322
v -0.678006 3.265249 -10.690322
v -0.678006 3.265249 -10.535244
v -0.678006 3.265249 -10.535244
v -0.678006 3.265249 -10.535244
v -0.634216 3.218192 -10.535244
v -0.634216 3.218192 -10.535244
v -0.634216 3.218192 -10.535244
v -0.634216 3.218192 -10.690322
v -0.634216 3.218192 -10.690322
v -0.634216 3.218192 -10.690322
v -0.621609 3.141933 -10.535244
v -0.621609 3.141933 -10.535244
v -0.621609 3.141933 -10.695655
v -0.621609 3.141933 -10.695655
v -0.646563 3.042487 -10.535244
v -0.646563 3.042487 -10.535244
v -0.646563 3.042487 -10.695655
v -0.646563 3.042487 -10.695655
v -0.729738 2.995610 -10.535244
v -0.729738 2.995610 -10.535244
v -0.729738 2.995610 -10.535244
v -0.579037 2.991665 -10.545397
v -0.729738 2.995610 -10.695655
v -0.729738 2.995610 -10.695655
v -0.729738 2.995610 -10.695655
v -0.572085 3.042829 -10.548062
v -0.716924 2.951393 -10.535244
v -0.716924 2.951393 -10.535244
v -0.716924 2.951393 -10.535244
v -0.716924 2.951393 -10.691507
v -0.716924 2.951393 -10.691507
v -0.716924 2.951393 -10.691507
v -0.593436 2.991665 -10.545397
v -0.663407 3.019048 -10.535244
v -0.663407 3.019048 -10.535244
v -0.663407 3.019048 -10.535244
v -0.663407 3.019048 -10.695655
v -0.663407 3.019048 -10.695655
v -0.663407 3.019048 -10.695655
v -0.591816 3.042829 -10.548062
v -0.756490 2.854918 -10.538810
v -0.756490 2.854918 -10.538810
v -0.756490 2.854918 -10.685700
v -0.756490 2.854918 -10.685700
v -0.569826 3.114764 -10.545837
v -0.759072 2.762412 -10.549717
v -0.759072 2.762412 -10.549717
v -0.759072 2.762412 -10.674991
v -0.759072 2.762412 -10.674991
v -0.584361 3.119480 -10.545837
v -0.723596 2.694773 -10.556296
v -0.723596 2.694773 -10.556296
v -0.723596 2.694773 -10.672559
v -0.723596 2.694773 -10.672559
v -0.557569 3.141977 -10.543030
v -0.557569 3.141977 -10.543030
v -0.674421 2.630192 -10.579674
v -0.674421 2.630192 -10.579674
v -0.674421 2.630192 -10.648589
v -0.674421 2.630192 -10.648589
v -0.562948 3.150007 -10.543030
v -0.562948 3.150007 -10.543030
v -0.612225 2.596057 -10.600489
v -0.612225 2.596057 -10.600489
v -0.612225 2.596057 -10.627775
v -0.612225 2.596057 -10.627775
v -0.544546 3.140126 -10.543030
v -0.544546 3.140126 -10.543030
v -0.538218 3.147432 -10.543030
v -0.538218 3.147432 -10.543030
v -0.541965 3.130717 -10.546813
v -0.524743 3.130136 -10.546813
v -0.524743 3.130136 -10.546813
v -0.541384 3.120019 -10.543388
v -0.541384 3.120019 -10.543388
v -0.531007 3.119669 -10.543388
v -0.531007 3.119669 -10.543388
v -0.597192 2.954638 -10.543938
v -0.597192 2.954638 -10.543938
v -0.606143 2.961829 -10.543938
v -0.606143 2.961829 -10.543938
v -0.622160 2.947753 -10.542104
v -0.622160 2.947753 -10.542104
v -0.621595 2.955545 -10.542104
v -0.621595 2.955545 -10.542104
v -0.644490 2.964573 -10.544214
v -0.632611 2.966494 -10.544214
v -0.632611 2.966494 -10.544214
v -0.650069 2.973761 -10.551555
v -0.650069 2.973761 -10.551555
v -0.623356 2.973450 -10.551555
v -0.623356 2.973450 -10.551555
v -0.649946 2.984335 -10.551555
v -0.623233 2.984025 -10.551555
v -0.646003 2.991443 -10.547681
v -0.646003 2.991443 -10.547681
v -0.627037 2.991222 -10.547681
v -0.627037 2.991222 -10.547681
v -0.403274 3.130637 -10.535244
v -0.403274 3.130637 -10.535244
v -0.390190 3.147432 -10.535244
v -0.390190 3.147432 -10.535244
v -0.390190 3.147432 -10.535244
v -0.383862 3.140126 -10.535244
v -0.383862 3.140126 -10.535244
v -0.383862 3.140126 -10.535244
v -0.385907 3.132671 -10.535244
v -0.385907 3.132671 -10.535244
v -0.365459 3.150007 -10.535244
v -0.365459 3.150007 -10.535244
v -0.365459 3.150007 -10.535244
v -0.355774 3.136199 -10.535244
v -0.355774 3.136199 -10.535244
v -0.367612 3.134813 -10.535244
v -0.367612 3.134813 -10.535244
v -0.370839 3.141977 -10.535244
v -0.370839 3.141977 -10.535244
v -0.370839 3.141977 -10.535244
v -0.403664 3.130136 -10.535244
v -0.403664 3.130136 -10.535244
v -0.403664 3.130136 -10.535244
v -0.387023 3.120019 -10.535244
v -0.387023 3.120019 -10.535244
v -0.387023 3.120019 -10.535244
v -0.397400 3.119669 -10.535244
v -0.397400 3.119669 -10.535244
v -0.397400 3.119669 -10.535244
v -0.386443 3.130717 -10.535244
v -0.386443 3.130717 -10.535244
v -0.344047 3.119480 -10.535244
v -0.344047 3.119480 -10.535244
v -0.358582 3.114764 -10.535244
v -0.358582 3.114764 -10.535244
v -0.355268 3.035067 -10.535244
v -0.355268 3.035067 -10.535244
v -0.356322 3.042829 -10.535244
v -0.356322 3.042829 -10.535244
v -0.336406 3.036973 -10.535244
v -0.336406 3.036973 -10.535244
v -0.336591 3.042829 -10.535244
v -0.336591 3.042829 -10.535244
v -0.351278 3.005708 -10.535244
v -0.351278 3.005708 -10.535244
v -0.335493 3.008149 -10.535244
v -0.335493 3.008149 -10.535244
v -0.349370 2.991665 -10.535244
v -0.349370 2.991665 -10.535244
v -0.334971 2.991665 -10.535244
v -0.334971 2.991665 -10.535244
v -0.329728 2.979355 -10.535244
v -0.329728 2.979355 -10.535244
v -0.305175 2.984025 -10.535244
v -0.305175 2.984025 -10.535244
v -0.342554 2.977764 -10.535244
v -0.342554 2.977764 -10.535244
v -0.305156 2.982402 -10.535244
v -0.305156 2.982402 -10.535244
v -0.301371 2.991222 -10.535244
v -0.301371 2.991222 -10.535244
v -0.301371 2.991222 -10.535244
v -0.279177 2.985625 -10.535244
v -0.279177 2.985625 -10.535244
v -0.282405 2.991443 -10.535244
v -0.282405 2.991443 -10.535244
v -0.282405 2.991443 -10.535244
v -0.305052 2.973450 -10.535322
v -0.305052 2.973450 -10.535322
v -0.305052 2.973450 -10.535322
v -0.278461 2.984335 -10.535255
v -0.278461 2.984335 -10.535255
v -0.331216 2.954638 -10.535404
v -0.331216 2.954638 -10.535404
v -0.331216 2.954638 -10.535404
v -0.306812 2.955545 -10.535373
v -0.306812 2.955545 -10.535373
v -0.306812 2.955545 -10.535373
v -0.306248 2.947753 -10.535369
v -0.306248 2.947753 -10.535369
v -0.306248 2.947753 -10.535369
v -0.322265 2.961829 -10.535396
v -0.322265 2.961829 -10.535396
v -0.322265 2.961829 -10.535396
v -0.283918 2.964573 -10.535345
v -0.283918 2.964573 -10.535345
v -0.295797 2.966494 -10.535362
v -0.295797 2.966494 -10.535362
v -0.295797 2.966494 -10.535362
v -0.278338 2.973761 -10.535341
v -0.278338 2.973761 -10.535341
v -0.278338 2.973761 -10.535341
v -0.572634 3.136199 -10.535244
v -0.572634 3.136199 -10.535244
v -0.562948 3.150007 -10.535244
v -0.562948 3.150007 -10.535244
v -0.562948 3.150007 -10.535244
v -0.560796 3.134813 -10.535244
v -0.560796 3.134813 -10.535244
v -0.557569 3.141977 -10.535244
v -0.557569 3.141977 -10.535244
v -0.557569 3.141977 -10.535244
v -0.544546 3.140126 -10.535244
v -0.544546 3.140126 -10.535244
v -0.544546 3.140126 -10.535244
v -0.525133 3.130637 -10.535244
v -0.525133 3.130637 -10.535244
v -0.538218 3.147432 -10.535244
v -0.538218 3.147432 -10.535244
v -0.538218 3.147432 -10.535244
v -0.542501 3.132671 -10.535244
v -0.542501 3.132671 -10.535244
v -0.592002 3.036973 -10.535244
v -0.592002 3.036973 -10.535244
v -0.591816 3.042829 -10.535244
v -0.591816 3.042829 -10.535244
v -0.572085 3.042829 -10.535244
v -0.572085 3.042829 -10.535244
v -0.573140 3.035067 -10.535244
v -0.573140 3.035067 -10.535244
v -0.584361 3.119480 -10.535244
v -0.584361 3.119480 -10.535244
v -0.569826 3.114764 -10.535244
v -0.569826 3.114764 -10.535244
v -0.541384 3.120019 -10.535244
v -0.541384 3.120019 -10.535244
v -0.541384 3.120019 -10.535244
v -0.541965 3.130717 -10.535244
v -0.541965 3.130717 -10.535244
v -0.524743 3.130136 -10.535244
v -0.524743 3.130136 -10.535244
v -0.524743 3.130136 -10.535244
v -0.531007 3.119669 -10.535244
v -0.531007 3.119669 -10.535244
v -0.531007 3.119669 -10.535244
v -0.649231 2.985625 -10.535244
v -0.649231 2.985625 -10.535244
v -0.623252 2.982402 -10.535244
v -0.623252 2.982402 -10.535244
v -0.627037 2.991222 -10.535244
v -0.627037 2.991222 -10.535244
v -0.627037 2.991222 -10.535244
v -0.646003 2.991443 -10.535244
v -0.646003 2.991443 -10.535244
v -0.646003 2.991443 -10.535244
v -0.623233 2.984025 -10.535244
v -0.623233 2.984025 -10.535244
v -0.598679 2.979355 -10.535244
v -0.598679 2.979355 -10.535244
v -0.593436 2.991665 -10.535244
v -0.593436 2.991665 -10.535244
v -0.579037 2.991665 -10.535244
v -0.579037 2.991665 -10.535244
v -0.585853 2.977764 -10.535244
v -0.585853 2.977764 -10.535244
v -0.592914 3.008149 -10.535244
v -0.592914 3.008149 -10.535244
v -0.577129 3.005708 -10.535244
v -0.577129 3.005708 -10.535244
v -0.650069 2.973761 -10.535341
v -0.650069 2.973761 -10.535341
v -0.650069 2.973761 -10.535341
v -0.632611 2.966494 -10.535362
v -0.632611 2.966494 -10.535362
v -0.632611 2.966494 -10.535362
v -0.644490 2.964573 -10.535345
v -0.644490 2.964573 -10.535345
v -0.621595 2.955545 -10.535373
v -0.621595 2.955545 -10.535373
v -0.621595 2.955545 -10.535373
v -0.622160 2.947753 -10.535369
v -0.622160 2.947753 -10.535369
v -0.622160 2.947753 -10.535369
v -0.597192 2.954638 -10.535404
v -0.597192 2.954638 -10.535404
v -0.597192 2.954638 -10.535404
v -0.606143 2.961829 -10.535396
v -0.606143 2.961829 -10.535396
v -0.606143 2.961829 -10.535396
v -0.649946 2.984335 -10.535255
v -0.649946 2.984335 -10.535255
v -0.623356 2.973450 -10.535322
v -0.623356 2.973450 -10.535322
v -0.623356 2.973450 -10.535322
v -0.464204 3.958461 -10.568751
v -0.464204 3.958461 -10.568751
v -0.464204 3.958461 -10.568751
v -0.464204 3.958461 -10.602036
v -0.464204 3.958461 -10.602036
v -0.464204 3.958461 -10.602036
v -0.437900 3.958461 -10.602036
v -0.437900 3.958461 -10.602036
v -0.437900 3.958461 -10.602036
v -0.437900 3.958461 -10.568751
v -0.437900 3.958461 -10.568751
v -0.437900 3.958461 -10.568751
v -0.437900 3.590995 -10.540311
v -0.437900 3.590995 -10.540311
v -0.437900 3.590995 -10.540311
v -0.437900 3.844697 -10.555717
v -0.437900 3.844697 -10.555717
v -0.437900 3.844697 -10.555717
v -0.437900 3.590995 -10.581891
v -0.437900 3.844697 -10.593149
v -0.437900 3.844697 -10.593149
v -0.437900 3.844697 -10.593149
v -0.464204 3.590995 -10.581891
v -0.464204 3.844697 -10.593149
v -0.464204 3.844697 -10.593149
v -0.464204 3.844697 -10.593149
v -0.464204 3.590995 -10.540311
v -0.464204 3.590995 -10.540311
v -0.464204 3.590995 -10.540311
v -0.464204 3.844697 -10.555717
v -0.464204 3.844697 -10.555717
v -0.464204 3.844697 -10.555717
v -0.437900 3.645751 -10.584321
v -0.437900 3.645751 -10.584321
v -0.437900 3.645751 -10.584321
v -0.437900 3.645751 -10.543635
v -0.437900 3.645751 -10.543635
v -0.464204 3.645751 -10.543635
v -0.464204 3.645751 -10.584321
v -0.464204 3.645751 -10.584321
v -0.464204 3.645751 -10.584321
v -0.437900 3.614533 -10.650008
v -0.437900 3.614533 -10.650008
v -0.437900 3.614533 -10.650008
v -0.437900 3.587338 -10.664310
v -0.437900 3.587338 -10.664310
v -0.437900 3.587338 -10.664310
v -0.464204 3.587338 -10.664310
v -0.464204 3.587338 -10.664310
v -0.464204 3.587338 -10.664310
v -0.464204 3.614533 -10.650008
v -0.464204 3.614533 -10.650008
v -0.464204 3.614533 -10.650008
v -0.437900 3.580511 -10.540078
v -0.437900 3.580511 -10.540078
v -0.437900 3.580511 -10.540078
v -0.437900 3.580511 -10.581658
v -0.437900 3.580511 -10.581658
v -0.437900 3.580511 -10.581658
v -0.464204 3.580511 -10.540078
v -0.464204 3.580511 -10.540078
v -0.464204 3.580511 -10.540078
v -0.464204 3.580511 -10.581658
v -0.464204 3.580511 -10.581658
v -0.464204 3.580511 -10.581658
v -0.437900 3.576854 -10.664077
v -0.437900 3.576854 -10.664077
v -0.437900 3.576854 -10.664077
v -0.464204 3.576854 -10.664077
v -0.464204 3.576854 -10.664077
v -0.464204 3.576854 -10.664077
v -0.490507 3.958461 -10.602036
v -0.490507 3.958461 -10.602036
v -0.490507 3.958461 -10.602036
v -0.490507 3.958461 -10.568751
v -0.490507 3.958461 -10.568751
v -0.490507 3.958461 -10.568751
v -0.490507 3.590995 -10.540311
v -0.490507 3.590995 -10.540311
v -0.490507 3.590995 -10.540311
v -0.490507 3.844697 -10.555717
v -0.490507 3.844697 -10.555717
v -0.490507 3.844697 -10.555717
v -0.490507 3.590995 -10.581891
v -0.490507 3.844697 -10.593149
v -0.490507 3.844697 -10.593149
v -0.490507 3.844697 -10.593149
v -0.490507 3.645751 -10.584321
v -0.490507 3.645751 -10.584321
v -0.490507 3.645751 -10.584321
v -0.490507 3.645751 -10.543635
v -0.490507 3.645751 -10.543635
v -0.490507 3.614533 -10.650008
v -0.490507 3.614533 -10.650008
v -0.490507 3.614533 -10.650008
v -0.490507 3.587338 -10.664310
v -0.490507 3.587338 -10.664310
v -0.490507 3.587338 -10.664310
v -0.490507 3.580511 -10.540078
v -0.490507 3.580511 -10.540078
v -0.490507 3.580511 -10.540078
v -0.490507 3.580511 -10.581658
v -0.490507 3.580511 -10.581658
v -0.490507 3.580511 -10.581658
v -0.490507 3.576854 -10.664077
v -0.490507 3.576854 -10.664077
v -0.490507 3.576854 -10.664077
v -0.428601 3.919052 -10.565197
v -0.428601 3.919052 -10.565197
v -0.428601 3.919052 -10.565197
v -0.450758 4.109028 -10.692168
v -0.450758 4.109028 -10.692168
v -0.450758 4.109028 -10.692168
v -0.428601 3.919052 -10.606184
v -0.428601 3.919052 -10.606184
v -0.428601 3.919052 -10.606184
v -0.428601 4.139573 -10.723503
v -0.428601 4.139573 -10.723503
v -0.428601 4.139573 -10.723503
v -0.464204 3.919052 -10.606184
v -0.464204 3.919052 -10.606184
v -0.464204 4.139573 -10.723503
v -0.464204 4.139573 -10.723503
v -0.464204 4.139573 -10.723503
v -0.464204 3.919052 -10.565197
v -0.464204 3.919052 -10.565197
v -0.464204 4.113915 -10.646429
v -0.464204 4.113915 -10.646429
v -0.428601 3.946920 -10.649440
v -0.428601 3.946920 -10.649440
v -0.428601 3.946920 -10.649440
v -0.450758 3.979881 -10.625372
v -0.450758 3.979881 -10.625372
v -0.450758 3.979881 -10.625372
v -0.464204 3.973027 -10.572857
v -0.464204 3.973027 -10.572857
v -0.464204 3.946920 -10.649440
v -0.464204 3.946920 -10.649440
v -0.428601 3.993799 -10.642989
v -0.428601 3.993799 -10.642989
v -0.428601 3.993799 -10.642989
v -0.440840 4.004559 -10.580602
v -0.440840 4.004559 -10.580602
v -0.440840 4.004559 -10.580602
v -0.440840 4.004559 -10.580602
v -0.467064 4.004559 -10.631433
v -0.467064 4.004559 -10.631433
v -0.464204 3.993799 -10.642989
v -0.464204 3.993799 -10.642989
v -0.428601 4.066686 -10.688283
v -0.428601 4.066686 -10.688283
v -0.428601 4.066686 -10.688283
v -0.440840 4.072066 -10.602821
v -0.440840 4.072066 -10.602821
v -0.440840 4.072066 -10.602821
v -0.440840 4.072066 -10.602821
v -0.467064 4.072066 -10.653653
v -0.467064 4.072066 -10.653653
v -0.464204 4.066686 -10.688283
v -0.464204 4.066686 -10.688283
v -0.428601 4.166324 -10.589910
v -0.428601 4.166324 -10.589910
v -0.428601 4.166324 -10.589910
v -0.428601 4.172534 -10.724332
v -0.428601 4.172534 -10.724332
v -0.428601 4.172534 -10.724332
v -0.464204 4.172534 -10.724332
v -0.464204 4.172534 -10.724332
v -0.464204 4.172534 -10.724332
v -0.464204 4.166324 -10.589910
v -0.464204 4.166324 -10.589910
v -0.464204 4.166324 -10.589910
v -0.428601 4.221536 -10.678261
v -0.428601 4.221536 -10.678261
v -0.428601 4.221536 -10.678261
v -0.428601 4.212317 -10.705358
v -0.428601 4.212317 -10.705358
v -0.428601 4.212317 -10.705358
v -0.464204 4.212317 -10.705358
v -0.464204 4.212317 -10.705358
v -0.464204 4.212317 -10.705358
v -0.464204 4.221536 -10.678261
v -0.464204 4.221536 -10.678261
v -0.464204 4.221536 -10.678261
v -0.464204 4.156054 -10.723918
v -0.464204 4.156054 -10.723918
v -0.428601 4.156054 -10.723918
v -0.428601 4.156054 -10.723918
v -0.428601 4.129612 -10.601325
v -0.428601 4.129612 -10.601325
v -0.428601 4.129612 -10.601325
v -0.464204 4.129612 -10.601325
v -0.464204 4.129612 -10.601325
v -0.464204 4.129612 -10.601325
v -0.428601 4.196375 -10.588274
v -0.428601 4.196375 -10.588274
v -0.428601 4.196375 -10.588274
v -0.464204 4.196375 -10.588274
v -0.464204 4.196375 -10.588274
v -0.464204 4.196375 -10.588274
v -0.428601 4.230328 -10.629649
v -0.428601 4.230328 -10.629649
v -0.428601 4.230328 -10.629649
v -0.464204 4.230328 -10.629649
v -0.464204 4.230328 -10.629649
v -0.464204 4.230328 -10.629649
v -0.499807 3.919052 -10.565197
v -0.499807 3.919052 -10.565197
v -0.499807 3.919052 -10.565197
v -0.483370 4.109028 -10.692168
v -0.483370 4.109028 -10.692168
v -0.483370 4.109028 -10.692168
v -0.499807 3.919052 -10.606184
v -0.499807 3.919052 -10.606184
v -0.499807 3.919052 -10.606184
v -0.499807 4.139573 -10.723503
v -0.499807 4.139573 -10.723503
v -0.499807 4.139573 -10.723503
v -0.499807 3.946920 -10.649440
v -0.499807 3.946920 -10.649440
v -0.499807 3.946920 -10.649440
v -0.483370 3.979881 -10.625372
v -0.483370 3.979881 -10.625372
v -0.483370 3.979881 -10.625372
v -0.499807 3.993799 -10.642989
v -0.499807 3.993799 -10.642989
v -0.499807 3.993799 -10.642989
v -0.487567 4.004559 -10.580602
v -0.487567 4.004559 -10.580602
v -0.487567 4.004559 -10.580602
v -0.487567 4.004559 -10.580602
v -0.499807 4.066686 -10.688283
v -0.499807 4.066686 -10.688283
v -0.499807 4.066686 -10.688283
v -0.487567 4.072066 -10.602821
v -0.487567 4.072066 -10.602821
v -0.487567 4.072066 -10.602821
v -0.487567 4.072066 -10.602821
v -0.499807 4.166324 -10.589910
v -0.499807 4.166324 -10.589910
v -0.499807 4.166324 -10.589910
v -0.499807 4.172534 -10.724332
v -0.499807 4.172534 -10.724332
v -0.499807 4.172534 -10.724332
v -0.499807 4.221536 -10.678261
v -0.499807 4.221536 -10.678261
v -0.499807 4.221536 -10.678261
v -0.499807 4.212317 -10.705358
v -0.499807 4.212317 -10.705358
v -0.499807 4.212317 -10.705358
v -0.499807 4.156054 -10.723918
v -0.499807 4.156054 -10.723918
v -0.499807 4.129612 -10.601325
v -0.499807 4.129612 -10.601325
v -0.499807 4.129612 -10.601325
v -0.499807 4.196375 -10.588274
v -0.499807 4.196375 -10.588274
v -0.499807 4.196375 -10.588274
v -0.499807 4.230328 -10.629649
v -0.499807 4.230328 -10.629649
v -0.499807 4.230328 -10.629649
v -0.428601 4.122390 -10.655259
v -0.428601 4.122390 -10.655259
v -0.428601 4.122390 -10.655259
v -0.464204 4.122390 -10.655259
v -0.464204 4.122390 -10.655259
v -0.464204 4.122390 -10.655259
v -0.428601 4.004559 -10.580602
v -0.428601 4.004559 -10.580602
v -0.428601 4.004559 -10.580602
v -0.428601 3.961141 -10.569937
v -0.428601 3.961141 -10.569937
v -0.428601 3.961141 -10.569937
v -0.464204 3.961141 -10.569937
v -0.464204 3.961141 -10.569937
v -0.428601 4.072066 -10.602821
v -0.428601 4.072066 -10.602821
v -0.428601 4.072066 -10.602821
v -0.499807 4.122390 -10.655259
v -0.499807 4.122390 -10.655259
v -0.499807 4.122390 -10.655259
v -0.499807 4.004559 -10.580602
v -0.499807 4.004559 -10.580602
v -0.499807 4.004559 -10.580602
v -0.499807 3.961141 -10.569937
v -0.499807 3.961141 -10.569937
v -0.499807 3.961141 -10.569937
v -0.499807 4.072066 -10.602821
v -0.499807 4.072066 -10.602821
v -0.499807 4.072066 -10.602821
v -0.440840 4.113915 -10.646429
v -0.440840 4.113915 -10.646429
v -0.440840 4.113915 -10.646429
v -0.467064 4.109028 -10.692168
v -0.467064 4.109028 -10.692168
v -0.450758 4.004559 -10.631433
v -0.450758 4.004559 -10.631433
v -0.450758 4.004559 -10.631433
v -0.450758 4.004559 -10.631433
v -0.440840 3.973027 -10.572857
v -0.440840 3.973027 -10.572857
v -0.440840 3.973027 -10.572857
v -0.467064 3.979881 -10.625372
v -0.467064 3.979881 -10.625372
v -0.450758 4.072066 -10.653653
v -0.450758 4.072066 -10.653653
v -0.450758 4.072066 -10.653653
v -0.450758 4.072066 -10.653653
v -0.487567 4.113915 -10.646429
v -0.487567 4.113915 -10.646429
v -0.487567 4.113915 -10.646429
v -0.483370 4.004559 -10.631433
v -0.483370 4.004559 -10.631433
v -0.483370 4.004559 -10.631433
v -0.483370 4.004559 -10.631433
v -0.487567 3.973027 -10.572857
v -0.487567 3.973027 -10.572857
v -0.487567 3.973027 -10.572857
v -0.483370 4.072066 -10.653653
v -0.483370 4.072066 -10.653653
v -0.483370 4.072066 -10.653653
v -0.483370 4.072066 -10.653653
v -0.431987 4.171961 -10.692325
v -0.431987 4.171961 -10.692325
v -0.431987 4.171961 -10.692325
v -0.420521 4.171961 -10.692325
v -0.420521 4.171961 -10.692325
v -0.420521 4.171961 -10.692325
v -0.431987 4.163736 -10.691515
v -0.431987 4.163736 -10.691515
v -0.431987 4.163736 -10.691515
v -0.420521 4.163736 -10.691515
v -0.420521 4.163736 -10.691515
v -0.420521 4.163736 -10.691515
v -0.431987 4.155827 -10.689116
v -0.431987 4.155827 -10.689116
v -0.431987 4.155827 -10.689116
v -0.420521 4.155827 -10.689116
v -0.420521 4.155827 -10.689116
v -0.420521 4.155827 -10.689116
v -0.431987 4.148538 -10.685220
v -0.431987 4.148538 -10.685220
v -0.431987 4.148538 -10.685220
v -0.420521 4.148538 -10.685220
v -0.420521 4.148538 -10.685220
v -0.420521 4.148538 -10.685220
v -0.431987 4.142149 -10.679976
v -0.431987 4.142149 -10.679976
v -0.431987 4.142149 -10.679976
v -0.420521 4.142149 -10.679976
v -0.420521 4.142149 -10.679976
v -0.420521 4.142149 -10.679976
v -0.431987 4.136906 -10.673587
v -0.431987 4.136906 -10.673587
v -0.431987 4.136906 -10.673587
v -0.420521 4.136906 -10.673587
v -0.420521 4.136906 -10.673587
v -0.420521 4.136906 -10.673587
v -0.431987 4.133010 -10.666298
v -0.431987 4.133010 -10.666298
v -0.431987 4.133010 -10.666298
v -0.420521 4.133010 -10.666298
v -0.420521 4.133010 -10.666298
v -0.420521 4.133010 -10.666298
v -0.431987 4.130610 -10.658389
v -0.431987 4.130610 -10.658389
v -0.431987 4.130610 -10.658389
v -0.420521 4.130610 -10.658389
v -0.420521 4.130610 -10.658389
v -0.420521 4.130610 -10.658389
v -0.431987 4.129800 -10.650164
v -0.431987 4.129800 -10.650164
v -0.431987 4.129800 -10.650164
v -0.420521 4.129800 -10.650164
v -0.420521 4.129800 -10.650164
v -0.420521 4.129800 -10.650164
v -0.431987 4.130610 -10.641938
v -0.431987 4.130610 -10.641938
v -0.431987 4.130610 -10.641938
v -0.420521 4.130610 -10.641938
v -0.420521 4.130610 -10.641938
v -0.420521 4.130610 -10.641938
v -0.431987 4.133010 -10.634029
v -0.431987 4.133010 -10.634029
v -0.431987 4.133010 -10.634029
v -0.420521 4.133010 -10.634029
v -0.420521 4.133010 -10.634029
v -0.420521 4.133010 -10.634029
v -0.431987 4.136906 -10.626740
v -0.431987 4.136906 -10.626740
v -0.431987 4.136906 -10.626740
v -0.420521 4.136906 -10.626740
v -0.420521 4.136906 -10.626740
v -0.420521 4.136906 -10.626740
v -0.431987 4.142149 -10.620352
v -0.431987 4.142149 -10.620352
v -0.431987 4.142149 -10.620352
v -0.420521 4.142149 -10.620352
v -0.420521 4.142149 -10.620352
v -0.420521 4.142149 -10.620352
v -0.431987 4.148538 -10.615108
v -0.431987 4.148538 -10.615108
v -0.431987 4.148538 -10.615108
v -0.420521 4.148538 -10.615108
v -0.420521 4.148538 -10.615108
v -0.420521 4.148538 -10.615108
v -0.431987 4.155827 -10.611212
v -0.431987 4.155827 -10.611212
v -0.431987 4.155827 -10.611212
v -0.420521 4.155827 -10.611212
v -0.420521 4.155827 -10.611212
v -0.420521 4.155827 -10.611212
v -0.431987 4.163736 -10.608813
v -0.431987 4.163736 -10.608813
v -0.431987 4.163736 -10.608813
v -0.420521 4.163736 -10.608813
v -0.420521 4.163736 -10.608813
v -0.420521 4.163736 -10.608813
v -0.431987 4.171961 -10.608003
v -0.431987 4.171961 -10.608003
v -0.431987 4.171961 -10.608003
v -0.420521 4.171961 -10.608003
v -0.420521 4.171961 -10.608003
v -0.420521 4.171961 -10.608003
v -0.431987 4.180186 -10.608813
v -0.431987 4.180186 -10.608813
v -0.431987 4.180186 -10.608813
v -0.420521 4.180186 -10.608813
v -0.420521 4.180186 -10.608813
v -0.420521 4.180186 -10.608813
v -0.431987 4.188096 -10.611212
v -0.431987 4.188096 -10.611212
v -0.431987 4.188096 -10.611212
v -0.420521 4.188096 -10.611212
v -0.420521 4.188096 -10.611212
v -0.420521 4.188096 -10.611212
v -0.431987 4.195385 -10.615108
v -0.431987 4.195385 -10.615108
v -0.431987 4.195385 -10.615108
v -0.420521 4.195385 -10.615108
v -0.420521 4.195385 -10.615108
v -0.420521 4.195385 -10.615108
v -0.431987 4.201774 -10.620352
v -0.431987 4.201774 -10.620352
v -0.431987 4.201774 -10.620352
v -0.420521 4.201774 -10.620352
v -0.420521 4.201774 -10.620352
v -0.420521 4.201774 -10.620352
v -0.431987 4.207017 -10.626740
v -0.431987 4.207017 -10.626740
v -0.431987 4.207017 -10.626740
v -0.420521 4.207017 -10.626740
v -0.420521 4.207017 -10.626740
v -0.420521 4.207017 -10.626740
v -0.431987 4.210913 -10.634029
v -0.431987 4.210913 -10.634029
v -0.431987 4.210913 -10.634029
v -0.420521 4.210913 -10.634029
v -0.420521 4.210913 -10.634029
v -0.420521 4.210913 -10.634029
v -0.431987 4.213312 -10.641938
v -0.431987 4.213312 -10.641938
v -0.431987 4.213312 -10.641938
v -0.420521 4.213312 -10.641938
v -0.420521 4.213312 -10.641938
v -0.420521 4.213312 -10.641938
v -0.431987 4.214122 -10.650164
v -0.431987 4.214122 -10.650164
v -0.431987 4.214122 -10.650164
v -0.420521 4.214122 -10.650164
v -0.420521 4.214122 -10.650164
v -0.420521 4.214122 -10.650164
v -0.431987 4.213312 -10.658389
v -0.431987 4.213312 -10.658389
v -0.431987 4.213312 -10.658389
v -0.420521 4.213312 -10.658389
v -0.420521 4.213312 -10.658389
v -0.420521 4.213312 -10.658389
v -0.431987 4.210913 -10.666298
v -0.431987 4.210913 -10.666298
v -0.431987 4.210913 -10.666298
v -0.420521 4.210913 -10.666298
v -0.420521 4.210913 -10.666298
v -0.420521 4.210913 -10.666298
v -0.431987 4.207017 -10.673587
v -0.431987 4.207017 -10.673587
v -0.431987 4.207017 -10.673587
v -0.420521 4.207017 -10.673587
v -0.420521 4.207017 -10.673587
v -0.420521 4.207017 -10.673587
v -0.431987 4.201774 -10.679976
v -0.431987 4.201774 -10.679976
v -0.431987 4.201774 -10.679976
v -0.420521 4.201774 -10.679976
v -0.420521 4.201774 -10.679976
v -0.420521 4.201774 -10.679976
v -0.431987 4.195385 -10.685219
v -0.431987 4.195385 -10.685219
v -0.431987 4.195385 -10.685219
v -0.420521 4.195385 -10.685219
v -0.420521 4.195385 -10.685219
v -0.420521 4.195385 -10.685219
v -0.431987 4.188096 -10.689116
v -0.431987 4.188096 -10.689116
v -0.431987 4.188096 -10.689116
v -0.420521 4.188096 -10.689116
v -0.420521 4.188096 -10.689116
v -0.420521 4.188096 -10.689116
v -0.431987 4.180186 -10.691515
v -0.431987 4.180186 -10.691515
v -0.431987 4.180186 -10.691515
v -0.420521 4.180186 -10.691515
v -0.420521 4.180186 -10.691515
v -0.420521 4.180186 -10.691515
v -0.421369 4.171961 -10.680499
v -0.421369 4.171961 -10.680499
v -0.421369 4.171961 -10.680499
v -0.413120 4.171961 -10.680499
v -0.413120 4.171961 -10.680499
v -0.413120 4.171961 -10.680499
v -0.421369 4.166043 -10.679916
v -0.421369 4.166043 -10.679916
v -0.421369 4.166043 -10.679916
v -0.413120 4.166043 -10.679916
v -0.413120 4.166043 -10.679916
v -0.413120 4.166043 -10.679916
v -0.421369 4.160353 -10.678189
v -0.421369 4.160353 -10.678189
v -0.421369 4.160353 -10.678189
v -0.413120 4.160353 -10.678189
v -0.413120 4.160353 -10.678189
v -0.413120 4.160353 -10.678189
v -0.421369 4.155108 -10.675386
v -0.421369 4.155108 -10.675386
v -0.421369 4.155108 -10.675386
v -0.413120 4.155108 -10.675386
v -0.413120 4.155108 -10.675386
v -0.413120 4.155108 -10.675386
v -0.421369 4.150511 -10.671614
v -0.421369 4.150511 -10.671614
v -0.421369 4.150511 -10.671614
v -0.413120 4.150511 -10.671614
v -0.413120 4.150511 -10.671614
v -0.413120 4.150511 -10.671614
v -0.421369 4.146739 -10.667017
v -0.421369 4.146739 -10.667017
v -0.421369 4.146739 -10.667017
v -0.413120 4.146739 -10.667017
v -0.413120 4.146739 -10.667017
v -0.413120 4.146739 -10.667017
v -0.421369 4.143935 -10.661773
v -0.421369 4.143935 -10.661773
v -0.421369 4.143935 -10.661773
v -0.413120 4.143935 -10.661773
v -0.413120 4.143935 -10.661773
v -0.413120 4.143935 -10.661773
v -0.421369 4.142209 -10.656082
v -0.421369 4.142209 -10.656082
v -0.421369 4.142209 -10.656082
v -0.413120 4.142209 -10.656082
v -0.413120 4.142209 -10.656082
v -0.413120 4.142209 -10.656082
v -0.421369 4.141626 -10.650164
v -0.421369 4.141626 -10.650164
v -0.421369 4.141626 -10.650164
v -0.413120 4.141626 -10.650164
v -0.413120 4.141626 -10.650164
v -0.413120 4.141626 -10.650164
v -0.421369 4.142209 -10.644246
v -0.421369 4.142209 -10.644246
v -0.421369 4.142209 -10.644246
v -0.413120 4.142209 -10.644246
v -0.413120 4.142209 -10.644246
v -0.413120 4.142209 -10.644246
v -0.421369 4.143935 -10.638556
v -0.421369 4.143935 -10.638556
v -0.421369 4.143935 -10.638556
v -0.413120 4.143935 -10.638556
v -0.413120 4.143935 -10.638556
v -0.413120 4.143935 -10.638556
v -0.421369 4.146739 -10.633310
v -0.421369 4.146739 -10.633310
v -0.421369 4.146739 -10.633310
v -0.413120 4.146739 -10.633310
v -0.413120 4.146739 -10.633310
v -0.413120 4.146739 -10.633310
v -0.421369 4.150511 -10.628714
v -0.421369 4.150511 -10.628714
v -0.421369 4.150511 -10.628714
v -0.413120 4.150511 -10.628714
v -0.413120 4.150511 -10.628714
v -0.413120 4.150511 -10.628714
v -0.421369 4.155108 -10.624941
v -0.421369 4.155108 -10.624941
v -0.421369 4.155108 -10.624941
v -0.413120 4.155108 -10.624941
v -0.413120 4.155108 -10.624941
v -0.413120 4.155108 -10.624941
v -0.421369 4.160353 -10.622138
v -0.421369 4.160353 -10.622138
v -0.421369 4.160353 -10.622138
v -0.413120 4.160353 -10.622138
v -0.413120 4.160353 -10.622138
v -0.413120 4.160353 -10.622138
v -0.421369 4.166043 -10.620412
v -0.421369 4.166043 -10.620412
v -0.421369 4.166043 -10.620412
v -0.413120 4.166043 -10.620412
v -0.413120 4.166043 -10.620412
v -0.413120 4.166043 -10.620412
v -0.421369 4.171961 -10.619829
v -0.421369 4.171961 -10.619829
v -0.421369 4.171961 -10.619829
v -0.413120 4.171961 -10.619829
v -0.413120 4.171961 -10.619829
v -0.413120 4.171961 -10.619829
v -0.421369 4.177879 -10.620412
v -0.421369 4.177879 -10.620412
v -0.421369 4.177879 -10.620412
v -0.413120 4.177879 -10.620412
v -0.413120 4.177879 -10.620412
v -0.413120 4.177879 -10.620412
v -0.421369 4.183570 -10.622138
v -0.421369 4.183570 -10.622138
v -0.421369 4.183570 -10.622138
v -0.413120 4.183570 -10.622138
v -0.413120 4.183570 -10.622138
v -0.413120 4.183570 -10.622138
v -0.421369 4.188815 -10.624941
v -0.421369 4.188815 -10.624941
v -0.421369 4.188815 -10.624941
v -0.413120 4.188815 -10.624941
v -0.413120 4.188815 -10.624941
v -0.413120 4.188815 -10.624941
v -0.421369 4.193411 -10.628714
v -0.421369 4.193411 -10.628714
v -0.421369 4.193411 -10.628714
v -0.413120 4.193411 -10.628714
v -0.413120 4.193411 -10.628714
v -0.413120 4.193411 -10.628714
v -0.421369 4.197184 -10.633310
v -0.421369 4.197184 -10.633310
v -0.421369 4.197184 -10.633310
v -0.413120 4.197184 -10.633310
v -0.413120 4.197184 -10.633310
v -0.413120 4.197184 -10.633310
v -0.421369 4.199987 -10.638556
v -0.421369 4.199987 -10.638556
v -0.421369 4.199987 -10.638556
v -0.413120 4.199987 -10.638556
v -0.413120 4.199987 -10.638556
v -0.413120 4.199987 -10.638556
v -0.421369 4.201714 -10.644246
v -0.421369 4.201714 -10.644246
v -0.421369 4.201714 -10.644246
v -0.413120 4.201714 -10.644246
v -0.413120 4.201714 -10.644246
v -0.413120 4.201714 -10.644246
v -0.421369 4.202296 -10.650164
v -0.421369 4.202296 -10.650164
v -0.421369 4.202296 -10.650164
v -0.413120 4.202296 -10.650164
v -0.413120 4.202296 -10.650164
v -0.413120 4.202296 -10.650164
v -0.421369 4.201714 -10.656082
v -0.421369 4.201714 -10.656082
v -0.421369 4.201714 -10.656082
v -0.413120 4.201714 -10.656082
v -0.413120 4.201714 -10.656082
v -0.413120 4.201714 -10.656082
v -0.421369 4.199987 -10.661773
v -0.421369 4.199987 -10.661773
v -0.421369 4.199987 -10.661773
v -0.413120 4.199987 -10.661773
v -0.413120 4.199987 -10.661773
v -0.413120 4.199987 -10.661773
v -0.421369 4.197184 -10.667017
v -0.421369 4.197184 -10.667017
v -0.421369 4.197184 -10.667017
v -0.413120 4.197184 -10.667017
v -0.413120 4.197184 -10.667017
v -0.413120 4.197184 -10.667017
v -0.421369 4.193411 -10.671614
v -0.421369 4.193411 -10.671614
v -0.421369 4.193411 -10.671614
v -0.413120 4.193411 -10.671614
v -0.413120 4.193411 -10.671614
v -0.413120 4.193411 -10.671614
v -0.421369 4.188815 -10.675386
v -0.421369 4.188815 -10.675386
v -0.421369 4.188815 -10.675386
v -0.413120 4.188815 -10.675386
v -0.413120 4.188815 -10.675386
v -0.413120 4.188815 -10.675386
v -0.421369 4.183570 -10.678189
v -0.421369 4.183570 -10.678189
v -0.421369 4.183570 -10.678189
v -0.413120 4.183570 -10.678189
v -0.413120 4.183570 -10.678189
v -0.413120 4.183570 -10.678189
v -0.421369 4.177879 -10.679916
v -0.421369 4.177879 -10.679916
v -0.421369 4.177879 -10.679916
v -0.413120 4.177879 -10.679916
v -0.413120 4.177879 -10.679916
v -0.413120 4.177879 -10.679916
v -0.496420 4.171961 -10.692325
v -0.496420 4.171961 -10.692325
v -0.496420 4.171961 -10.692325
v -0.507886 4.171961 -10.692325
v -0.507886 4.171961 -10.692325
v -0.507886 4.171961 -10.692325
v -0.496420 4.163736 -10.691515
v -0.496420 4.163736 -10.691515
v -0.496420 4.163736 -10.691515
v -0.507886 4.163736 -10.691515
v -0.507886 4.163736 -10.691515
v -0.507886 4.163736 -10.691515
v -0.496420 4.155827 -10.689116
v -0.496420 4.155827 -10.689116
v -0.496420 4.155827 -10.689116
v -0.507886 4.155827 -10.689116
v -0.507886 4.155827 -10.689116
v -0.507886 4.155827 -10.689116
v -0.496420 4.148538 -10.685220
v -0.496420 4.148538 -10.685220
v -0.496420 4.148538 -10.685220
v -0.507886 4.148538 -10.685220
v -0.507886 4.148538 -10.685220
v -0.507886 4.148538 -10.685220
v -0.496420 4.142149 -10.679976
v -0.496420 4.142149 -10.679976
v -0.496420 4.142149 -10.679976
v -0.507886 4.142149 -10.679976
v -0.507886 4.142149 -10.679976
v -0.507886 4.142149 -10.679976
v -0.496420 4.136906 -10.673587
v -0.496420 4.136906 -10.673587
v -0.496420 4.136906 -10.673587
v -0.507886 4.136906 -10.673587
v -0.507886 4.136906 -10.673587
v -0.507886 4.136906 -10.673587
v -0.496420 4.133010 -10.666298
v -0.496420 4.133010 -10.666298
v -0.496420 4.133010 -10.666298
v -0.507886 4.133010 -10.666298
v -0.507886 4.133010 -10.666298
v -0.507886 4.133010 -10.666298
v -0.496420 4.130610 -10.658389
v -0.496420 4.130610 -10.658389
v -0.496420 4.130610 -10.658389
v -0.507886 4.130610 -10.658389
v -0.507886 4.130610 -10.658389
v -0.507886 4.130610 -10.658389
v -0.496420 4.129800 -10.650164
v -0.496420 4.129800 -10.650164
v -0.496420 4.129800 -10.650164
v -0.507886 4.129800 -10.650164
v -0.507886 4.129800 -10.650164
v -0.507886 4.129800 -10.650164
v -0.496420 4.130610 -10.641938
v -0.496420 4.130610 -10.641938
v -0.496420 4.130610 -10.641938
v -0.507886 4.130610 -10.641938
v -0.507886 4.130610 -10.641938
v -0.507886 4.130610 -10.641938
v -0.496420 4.133010 -10.634029
v -0.496420 4.133010 -10.634029
v -0.496420 4.133010 -10.634029
v -0.507886 4.133010 -10.634029
v -0.507886 4.133010 -10.634029
v -0.507886 4.133010 -10.634029
v -0.496420 4.136906 -10.626740
v -0.496420 4.136906 -10.626740
v -0.496420 4.136906 -10.626740
v -0.507886 4.136906 -10.626740
v -0.507886 4.136906 -10.626740
v -0.507886 4.136906 -10.626740
v -0.496420 4.142149 -10.620352
v -0.496420 4.142149 -10.620352
v -0.496420 4.142149 -10.620352
v -0.507886 4.142149 -10.620352
v -0.507886 4.142149 -10.620352
v -0.507886 4.142149 -10.620352
v -0.496420 4.148538 -10.615108
v -0.496420 4.148538 -10.615108
v -0.496420 4.148538 -10.615108
v -0.507886 4.148538 -10.615108
v -0.507886 4.148538 -10.615108
v -0.507886 4.148538 -10.615108
v -0.496420 4.155827 -10.611212
v -0.496420 4.155827 -10.611212
v -0.496420 4.155827 -10.611212
v -0.507886 4.155827 -10.611212
v -0.507886 4.155827 -10.611212
v -0.507886 4.155827 -10.611212
v -0.496420 4.163736 -10.608813
v -0.496420 4.163736 -10.608813
v -0.496420 4.163736 -10.608813
v -0.507886 4.163736 -10.608813
v -0.507886 4.163736 -10.608813
v -0.507886 4.163736 -10.608813
v -0.496420 4.171961 -10.608003
v -0.496420 4.171961 -10.608003
v -0.496420 4.171961 -10.608003
v -0.507886 4.171961 -10.608003
v -0.507886 4.171961 -10.608003
v -0.507886 4.171961 -10.608003
v -0.496420 4.180186 -10.608813
v -0.496420 4.180186 -10.608813
v -0.496420 4.180186 -10.608813
v -0.507886 4.180186 -10.608813
v -0.507886 4.180186 -10.608813
v -0.507886 4.180186 -10.608813
v -0.496420 4.188096 -10.611212
v -0.496420 4.188096 -10.611212
v -0.496420 4.188096 -10.611212
v -0.507886 4.188096 -10.611212
v -0.507886 4.188096 -10.611212
v -0.507886 4.188096 -10.611212
v -0.496420 4.195385 -10.615108
v -0.496420 4.195385 -10.615108
v -0.496420 4.195385 -10.615108
v -0.507886 4.195385 -10.615108
v -0.507886 4.195385 -10.615108
v -0.507886 4.195385 -10.615108
v -0.496420 4.201774 -10.620352
v -0.496420 4.201774 -10.620352
v -0.496420 4.201774 -10.620352
v -0.507886 4.201774 -10.620352
v -0.507886 4.201774 -10.620352
v -0.507886 4.201774 -10.620352
v -0.496420 4.207017 -10.626740
v -0.496420 4.207017 -10.626740
v -0.496420 4.207017 -10.626740
v -0.507886 4.207017 -10.626740
v -0.507886 4.207017 -10.626740
v -0.507886 4.207017 -10.626740
v -0.496420 4.210913 -10.634029
v -0.496420 4.210913 -10.634029
v -0.496420 4.210913 -10.634029
v -0.507886 4.210913 -10.634029
v -0.507886 4.210913 -10.634029
v -0.507886 4.210913 -10.634029
v -0.496420 4.213312 -10.641938
v -0.496420 4.213312 -10.641938
v -0.496420 4.213312 -10.641938
v -0.507886 4.213312 -10.641938
v -0.507886 4.213312 -10.641938
v -0.507886 4.213312 -10.641938
v -0.496420 4.214122 -10.650164
v -0.496420 4.214122 -10.650164
v -0.496420 4.214122 -10.650164
v -0.507886 4.214122 -10.650164
v -0.507886 4.214122 -10.650164
v -0.507886 4.214122 -10.650164
v -0.496420 4.213312 -10.658389
v -0.496420 4.213312 -10.658389
v -0.496420 4.213312 -10.658389
v -0.507886 4.213312 -10.658389
v -0.507886 4.213312 -10.658389
v -0.507886 4.213312 -10.658389
v -0.496420 4.210913 -10.666298
v -0.496420 4.210913 -10.666298
v -0.496420 4.210913 -10.666298
v -0.507886 4.210913 -10.666298
v -0.507886 4.210913 -10.666298
v -0.507886 4.210913 -10.666298
v -0.496420 4.207017 -10.673587
v -0.496420 4.207017 -10.673587
v -0.496420 4.207017 -10.673587
v -0.507886 4.207017 -10.673587
v -0.507886 4.207017 -10.673587
v -0.507886 4.207017 -10.673587
v -0.496420 4.201774 -10.679976
v -0.496420 4.201774 -10.679976
v -0.496420 4.201774 -10.679976
v -0.507886 4.201774 -10.679976
v -0.507886 4.201774 -10.679976
v -0.507886 4.201774 -10.679976
v -0.496420 4.195385 -10.685219
v -0.496420 4.195385 -10.685219
v -0.496420 4.195385 -10.685219
v -0.507886 4.195385 -10.685219
v -0.507886 4.195385 -10.685219
v -0.507886 4.195385 -10.685219
v -0.496420 4.188096 -10.689116
v -0.496420 4.188096 -10.689116
v -0.496420 4.188096 -10.689116
v -0.507886 4.188096 -10.689116
v -0.507886 4.188096 -10.689116
v -0.507886 4.188096 -10.689116
v -0.496420 4.180186 -10.691515
v -0.496420 4.180186 -10.691515
v -0.496420 4.180186 -10.691515
v -0.507886 4.180186 -10.691515
v -0.507886 4.180186 -10.691515
v -0.507886 4.180186 -10.691515
v -0.507038 4.171961 -10.680499
v -0.507038 4.171961 -10.680499
v -0.507038 4.171961 -10.680499
v -0.515288 4.171961 -10.680499
v -0.515288 4.171961 -10.680499
v -0.515288 4.171961 -10.680499
v -0.507038 4.166043 -10.679916
v -0.507038 4.166043 -10.679916
v -0.507038 4.166043 -10.679916
v -0.515288 4.166043 -10.679916
v -0.515288 4.166043 -10.679916
v -0.515288 4.166043 -10.679916
v -0.507038 4.160353 -10.678189
v -0.507038 4.160353 -10.678189
v -0.507038 4.160353 -10.678189
v -0.515288 4.160353 -10.678189
v -0.515288 4.160353 -10.678189
v -0.515288 4.160353 -10.678189
v -0.507038 4.155108 -10.675386
v -0.507038 4.155108 -10.675386
v -0.507038 4.155108 -10.675386
v -0.515288 4.155108 -10.675386
v -0.515288 4.155108 -10.675386
v -0.515288 4.155108 -10.675386
v -0.507038 4.150511 -10.671614
v -0.507038 4.150511 -10.671614
v -0.507038 4.150511 -10.671614
v -0.515288 4.150511 -10.671614
v -0.515288 4.150511 -10.671614
v -0.515288 4.150511 -10.671614
v -0.507038 4.146739 -10.667017
v -0.507038 4.146739 -10.667017
v -0.507038 4.146739 -10.667017
v -0.515288 4.146739 -10.667017
v -0.515288 4.146739 -10.667017
v -0.515288 4.146739 -10.667017
v -0.507038 4.143935 -10.661773
v -0.507038 4.143935 -10.661773
v -0.507038 4.143935 -10.661773
v -0.515288 4.143935 -10.661773
v -0.515288 4.143935 -10.661773
v -0.515288 4.143935 -10.661773
v -0.507038 4.142209 -10.656082
v -0.507038 4.142209 -10.656082
v -0.507038 4.142209 -10.656082
v -0.515288 4.142209 -10.656082
v -0.515288 4.142209 -10.656082
v -0.515288 4.142209 -10.656082
v -0.507038 4.141626 -10.650164
v -0.507038 4.141626 -10.650164
v -0.507038 4.141626 -10.650164
v -0.515288 4.141626 -10.650164
v -0.515288 4.141626 -10.650164
v -0.515288 4.141626 -10.650164
v -0.507038 4.142209 -10.644246
v -0.507038 4.142209 -10.644246
v -0.507038 4.142209 -10.644246
v -0.515288 4.142209 -10.644246
v -0.515288 4.142209 -10.644246
v -0.515288 4.142209 -10.644246
v -0.507038 4.143935 -10.638556
v -0.507038 4.143935 -10.638556
v -0.507038 4.143935 -10.638556
v -0.515288 4.143935 -10.638556
v -0.515288 4.143935 -10.638556
v -0.515288 4.143935 -10.638556
v -0.507038 4.146739 -10.633310
v -0.507038 4.146739 -10.633310
v -0.507038 4.146739 -10.633310
v -0.515288 4.146739 -10.633310
v -0.515288 4.146739 -10.633310
v -0.515288 4.146739 -10.633310
v -0.507038 4.150511 -10.628714
v -0.507038 4.150511 -10.628714
v -0.507038 4.150511 -10.628714
v -0.515288 4.150511 -10.628714
v -0.515288 4.150511 -10.628714
v -0.515288 4.150511 -10.628714
v -0.507038 4.155108 -10.624941
v -0.507038 4.155108 -10.624941
v -0.507038 4.155108 -10.624941
v -0.515288 4.155108 -10.624941
v -0.515288 4.155108 -10.624941
v -0.515288 4.155108 -10.624941
v -0.507038 4.160353 -10.622138
v -0.507038 4.160353 -10.622138
v -0.507038 4.160353 -10.622138
v -0.515288 4.160353 -10.622138
v -0.515288 4.160353 -10.622138
v -0.515288 4.160353 -10.622138
v -0.507038 4.166043 -10.620412
v -0.507038 4.166043 -10.620412
v -0.507038 4.166043 -10.620412
v -0.515288 4.166043 -10.620412
v -0.515288 4.166043 -10.620412
v -0.515288 4.166043 -10.620412
v -0.507038 4.171961 -10.619829
v -0.507038 4.171961 -10.619829
v -0.507038 4.171961 -10.619829
v -0.515288 4.171961 -10.619829
v -0.515288 4.171961 -10.619829
v -0.515288 4.171961 -10.619829
v -0.507038 4.177879 -10.620412
v -0.507038 4.177879 -10.620412
v -0.507038 4.177879 -10.620412
v -0.515288 4.177879 -10.620412
v -0.515288 4.177879 -10.620412
v -0.515288 4.177879 -10.620412
v -0.507038 4.183570 -10.622138
v -0.507038 4.183570 -10.622138
v -0.507038 4.183570 -10.622138
v -0.515288 4.183570 -10.622138
v -0.515288 4.183570 -10.622138
v -0.515288 4.183570 -10.622138
v -0.507038 4.188815 -10.624941
v -0.507038 4.188815 -10.624941
v -0.507038 4.188815 -10.624941
v -0.515288 4.188815 -10.624941
v -0.515288 4.188815 -10.624941
v -0.515288 4.188815 -10.624941
v -0.507038 4.193411 -10.628714
v -0.507038 4.193411 -10.628714
v -0.507038 4.193411 -10.628714
v -0.515288 4.193411 -10.628714
v -0.515288 4.193411 -10.628714
v -0.515288 4.193411 -10.628714
v -0.507038 4.197184 -10.633310
v -0.507038 4.197184 -10.633310
v -0.507038 4.197184 -10.633310
v -0.515288 4.197184 -10.633310
v -0.515288 4.197184 -10.633310
v -0.515288 4.197184 -10.633310
v -0.507038 4.199987 -10.638556
v -0.507038 4.199987 -10.638556
v -0.507038 4.199987 -10.638556
v -0.515288 4.199987 -10.638556
v -0.515288 4.199987 -10.638556
v -0.515288 4.199987 -10.638556
v -0.507038 4.201714 -10.644246
v -0.507038 4.201714 -10.644246
v -0.507038 4.201714 -10.644246
v -0.515288 4.201714 -10.644246
v -0.515288 4.201714 -10.644246
v -0.515288 4.201714 -10.644246
v -0.507038 4.202296 -10.650164
v -0.507038 4.202296 -10.650164
v -0.507038 4.202296 -10.650164
v -0.515288 4.202296 -10.650164
v -0.515288 4.202296 -10.650164
v -0.515288 4.202296 -10.650164
v -0.507038 4.201714 -10.656082
v -0.507038 4.201714 -10.656082
v -0.507038 4.201714 -10.656082
v -0.515288 4.201714 -10.656082
v -0.515288 4.201714 -10.656082
v -0.515288 4.201714 -10.656082
v -0.507038 4.199987 -10.661773
v -0.507038 4.199987 -10.661773
v -0.507038 4.199987 -10.661773
v -0.515288 4.199987 -10.661773
v -0.515288 4.199987 -10.661773
v -0.515288 4.199987 -10.661773
v -0.507038 4.197184 -10.667017
v -0.507038 4.197184 -10.667017
v -0.507038 4.197184 -10.667017
v -0.515288 4.197184 -10.667017
v -0.515288 4.197184 -10.667017
v -0.515288 4.197184 -10.667017
v -0.507038 4.193411 -10.671614
v -0.507038 4.193411 -10.671614
v -0.507038 4.193411 -10.671614
v -0.515288 4.193411 -10.671614
v -0.515288 4.193411 -10.671614
v -0.515288 4.193411 -10.671614
v -0.507038 4.188815 -10.675386
v -0.507038 4.188815 -10.675386
v -0.507038 4.188815 -10.675386
v -0.515288 4.188815 -10.675386
v -0.515288 4.188815 -10.675386
v -0.515288 4.188815 -10.675386
v -0.507038 4.183570 -10.678189
v -0.507038 4.183570 -10.678189
v -0.507038 4.183570 -10.678189
v -0.515288 4.183570 -10.678189
v -0.515288 4.183570 -10.678189
v -0.515288 4.183570 -10.678189
v -0.507038 4.177879 -10.679916
v -0.507038 4.177879 -10.679916
v -0.507038 4.177879 -10.679916
v -0.515288 4.177879 -10.679916
v -0.515288 4.177879 -10.679916
v -0.515288 4.177879 -10.679916
v -0.411853 3.027260 -10.463823
v -0.411853 3.027260 -10.463823
v -0.411853 3.027260 -10.463823
v -0.411853 3.027260 -10.463823
v -0.406036 3.027776 -10.466158
v -0.406036 3.027776 -10.466158
v -0.406036 3.027776 -10.466158
v -0.406036 3.027776 -10.466158
v -0.411113 3.027776 -10.458968
v -0.411113 3.027776 -10.458968
v -0.411113 3.027776 -10.458968
v -0.411113 3.027776 -10.458968
v -0.411853 3.037570 -10.463823
v -0.411853 3.037570 -10.463823
v -0.411853 3.037570 -10.463823
v -0.411853 3.037570 -10.463823
v -0.411113 3.037055 -10.458968
v -0.411113 3.037055 -10.458968
v -0.411113 3.037055 -10.458968
v -0.411113 3.037055 -10.458968
v -0.406036 3.037055 -10.466158
v -0.406036 3.037055 -10.466158
v -0.406036 3.037055 -10.466158
v -0.406036 3.037055 -10.466158
v -0.411853 3.027776 -10.540072
v -0.411853 3.027776 -10.540072
v -0.411853 3.027776 -10.540072
v -0.411853 3.027776 -10.540072
v -0.406036 3.027776 -10.535241
v -0.406036 3.027776 -10.535241
v -0.406036 3.027776 -10.535241
v -0.406036 3.027776 -10.535241
v -0.411853 3.027260 -10.535241
v -0.411853 3.027260 -10.535241
v -0.411853 3.027260 -10.535241
v -0.411853 3.027260 -10.535241
v -0.411853 3.037570 -10.535241
v -0.411853 3.037570 -10.535241
v -0.411853 3.037570 -10.535241
v -0.411853 3.037570 -10.535241
v -0.406036 3.037055 -10.535241
v -0.406036 3.037055 -10.535241
v -0.406036 3.037055 -10.535241
v -0.406036 3.037055 -10.535241
v -0.411853 3.037055 -10.540072
v -0.411853 3.037055 -10.540072
v -0.411853 3.037055 -10.540072
v -0.411853 3.037055 -10.540072
v -0.464204 3.027776 -10.540072
v -0.464204 3.027776 -10.540072
v -0.464204 3.027260 -10.535241
v -0.464204 3.027260 -10.535241
v -0.464204 3.037570 -10.535241
v -0.464204 3.037570 -10.535241
v -0.464204 3.037055 -10.540072
v -0.464204 3.037055 -10.540072
v -0.464204 3.027260 -10.448619
v -0.464204 3.027260 -10.448619
v -0.464204 3.027260 -10.448619
v -0.464204 3.027776 -10.443444
v -0.464204 3.027776 -10.443444
v -0.464204 3.027776 -10.443444
v -0.464204 3.027776 -10.443444
v -0.464204 3.037055 -10.443444
v -0.464204 3.037055 -10.443444
v -0.464204 3.037055 -10.443444
v -0.464204 3.037055 -10.443444
v -0.464204 3.037570 -10.448619
v -0.464204 3.037570 -10.448619
v -0.464204 3.037570 -10.448619
v -0.435120 3.037055 -10.540072
v -0.435120 3.037055 -10.540072
v -0.435120 3.037570 -10.535241
v -0.435120 3.037570 -10.535241
v -0.435120 3.027776 -10.447818
v -0.435120 3.027776 -10.447818
v -0.435120 3.027776 -10.447818
v -0.435120 3.027776 -10.447818
v -0.435120 3.027260 -10.453004
v -0.435120 3.027260 -10.453004
v -0.435120 3.027260 -10.453004
v -0.435120 3.027776 -10.540072
v -0.435120 3.027776 -10.540072
v -0.435120 3.027260 -10.535241
v -0.435120 3.027260 -10.535241
v -0.435120 3.037055 -10.447818
v -0.435120 3.037055 -10.447818
v -0.435120 3.037055 -10.447818
v -0.435120 3.037055 -10.447818
v -0.435120 3.037570 -10.453004
v -0.435120 3.037570 -10.453004
v -0.435120 3.037570 -10.453004
v -0.516555 3.027260 -10.463823
v -0.516555 3.027260 -10.463823
v -0.516555 3.027260 -10.463823
v -0.516555 3.027260 -10.463823
v -0.522372 3.027776 -10.466158
v -0.522372 3.027776 -10.466158
v -0.522372 3.027776 -10.466158
v -0.522372 3.027776 -10.466158
v -0.517295 3.027776 -10.458968
v -0.517295 3.027776 -10.458968
v -0.517295 3.027776 -10.458968
v -0.517295 3.027776 -10.458968
v -0.516555 3.037570 -10.463823
v -0.516555 3.037570 -10.463823
v -0.516555 3.037570 -10.463823
v -0.516555 3.037570 -10.463823
v -0.517295 3.037055 -10.458968
v -0.517295 3.037055 -10.458968
v -0.517295 3.037055 -10.458968
v -0.517295 3.037055 -10.458968
v -0.522372 3.037055 -10.466158
v -0.522372 3.037055 -10.466158
v -0.522372 3.037055 -10.466158
v -0.522372 3.037055 -10.466158
v -0.516555 3.027776 -10.540072
v -0.516555 3.027776 -10.540072
v -0.516555 3.027776 -10.540072
v -0.516555 3.027776 -10.540072
v -0.522372 3.027776 -10.535241
v -0.522372 3.027776 -10.535241
v -0.522372 3.027776 -10.535241
v -0.522372 3.027776 -10.535241
v -0.516555 3.027260 -10.535241
v -0.516555 3.027260 -10.535241
v -0.516555 3.027260 -10.535241
v -0.516555 3.027260 -10.535241
v -0.516555 3.037570 -10.535241
v -0.516555 3.037570 -10.535241
v -0.516555 3.037570 -10.535241
v -0.516555 3.037570 -10.535241
v -0.522372 3.037055 -10.535241
v -0.522372 3.037055 -10.535241
v -0.522372 3.037055 -10.535241
v -0.522372 3.037055 -10.535241
v -0.516555 3.037055 -10.540072
v -0.516555 3.037055 -10.540072
v -0.516555 3.037055 -10.540072
v -0.516555 3.037055 -10.540072
v -0.493288 3.037055 -10.540072
v -0.493288 3.037055 -10.540072
v -0.493288 3.037570 -10.535241
v -0.493288 3.037570 -10.535241
v -0.493288 3.027776 -10.447818
v -0.493288 3.027776 -10.447818
v -0.493288 3.027776 -10.447818
v -0.493288 3.027776 -10.447818
v -0.493288 3.027260 -10.453004
v -0.493288 3.027260 -10.453004
v -0.493288 3.027260 -10.453004
v -0.493288 3.027776 -10.540072
v -0.493288 3.027776 -10.540072
v -0.493288 3.027260 -10.535241
v -0.493288 3.027260 -10.535241
v -0.493288 3.037055 -10.447818
v -0.493288 3.037055 -10.447818
v -0.493288 3.037055 -10.447818
v -0.493288 3.037055 -10.447818
v -0.493288 3.037570 -10.453004
v -0.493288 3.037570 -10.453004
v -0.493288 3.037570 -10.453004
v -0.427536 2.855807 -10.491975
v -0.427536 2.855807 -10.491975
v -0.427536 2.855807 -10.491975
v -0.426436 2.855807 -10.484315
v -0.426436 2.855807 -10.484315
v -0.426436 2.855807 -10.484315
v -0.425825 2.855637 -10.492220
v -0.425825 2.855637 -10.492220
v -0.425825 2.855637 -10.492220
v -0.424726 2.855637 -10.484561
v -0.424726 2.855637 -10.484561
v -0.424726 2.855637 -10.484561
v -0.424181 2.855133 -10.492456
v -0.424181 2.855133 -10.492456
v -0.424181 2.855133 -10.492456
v -0.423081 2.855133 -10.484797
v -0.423081 2.855133 -10.484797
v -0.423081 2.855133 -10.484797
v -0.422665 2.854314 -10.492674
v -0.422665 2.854314 -10.492674
v -0.422665 2.854314 -10.492674
v -0.421565 2.854314 -10.485015
v -0.421565 2.854314 -10.485015
v -0.421565 2.854314 -10.485015
v -0.421336 2.853213 -10.492865
v -0.421336 2.853213 -10.492865
v -0.421336 2.853213 -10.492865
v -0.420237 2.853213 -10.485206
v -0.420237 2.853213 -10.485206
v -0.420237 2.853213 -10.485206
v -0.420246 2.851871 -10.493021
v -0.420246 2.851871 -10.493021
v -0.420246 2.851871 -10.493021
v -0.419147 2.851871 -10.485362
v -0.419147 2.851871 -10.485362
v -0.419147 2.851871 -10.485362
v -0.419436 2.850339 -10.493137
v -0.419436 2.850339 -10.493137
v -0.419436 2.850339 -10.493137
v -0.418336 2.850339 -10.485478
v -0.418336 2.850339 -10.485478
v -0.418336 2.850339 -10.485478
v -0.418937 2.848678 -10.493209
v -0.418937 2.848678 -10.493209
v -0.418937 2.848678 -10.493209
v -0.417837 2.848678 -10.485550
v -0.417837 2.848678 -10.485550
v -0.417837 2.848678 -10.485550
v -0.418769 2.846950 -10.493233
v -0.418769 2.846950 -10.493233
v -0.418769 2.846950 -10.493233
v -0.417669 2.846950 -10.485574
v -0.417669 2.846950 -10.485574
v -0.417669 2.846950 -10.485574
v -0.418937 2.845222 -10.493209
v -0.418937 2.845222 -10.493209
v -0.418937 2.845222 -10.493209
v -0.417837 2.845222 -10.485550
v -0.417837 2.845222 -10.485550
v -0.417837 2.845222 -10.485550
v -0.419436 2.843560 -10.493137
v -0.419436 2.843560 -10.493137
v -0.419436 2.843560 -10.493137
v -0.418336 2.843560 -10.485478
v -0.418336 2.843560 -10.485478
v -0.418336 2.843560 -10.485478
v -0.420246 2.842029 -10.493021
v -0.420246 2.842029 -10.493021
v -0.420246 2.842029 -10.493021
v -0.419147 2.842029 -10.485362
v -0.419147 2.842029 -10.485362
v -0.419147 2.842029 -10.485362
v -0.421336 2.840687 -10.492865
v -0.421336 2.840687 -10.492865
v -0.421336 2.840687 -10.492865
v -0.420237 2.840687 -10.485206
v -0.420237 2.840687 -10.485206
v -0.420237 2.840687 -10.485206
v -0.422665 2.839586 -10.492674
v -0.422665 2.839586 -10.492674
v -0.422665 2.839586 -10.492674
v -0.421565 2.839585 -10.485015
v -0.421565 2.839585 -10.485015
v -0.421565 2.839585 -10.485015
v -0.424181 2.838767 -10.492456
v -0.424181 2.838767 -10.492456
v -0.424181 2.838767 -10.492456
v -0.423081 2.838767 -10.484797
v -0.423081 2.838767 -10.484797
v -0.423081 2.838767 -10.484797
v -0.425825 2.838263 -10.492220
v -0.425825 2.838263 -10.492220
v -0.425825 2.838263 -10.492220
v -0.424726 2.838263 -10.484561
v -0.424726 2.838263 -10.484561
v -0.424726 2.838263 -10.484561
v -0.427536 2.838093 -10.491975
v -0.427536 2.838093 -10.491975
v -0.427536 2.838093 -10.491975
v -0.426436 2.838093 -10.484315
v -0.426436 2.838093 -10.484315
v -0.426436 2.838093 -10.484315
v -0.429246 2.838263 -10.491729
v -0.429246 2.838263 -10.491729
v -0.429246 2.838263 -10.491729
v -0.428147 2.838263 -10.484070
v -0.428147 2.838263 -10.484070
v -0.428147 2.838263 -10.484070
v -0.430891 2.838767 -10.491492
v -0.430891 2.838767 -10.491492
v -0.430891 2.838767 -10.491492
v -0.429791 2.838767 -10.483833
v -0.429791 2.838767 -10.483833
v -0.429791 2.838767 -10.483833
v -0.432407 2.839585 -10.491275
v -0.432407 2.839585 -10.491275
v -0.432407 2.839585 -10.491275
v -0.431307 2.839586 -10.483616
v -0.431307 2.839586 -10.483616
v -0.431307 2.839586 -10.483616
v -0.433735 2.840687 -10.491084
v -0.433735 2.840687 -10.491084
v -0.433735 2.840687 -10.491084
v -0.432636 2.840687 -10.483425
v -0.432636 2.840687 -10.483425
v -0.432636 2.840687 -10.483425
v -0.434826 2.842029 -10.490928
v -0.434826 2.842029 -10.490928
v -0.434826 2.842029 -10.490928
v -0.433726 2.842029 -10.483269
v -0.433726 2.842029 -10.483269
v -0.433726 2.842029 -10.483269
v -0.435636 2.843560 -10.490811
v -0.435636 2.843560 -10.490811
v -0.435636 2.843560 -10.490811
v -0.434536 2.843560 -10.483152
v -0.434536 2.843560 -10.483152
v -0.434536 2.843560 -10.483152
v -0.436135 2.845222 -10.490740
v -0.436135 2.845222 -10.490740
v -0.436135 2.845222 -10.490740
v -0.435035 2.845222 -10.483081
v -0.435035 2.845222 -10.483081
v -0.435035 2.845222 -10.483081
v -0.436303 2.846950 -10.490716
v -0.436303 2.846950 -10.490716
v -0.436303 2.846950 -10.490716
v -0.435204 2.846950 -10.483057
v -0.435204 2.846950 -10.483057
v -0.435204 2.846950 -10.483057
v -0.436135 2.848678 -10.490740
v -0.436135 2.848678 -10.490740
v -0.436135 2.848678 -10.490740
v -0.435035 2.848678 -10.483081
v -0.435035 2.848678 -10.483081
v -0.435035 2.848678 -10.483081
v -0.435636 2.850339 -10.490811
v -0.435636 2.850339 -10.490811
v -0.435636 2.850339 -10.490811
v -0.434536 2.850339 -10.483152
v -0.434536 2.850339 -10.483152
v -0.434536 2.850339 -10.483152
v -0.434826 2.851871 -10.490928
v -0.434826 2.851871 -10.490928
v -0.434826 2.851871 -10.490928
v -0.433726 2.851871 -10.483269
v -0.433726 2.851871 -10.483269
v -0.433726 2.851871 -10.483269
v -0.433735 2.853213 -10.491084
v -0.433735 2.853213 -10.491084
v -0.433735 2.853213 -10.491084
v -0.432636 2.853213 -10.483425
v -0.432636 2.853213 -10.483425
v -0.432636 2.853213 -10.483425
v -0.432407 2.854314 -10.491275
v -0.432407 2.854314 -10.491275
v -0.432407 2.854314 -10.491275
v -0.431307 2.854314 -10.483616
v -0.431307 2.854314 -10.483616
v -0.431307 2.854314 -10.483616
v -0.430891 2.855133 -10.491492
v -0.430891 2.855133 -10.491492
v -0.430891 2.855133 -10.491492
v -0.429791 2.855133 -10.483833
v -0.429791 2.855133 -10.483833
v -0.429791 2.855133 -10.483833
v -0.429246 2.855637 -10.491729
v -0.429246 2.855637 -10.491729
v -0.429246 2.855637 -10.491729
v -0.428147 2.855637 -10.484070
v -0.428147 2.855637 -10.484070
v -0.428147 2.855637 -10.484070
v -0.452569 2.853407 -10.491975
v -0.452569 2.853407 -10.491975
v -0.452569 2.853407 -10.491975
v -0.451469 2.853407 -10.484315
v -0.451469 2.853407 -10.484315
v -0.451469 2.853407 -10.484315
v -0.450858 2.853237 -10.492220
v -0.450858 2.853237 -10.492220
v -0.450858 2.853237 -10.492220
v -0.449759 2.853237 -10.484561
v -0.449759 2.853237 -10.484561
v -0.449759 2.853237 -10.484561
v -0.449214 2.852733 -10.492456
v -0.449214 2.852733 -10.492456
v -0.449214 2.852733 -10.492456
v -0.448114 2.852733 -10.484797
v -0.448114 2.852733 -10.484797
v -0.448114 2.852733 -10.484797
v -0.447698 2.851914 -10.492674
v -0.447698 2.851914 -10.492674
v -0.447698 2.851914 -10.492674
v -0.446598 2.851914 -10.485015
v -0.446598 2.851914 -10.485015
v -0.446598 2.851914 -10.485015
v -0.446369 2.850813 -10.492865
v -0.446369 2.850813 -10.492865
v -0.446369 2.850813 -10.492865
v -0.445270 2.850813 -10.485206
v -0.445270 2.850813 -10.485206
v -0.445270 2.850813 -10.485206
v -0.445279 2.849470 -10.493021
v -0.445279 2.849470 -10.493021
v -0.445279 2.849470 -10.493021
v -0.444180 2.849470 -10.485362
v -0.444180 2.849470 -10.485362
v -0.444180 2.849470 -10.485362
v -0.444469 2.847939 -10.493137
v -0.444469 2.847939 -10.493137
v -0.444469 2.847939 -10.493137
v -0.443369 2.847939 -10.485478
v -0.443369 2.847939 -10.485478
v -0.443369 2.847939 -10.485478
v -0.443970 2.846278 -10.493209
v -0.443970 2.846278 -10.493209
v -0.443970 2.846278 -10.493209
v -0.442870 2.846278 -10.485550
v -0.442870 2.846278 -10.485550
v -0.442870 2.846278 -10.485550
v -0.443802 2.844550 -10.493233
v -0.443802 2.844550 -10.493233
v -0.443802 2.844550 -10.493233
v -0.442702 2.844550 -10.485574
v -0.442702 2.844550 -10.485574
v -0.442702 2.844550 -10.485574
v -0.443970 2.842822 -10.493209
v -0.443970 2.842822 -10.493209
v -0.443970 2.842822 -10.493209
v -0.442870 2.842822 -10.485550
v -0.442870 2.842822 -10.485550
v -0.442870 2.842822 -10.485550
v -0.444469 2.841160 -10.493137
v -0.444469 2.841160 -10.493137
v -0.444469 2.841160 -10.493137
v -0.443369 2.841160 -10.485478
v -0.443369 2.841160 -10.485478
v -0.443369 2.841160 -10.485478
v -0.445279 2.839629 -10.493021
v -0.445279 2.839629 -10.493021
v -0.445279 2.839629 -10.493021
v -0.444180 2.839629 -10.485362
v -0.444180 2.839629 -10.485362
v -0.444180 2.839629 -10.485362
v -0.446369 2.838287 -10.492865
v -0.446369 2.838287 -10.492865
v -0.446369 2.838287 -10.492865
v -0.445270 2.838287 -10.485206
v -0.445270 2.838287 -10.485206
v -0.445270 2.838287 -10.485206
v -0.447698 2.837185 -10.492674
v -0.447698 2.837185 -10.492674
v -0.447698 2.837185 -10.492674
v -0.446598 2.837185 -10.485015
v -0.446598 2.837185 -10.485015
v -0.446598 2.837185 -10.485015
v -0.449214 2.836367 -10.492456
v -0.449214 2.836367 -10.492456
v -0.449214 2.836367 -10.492456
v -0.448114 2.836367 -10.484797
v -0.448114 2.836367 -10.484797
v -0.448114 2.836367 -10.484797
v -0.450858 2.835863 -10.492220
v -0.450858 2.835863 -10.492220
v -0.450858 2.835863 -10.492220
v -0.449759 2.835863 -10.484561
v -0.449759 2.835863 -10.484561
v -0.449759 2.835863 -10.484561
v -0.452569 2.835692 -10.491975
v -0.452569 2.835692 -10.491975
v -0.452569 2.835692 -10.491975
v -0.451469 2.835692 -10.484315
v -0.451469 2.835692 -10.484315
v -0.451469 2.835692 -10.484315
v -0.454279 2.835863 -10.491729
v -0.454279 2.835863 -10.491729
v -0.454279 2.835863 -10.491729
v -0.453180 2.835863 -10.484070
v -0.453180 2.835863 -10.484070
v -0.453180 2.835863 -10.484070
v -0.455924 2.836367 -10.491492
v -0.455924 2.836367 -10.491492
v -0.455924 2.836367 -10.491492
v -0.454824 2.836367 -10.483833
v -0.454824 2.836367 -10.483833
v -0.454824 2.836367 -10.483833
v -0.457440 2.837185 -10.491275
v -0.457440 2.837185 -10.491275
v -0.457440 2.837185 -10.491275
v -0.456340 2.837185 -10.483616
v -0.456340 2.837185 -10.483616
v -0.456340 2.837185 -10.483616
v -0.458768 2.838287 -10.491084
v -0.458768 2.838287 -10.491084
v -0.458768 2.838287 -10.491084
v -0.457669 2.838287 -10.483425
v -0.457669 2.838287 -10.483425
v -0.457669 2.838287 -10.483425
v -0.459859 2.839629 -10.490928
v -0.459859 2.839629 -10.490928
v -0.459859 2.839629 -10.490928
v -0.458759 2.839629 -10.483269
v -0.458759 2.839629 -10.483269
v -0.458759 2.839629 -10.483269
v -0.460669 2.841160 -10.490811
v -0.460669 2.841160 -10.490811
v -0.460669 2.841160 -10.490811
v -0.459569 2.841160 -10.483152
v -0.459569 2.841160 -10.483152
v -0.459569 2.841160 -10.483152
v -0.461168 2.842822 -10.490740
v -0.461168 2.842822 -10.490740
v -0.461168 2.842822 -10.490740
v -0.460068 2.842822 -10.483081
v -0.460068 2.842822 -10.483081
v -0.460068 2.842822 -10.483081
v -0.461336 2.844550 -10.490716
v -0.461336 2.844550 -10.490716
v -0.461336 2.844550 -10.490716
v -0.460237 2.844550 -10.483057
v -0.460237 2.844550 -10.483057
v -0.460237 2.844550 -10.483057
v -0.461168 2.846278 -10.490740
v -0.461168 2.846278 -10.490740
v -0.461168 2.846278 -10.490740
v -0.460068 2.846278 -10.483081
v -0.460068 2.846278 -10.483081
v -0.460068 2.846278 -10.483081
v -0.460669 2.847939 -10.490811
v -0.460669 2.847939 -10.490811
v -0.460669 2.847939 -10.490811
v -0.459569 2.847939 -10.483152
v -0.459569 2.847939 -10.483152
v -0.459569 2.847939 -10.483152
v -0.459859 2.849470 -10.490928
v -0.459859 2.849470 -10.490928
v -0.459859 2.849470 -10.490928
v -0.458759 2.849470 -10.483269
v -0.458759 2.849470 -10.483269
v -0.458759 2.849470 -10.483269
v -0.458768 2.850813 -10.491084
v -0.458768 2.850813 -10.491084
v -0.458768 2.850813 -10.491084
v -0.457669 2.850813 -10.483425
v -0.457669 2.850813 -10.483425
v -0.457669 2.850813 -10.483425
v -0.457440 2.851914 -10.491275
v -0.457440 2.851914 -10.491275
v -0.457440 2.851914 -10.491275
v -0.456340 2.851914 -10.483616
v -0.456340 2.851914 -10.483616
v -0.456340 2.851914 -10.483616
v -0.455924 2.852733 -10.491492
v -0.455924 2.852733 -10.491492
v -0.455924 2.852733 -10.491492
v -0.454824 2.852733 -10.483833
v -0.454824 2.852733 -10.483833
v -0.454824 2.852733 -10.483833
v -0.454279 2.853237 -10.491729
v -0.454279 2.853237 -10.491729
v -0.454279 2.853237 -10.491729
v -0.453180 2.853237 -10.484070
v -0.453180 2.853237 -10.484070
v -0.453180 2.853237 -10.484070
v -0.500872 2.855807 -10.491975
v -0.500872 2.855807 -10.491975
v -0.500872 2.855807 -10.491975
v -0.501971 2.855807 -10.484315
v -0.501971 2.855807 -10.484315
v -0.501971 2.855807 -10.484315
v -0.502582 2.855637 -10.492220
v -0.502582 2.855637 -10.492220
v -0.502582 2.855637 -10.492220
v -0.503682 2.855637 -10.484561
v -0.503682 2.855637 -10.484561
v -0.503682 2.855637 -10.484561
v -0.504227 2.855133 -10.492456
v -0.504227 2.855133 -10.492456
v -0.504227 2.855133 -10.492456
v -0.505326 2.855133 -10.484797
v -0.505326 2.855133 -10.484797
v -0.505326 2.855133 -10.484797
v -0.505742 2.854314 -10.492674
v -0.505742 2.854314 -10.492674
v -0.505742 2.854314 -10.492674
v -0.506842 2.854314 -10.485015
v -0.506842 2.854314 -10.485015
v -0.506842 2.854314 -10.485015
v -0.507071 2.853213 -10.492865
v -0.507071 2.853213 -10.492865
v -0.507071 2.853213 -10.492865
v -0.508171 2.853213 -10.485206
v -0.508171 2.853213 -10.485206
v -0.508171 2.853213 -10.485206
v -0.508161 2.851871 -10.493021
v -0.508161 2.851871 -10.493021
v -0.508161 2.851871 -10.493021
v -0.509261 2.851871 -10.485362
v -0.509261 2.851871 -10.485362
v -0.509261 2.851871 -10.485362
v -0.508972 2.850339 -10.493137
v -0.508972 2.850339 -10.493137
v -0.508972 2.850339 -10.493137
v -0.510071 2.850339 -10.485478
v -0.510071 2.850339 -10.485478
v -0.510071 2.850339 -10.485478
v -0.509470 2.848678 -10.493209
v -0.509470 2.848678 -10.493209
v -0.509470 2.848678 -10.493209
v -0.510570 2.848678 -10.485550
v -0.510570 2.848678 -10.485550
v -0.510570 2.848678 -10.485550
v -0.509639 2.846950 -10.493233
v -0.509639 2.846950 -10.493233
v -0.509639 2.846950 -10.493233
v -0.510738 2.846950 -10.485574
v -0.510738 2.846950 -10.485574
v -0.510738 2.846950 -10.485574
v -0.509470 2.845222 -10.493209
v -0.509470 2.845222 -10.493209
v -0.509470 2.845222 -10.493209
v -0.510570 2.845222 -10.485550
v -0.510570 2.845222 -10.485550
v -0.510570 2.845222 -10.485550
v -0.508972 2.843560 -10.493137
v -0.508972 2.843560 -10.493137
v -0.508972 2.843560 -10.493137
v -0.510071 2.843560 -10.485478
v -0.510071 2.843560 -10.485478
v -0.510071 2.843560 -10.485478
v -0.508161 2.842029 -10.493021
v -0.508161 2.842029 -10.493021
v -0.508161 2.842029 -10.493021
v -0.509261 2.842029 -10.485362
v -0.509261 2.842029 -10.485362
v -0.509261 2.842029 -10.485362
v -0.507071 2.840687 -10.492865
v -0.507071 2.840687 -10.492865
v -0.507071 2.840687 -10.492865
v -0.508171 2.840687 -10.485206
v -0.508171 2.840687 -10.485206
v -0.508171 2.840687 -10.485206
v -0.505742 2.839586 -10.492674
v -0.505742 2.839586 -10.492674
v -0.505742 2.839586 -10.492674
v -0.506842 2.839585 -10.485015
v -0.506842 2.839585 -10.485015
v -0.506842 2.839585 -10.485015
v -0.504227 2.838767 -10.492456
v -0.504227 2.838767 -10.492456
v -0.504227 2.838767 -10.492456
v -0.505326 2.838767 -10.484797
v -0.505326 2.838767 -10.484797
v -0.505326 2.838767 -10.484797
v -0.502582 2.838263 -10.492220
v -0.502582 2.838263 -10.492220
v -0.502582 2.838263 -10.492220
v -0.503682 2.838263 -10.484561
v -0.503682 2.838263 -10.484561
v -0.503682 2.838263 -10.484561
v -0.500872 2.838093 -10.491975
v -0.500872 2.838093 -10.491975
v -0.500872 2.838093 -10.491975
v -0.501971 2.838093 -10.484315
v -0.501971 2.838093 -10.484315
v -0.501971 2.838093 -10.484315
v -0.499161 2.838263 -10.491729
v -0.499161 2.838263 -10.491729
v -0.499161 2.838263 -10.491729
v -0.500261 2.838263 -10.484070
v -0.500261 2.838263 -10.484070
v -0.500261 2.838263 -10.484070
v -0.497517 2.838767 -10.491492
v -0.497517 2.838767 -10.491492
v -0.497517 2.838767 -10.491492
v -0.498616 2.838767 -10.483833
v -0.498616 2.838767 -10.483833
v -0.498616 2.838767 -10.483833
v -0.496001 2.839585 -10.491275
v -0.496001 2.839585 -10.491275
v -0.496001 2.839585 -10.491275
v -0.497100 2.839586 -10.483616
v -0.497100 2.839586 -10.483616
v -0.497100 2.839586 -10.483616
v -0.494672 2.840687 -10.491084
v -0.494672 2.840687 -10.491084
v -0.494672 2.840687 -10.491084
v -0.495772 2.840687 -10.483425
v -0.495772 2.840687 -10.483425
v -0.495772 2.840687 -10.483425
v -0.493582 2.842029 -10.490928
v -0.493582 2.842029 -10.490928
v -0.493582 2.842029 -10.490928
v -0.494681 2.842029 -10.483269
v -0.494681 2.842029 -10.483269
v -0.494681 2.842029 -10.483269
v -0.492772 2.843560 -10.490811
v -0.492772 2.843560 -10.490811
v -0.492772 2.843560 -10.490811
v -0.493871 2.843560 -10.483152
v -0.493871 2.843560 -10.483152
v -0.493871 2.843560 -10.483152
v -0.492273 2.845222 -10.490740
v -0.492273 2.845222 -10.490740
v -0.492273 2.845222 -10.490740
v -0.493372 2.845222 -10.483081
v -0.493372 2.845222 -10.483081
v -0.493372 2.845222 -10.483081
v -0.492104 2.846950 -10.490716
v -0.492104 2.846950 -10.490716
v -0.492104 2.846950 -10.490716
v -0.493204 2.846950 -10.483057
v -0.493204 2.846950 -10.483057
v -0.493204 2.846950 -10.483057
v -0.492273 2.848678 -10.490740
v -0.492273 2.848678 -10.490740
v -0.492273 2.848678 -10.490740
v -0.493372 2.848678 -10.483081
v -0.493372 2.848678 -10.483081
v -0.493372 2.848678 -10.483081
v -0.492772 2.850339 -10.490811
v -0.492772 2.850339 -10.490811
v -0.492772 2.850339 -10.490811
v -0.493871 2.850339 -10.483152
v -0.493871 2.850339 -10.483152
v -0.493871 2.850339 -10.483152
v -0.493582 2.851871 -10.490928
v -0.493582 2.851871 -10.490928
v -0.493582 2.851871 -10.490928
v -0.494681 2.851871 -10.483269
v -0.494681 2.851871 -10.483269
v -0.494681 2.851871 -10.483269
v -0.494672 2.853213 -10.491084
v -0.494672 2.853213 -10.491084
v -0.494672 2.853213 -10.491084
v -0.495772 2.853213 -10.483425
v -0.495772 2.853213 -10.483425
v -0.495772 2.853213 -10.483425
v -0.496001 2.854314 -10.491275
v -0.496001 2.854314 -10.491275
v -0.496001 2.854314 -10.491275
v -0.497100 2.854314 -10.483616
v -0.497100 2.854314 -10.483616
v -0.497100 2.854314 -10.483616
v -0.497517 2.855133 -10.491492
v -0.497517 2.855133 -10.491492
v -0.497517 2.855133 -10.491492
v -0.498616 2.855133 -10.483833
v -0.498616 2.855133 -10.483833
v -0.498616 2.855133 -10.483833
v -0.499161 2.855637 -10.491729
v -0.499161 2.855637 -10.491729
v -0.499161 2.855637 -10.491729
v -0.500261 2.855637 -10.484070
v -0.500261 2.855637 -10.484070
v -0.500261 2.855637 -10.484070
v -0.475839 2.853407 -10.491975
v -0.475839 2.853407 -10.491975
v -0.475839 2.853407 -10.491975
v -0.476938 2.853407 -10.484315
v -0.476938 2.853407 -10.484315
v -0.476938 2.853407 -10.484315
v -0.477549 2.853237 -10.492220
v -0.477549 2.853237 -10.492220
v -0.477549 2.853237 -10.492220
v -0.478649 2.853237 -10.484561
v -0.478649 2.853237 -10.484561
v -0.478649 2.853237 -10.484561
v -0.479194 2.852733 -10.492456
v -0.479194 2.852733 -10.492456
v -0.479194 2.852733 -10.492456
v -0.480293 2.852733 -10.484797
v -0.480293 2.852733 -10.484797
v -0.480293 2.852733 -10.484797
v -0.480709 2.851914 -10.492674
v -0.480709 2.851914 -10.492674
v -0.480709 2.851914 -10.492674
v -0.481809 2.851914 -10.485015
v -0.481809 2.851914 -10.485015
v -0.481809 2.851914 -10.485015
v -0.482038 2.850813 -10.492865
v -0.482038 2.850813 -10.492865
v -0.482038 2.850813 -10.492865
v -0.483138 2.850813 -10.485206
v -0.483138 2.850813 -10.485206
v -0.483138 2.850813 -10.485206
v -0.483128 2.849470 -10.493021
v -0.483128 2.849470 -10.493021
v -0.483128 2.849470 -10.493021
v -0.484228 2.849470 -10.485362
v -0.484228 2.849470 -10.485362
v -0.484228 2.849470 -10.485362
v -0.483939 2.847939 -10.493137
v -0.483939 2.847939 -10.493137
v -0.483939 2.847939 -10.493137
v -0.485038 2.847939 -10.485478
v -0.485038 2.847939 -10.485478
v -0.485038 2.847939 -10.485478
v -0.484437 2.846278 -10.493209
v -0.484437 2.846278 -10.493209
v -0.484437 2.846278 -10.493209
v -0.485537 2.846278 -10.485550
v -0.485537 2.846278 -10.485550
v -0.485537 2.846278 -10.485550
v -0.484606 2.844550 -10.493233
v -0.484606 2.844550 -10.493233
v -0.484606 2.844550 -10.493233
v -0.485705 2.844550 -10.485574
v -0.485705 2.844550 -10.485574
v -0.485705 2.844550 -10.485574
v -0.484437 2.842822 -10.493209
v -0.484437 2.842822 -10.493209
v -0.484437 2.842822 -10.493209
v -0.485537 2.842822 -10.485550
v -0.485537 2.842822 -10.485550
v -0.485537 2.842822 -10.485550
v -0.483939 2.841160 -10.493137
v -0.483939 2.841160 -10.493137
v -0.483939 2.841160 -10.493137
v -0.485038 2.841160 -10.485478
v -0.485038 2.841160 -10.485478
v -0.485038 2.841160 -10.485478
v -0.483128 2.839629 -10.493021
v -0.483128 2.839629 -10.493021
v -0.483128 2.839629 -10.493021
v -0.484228 2.839629 -10.485362
v -0.484228 2.839629 -10.485362
v -0.484228 2.839629 -10.485362
v -0.482038 2.838287 -10.492865
v -0.482038 2.838287 -10.492865
v -0.482038 2.838287 -10.492865
v -0.483138 2.838287 -10.485206
v -0.483138 2.838287 -10.485206
v -0.483138 2.838287 -10.485206
v -0.480709 2.837185 -10.492674
v -0.480709 2.837185 -10.492674
v -0.480709 2.837185 -10.492674
v -0.481809 2.837185 -10.485015
v -0.481809 2.837185 -10.485015
v -0.481809 2.837185 -10.485015
v -0.479194 2.836367 -10.492456
v -0.479194 2.836367 -10.492456
v -0.479194 2.836367 -10.492456
v -0.480293 2.836367 -10.484797
v -0.480293 2.836367 -10.484797
v -0.480293 2.836367 -10.484797
v -0.477549 2.835863 -10.492220
v -0.477549 2.835863 -10.492220
v -0.477549 2.835863 -10.492220
v -0.478649 2.835863 -10.484561
v -0.478649 2.835863 -10.484561
v -0.478649 2.835863 -10.484561
v -0.475839 2.835692 -10.491975
v -0.475839 2.835692 -10.491975
v -0.475839 2.835692 -10.491975
v -0.476938 2.835692 -10.484315
v -0.476938 2.835692 -10.484315
v -0.476938 2.835692 -10.484315
v -0.474128 2.835863 -10.491729
v -0.474128 2.835863 -10.491729
v -0.474128 2.835863 -10.491729
v -0.475228 2.835863 -10.484070
v -0.475228 2.835863 -10.484070
v -0.475228 2.835863 -10.484070
v -0.472484 2.836367 -10.491492
v -0.472484 2.836367 -10.491492
v -0.472484 2.836367 -10.491492
v -0.473583 2.836367 -10.483833
v -0.473583 2.836367 -10.483833
v -0.473583 2.836367 -10.483833
v -0.470968 2.837185 -10.491275
v -0.470968 2.837185 -10.491275
v -0.470968 2.837185 -10.491275
v -0.472067 2.837185 -10.483616
v -0.472067 2.837185 -10.483616
v -0.472067 2.837185 -10.483616
v -0.469639 2.838287 -10.491084
v -0.469639 2.838287 -10.491084
v -0.469639 2.838287 -10.491084
v -0.470739 2.838287 -10.483425
v -0.470739 2.838287 -10.483425
v -0.470739 2.838287 -10.483425
v -0.468549 2.839629 -10.490928
v -0.468549 2.839629 -10.490928
v -0.468549 2.839629 -10.490928
v -0.469648 2.839629 -10.483269
v -0.469648 2.839629 -10.483269
v -0.469648 2.839629 -10.483269
v -0.467739 2.841160 -10.490811
v -0.467739 2.841160 -10.490811
v -0.467739 2.841160 -10.490811
v -0.468838 2.841160 -10.483152
v -0.468838 2.841160 -10.483152
v -0.468838 2.841160 -10.483152
v -0.467240 2.842822 -10.490740
v -0.467240 2.842822 -10.490740
v -0.467240 2.842822 -10.490740
v -0.468339 2.842822 -10.483081
v -0.468339 2.842822 -10.483081
v -0.468339 2.842822 -10.483081
v -0.467071 2.844550 -10.490716
v -0.467071 2.844550 -10.490716
v -0.467071 2.844550 -10.490716
v -0.468171 2.844550 -10.483057
v -0.468171 2.844550 -10.483057
v -0.468171 2.844550 -10.483057
v -0.467240 2.846278 -10.490740
v -0.467240 2.846278 -10.490740
v -0.467240 2.846278 -10.490740
v -0.468339 2.846278 -10.483081
v -0.468339 2.846278 -10.483081
v -0.468339 2.846278 -10.483081
v -0.467739 2.847939 -10.490811
v -0.467739 2.847939 -10.490811
v -0.467739 2.847939 -10.490811
v -0.468838 2.847939 -10.483152
v -0.468838 2.847939 -10.483152
v -0.468838 2.847939 -10.483152
v -0.468549 2.849470 -10.490928
v -0.468549 2.849470 -10.490928
v -0.468549 2.849470 -10.490928
v -0.469648 2.849470 -10.483269
v -0.469648 2.849470 -10.483269
v -0.469648 2.849470 -10.483269
v -0.469639 2.850813 -10.491084
v -0.469639 2.850813 -10.491084
v -0.469639 2.850813 -10.491084
v -0.470739 2.850813 -10.483425
v -0.470739 2.850813 -10.483425
v -0.470739 2.850813 -10.483425
v -0.470968 2.851914 -10.491275
v -0.470968 2.851914 -10.491275
v -0.470968 2.851914 -10.491275
v -0.472067 2.851914 -10.483616
v -0.472067 2.851914 -10.483616
v -0.472067 2.851914 -10.483616
v -0.472484 2.852733 -10.491492
v -0.472484 2.852733 -10.491492
v -0.472484 2.852733 -10.491492
v -0.473583 2.852733 -10.483833
v -0.473583 2.852733 -10.483833
v -0.473583 2.852733 -10.483833
v -0.474128 2.853237 -10.491729
v -0.474128 2.853237 -10.491729
v -0.474128 2.853237 -10.491729
v -0.475228 2.853237 -10.484070
v -0.475228 2.853237 -10.484070
v -0.475228 2.853237 -10.484070
v -0.499086 2.855757 -10.484840
v -0.499086 2.855757 -10.484840
v -0.500106 2.855988 -10.485834
v -0.500106 2.855988 -10.485834
v -0.501500 2.856072 -10.486197
v -0.501500 2.856072 -10.486197
v -0.502893 2.855988 -10.485834
v -0.502893 2.855988 -10.485834
v -0.503913 2.855757 -10.484840
v -0.503913 2.855757 -10.484840
v -0.504287 2.855443 -10.483482
v -0.504287 2.855443 -10.483482
v -0.503913 2.855129 -10.482125
v -0.503913 2.855129 -10.482125
v -0.502893 2.854899 -10.481132
v -0.502893 2.854899 -10.481132
v -0.501500 2.854815 -10.480767
v -0.501500 2.854815 -10.480767
v -0.500106 2.854899 -10.481132
v -0.500106 2.854899 -10.481132
v -0.499086 2.855129 -10.482125
v -0.499086 2.855129 -10.482125
v -0.498713 2.855443 -10.483482
v -0.498713 2.855443 -10.483482
v -0.499087 3.032421 -10.443920
v -0.499087 3.032421 -10.443920
v -0.499087 3.032421 -10.443920
v -0.499087 3.032421 -10.443920
v -0.500108 3.032483 -10.444938
v -0.500108 3.032483 -10.444938
v -0.500108 3.032483 -10.444938
v -0.500108 3.032483 -10.444938
v -0.501502 3.032514 -10.445309
v -0.501502 3.032514 -10.445309
v -0.501502 3.032514 -10.445309
v -0.501502 3.032514 -10.445309
v -0.502895 3.032506 -10.444935
v -0.502895 3.032506 -10.444935
v -0.502895 3.032506 -10.444935
v -0.502895 3.032506 -10.444935
v -0.503914 3.032460 -10.443914
v -0.503914 3.032460 -10.443914
v -0.503914 3.032460 -10.443914
v -0.503914 3.032460 -10.443914
v -0.504287 3.032389 -10.442523
v -0.504287 3.032389 -10.442523
v -0.504287 3.032389 -10.442523
v -0.504287 3.032389 -10.442523
v -0.503912 3.032313 -10.441132
v -0.503912 3.032313 -10.441132
v -0.503912 3.032313 -10.441132
v -0.503912 3.032313 -10.441132
v -0.502892 3.032250 -10.440114
v -0.502892 3.032250 -10.440114
v -0.502892 3.032250 -10.440114
v -0.502892 3.032250 -10.440114
v -0.501498 3.032219 -10.439743
v -0.501498 3.032219 -10.439743
v -0.501498 3.032219 -10.439743
v -0.501498 3.032219 -10.439743
v -0.500105 3.032228 -10.440117
v -0.500105 3.032228 -10.440117
v -0.500105 3.032228 -10.440117
v -0.500105 3.032228 -10.440117
v -0.499085 3.032273 -10.441137
v -0.499085 3.032273 -10.441137
v -0.499085 3.032273 -10.441137
v -0.499085 3.032273 -10.441137
v -0.498713 3.032344 -10.442529
v -0.498713 3.032344 -10.442529
v -0.498713 3.032344 -10.442529
v -0.498713 3.032344 -10.442529
v -0.483994 3.957516 -10.557089
v -0.483994 3.957516 -10.557089
v -0.485017 3.957409 -10.558101
v -0.485017 3.957409 -10.558101
v -0.486411 3.957386 -10.558470
v -0.486411 3.957386 -10.558470
v -0.487804 3.957454 -10.558098
v -0.487804 3.957454 -10.558098
v -0.488821 3.957595 -10.557085
v -0.488821 3.957595 -10.557085
v -0.489190 3.957770 -10.555701
v -0.489190 3.957770 -10.555701
v -0.488813 3.957933 -10.554318
v -0.488813 3.957933 -10.554318
v -0.487790 3.958040 -10.553307
v -0.487790 3.958040 -10.553307
v -0.486396 3.958063 -10.552938
v -0.486396 3.958063 -10.552938
v -0.485003 3.957994 -10.553309
v -0.485003 3.957994 -10.553309
v -0.483986 3.957854 -10.554323
v -0.483986 3.957854 -10.554323
v -0.483617 3.957679 -10.555706
v -0.483617 3.957679 -10.555706
v -0.424494 2.855757 -10.484840
v -0.424494 2.855757 -10.484840
v -0.425514 2.855988 -10.485834
v -0.425514 2.855988 -10.485834
v -0.426908 2.856072 -10.486197
v -0.426908 2.856072 -10.486197
v -0.428301 2.855988 -10.485834
v -0.428301 2.855988 -10.485834
v -0.429321 2.855757 -10.484840
v -0.429321 2.855757 -10.484840
v -0.429695 2.855443 -10.483482
v -0.429695 2.855443 -10.483482
v -0.429321 2.855129 -10.482125
v -0.429321 2.855129 -10.482125
v -0.428301 2.854899 -10.481132
v -0.428301 2.854899 -10.481132
v -0.426908 2.854815 -10.480767
v -0.426908 2.854815 -10.480767
v -0.425514 2.854899 -10.481132
v -0.425514 2.854899 -10.481132
v -0.424494 2.855129 -10.482125
v -0.424494 2.855129 -10.482125
v -0.424121 2.855443 -10.483482
v -0.424121 2.855443 -10.483482
v -0.424493 3.032460 -10.443914
v -0.424493 3.032460 -10.443914
v -0.424493 3.032460 -10.443914
v -0.424493 3.032460 -10.443914
v -0.425512 3.032506 -10.444935
v -0.425512 3.032506 -10.444935
v -0.425512 3.032506 -10.444935
v -0.425512 3.032506 -10.444935
v -0.426906 3.032514 -10.445309
v -0.426906 3.032514 -10.445309
v -0.426906 3.032514 -10.445309
v -0.426906 3.032514 -10.445309
v -0.428299 3.032483 -10.444938
v -0.428299 3.032483 -10.444938
v -0.428299 3.032483 -10.444938
v -0.428299 3.032483 -10.444938
v -0.429320 3.032421 -10.443920
v -0.429320 3.032421 -10.443920
v -0.429320 3.032421 -10.443920
v -0.429320 3.032421 -10.443920
v -0.429694 3.032344 -10.442529
v -0.429694 3.032344 -10.442529
v -0.429694 3.032344 -10.442529
v -0.429694 3.032344 -10.442529
v -0.429322 3.032273 -10.441137
v -0.429322 3.032273 -10.441137
v -0.429322 3.032273 -10.441137
v -0.429322 3.032273 -10.441137
v -0.428303 3.032228 -10.440117
v -0.428303 3.032228 -10.440117
v -0.428303 3.032228 -10.440117
v -0.428303 3.032228 -10.440117
v -0.426910 3.032219 -10.439743
v -0.426910 3.032219 -10.439743
v -0.426910 3.032219 -10.439743
v -0.426910 3.032219 -10.439743
v -0.425516 3.032250 -10.440114
v -0.425516 3.032250 -10.440114
v -0.425516 3.032250 -10.440114
v -0.425516 3.032250 -10.440114
v -0.424495 3.032313 -10.441132
v -0.424495 3.032313 -10.441132
v -0.424495 3.032313 -10.441132
v -0.424495 3.032313 -10.441132
v -0.424121 3.032389 -10.442523
v -0.424121 3.032389 -10.442523
v -0.424121 3.032389 -10.442523
v -0.424121 3.032389 -10.442523
v -0.439587 3.957595 -10.557085
v -0.439587 3.957595 -10.557085
v -0.440604 3.957454 -10.558098
v -0.440604 3.957454 -10.558098
v -0.441996 3.957386 -10.558470
v -0.441996 3.957386 -10.558470
v -0.443390 3.957409 -10.558101
v -0.443390 3.957409 -10.558101
v -0.444413 3.957516 -10.557089
v -0.444413 3.957516 -10.557089
v -0.444790 3.957679 -10.555706
v -0.444790 3.957679 -10.555706
v -0.444421 3.957854 -10.554323
v -0.444421 3.957854 -10.554323
v -0.443404 3.957994 -10.553309
v -0.443404 3.957994 -10.553309
v -0.442012 3.958063 -10.552938
v -0.442012 3.958063 -10.552938
v -0.440618 3.958040 -10.553307
v -0.440618 3.958040 -10.553307
v -0.439595 3.957933 -10.554318
v -0.439595 3.957933 -10.554318
v -0.439217 3.957770 -10.555701
v -0.439217 3.957770 -10.555701
v -0.449857 2.854008 -10.488302
v -0.449857 2.854008 -10.488302
v -0.450878 2.854260 -10.489290
v -0.450878 2.854260 -10.489290
v -0.452271 2.854352 -10.489652
v -0.452271 2.854352 -10.489652
v -0.453664 2.854260 -10.489290
v -0.453664 2.854260 -10.489290
v -0.454685 2.854008 -10.488302
v -0.454685 2.854008 -10.488302
v -0.455058 2.853663 -10.486952
v -0.455058 2.853663 -10.486952
v -0.454685 2.853319 -10.485601
v -0.454685 2.853319 -10.485601
v -0.453664 2.853067 -10.484613
v -0.453664 2.853067 -10.484613
v -0.452271 2.852974 -10.484251
v -0.452271 2.852974 -10.484251
v -0.450878 2.853067 -10.484613
v -0.450878 2.853067 -10.484613
v -0.449857 2.853319 -10.485601
v -0.449857 2.853319 -10.485601
v -0.449484 2.853663 -10.486952
v -0.449484 2.853663 -10.486952
v -0.449857 3.032440 -10.442755
v -0.449857 3.032440 -10.442755
v -0.449857 3.032440 -10.442755
v -0.449857 3.032440 -10.442755
v -0.450877 3.032503 -10.443772
v -0.450877 3.032503 -10.443772
v -0.450877 3.032503 -10.443772
v -0.450877 3.032503 -10.443772
v -0.452271 3.032525 -10.444145
v -0.452271 3.032525 -10.444145
v -0.452271 3.032525 -10.444145
v -0.452271 3.032525 -10.444145
v -0.453664 3.032499 -10.443773
v -0.453664 3.032499 -10.443773
v -0.453664 3.032499 -10.443773
v -0.453664 3.032499 -10.443773
v -0.454684 3.032432 -10.442756
v -0.454684 3.032432 -10.442756
v -0.454684 3.032432 -10.442756
v -0.454684 3.032432 -10.442756
v -0.455058 3.032343 -10.441365
v -0.455058 3.032343 -10.441365
v -0.455058 3.032343 -10.441365
v -0.455058 3.032343 -10.441365
v -0.454685 3.032255 -10.439975
v -0.454685 3.032255 -10.439975
v -0.454685 3.032255 -10.439975
v -0.454685 3.032255 -10.439975
v -0.453665 3.032192 -10.438956
v -0.453665 3.032192 -10.438956
v -0.453665 3.032192 -10.438956
v -0.453665 3.032192 -10.438956
v -0.452271 3.032170 -10.438583
v -0.452271 3.032170 -10.438583
v -0.452271 3.032170 -10.438583
v -0.452271 3.032170 -10.438583
v -0.450878 3.032196 -10.438955
v -0.450878 3.032196 -10.438955
v -0.450878 3.032196 -10.438955
v -0.450878 3.032196 -10.438955
v -0.449858 3.032262 -10.439973
v -0.449858 3.032262 -10.439973
v -0.449858 3.032262 -10.439973
v -0.449858 3.032262 -10.439973
v -0.449484 3.032351 -10.441363
v -0.449484 3.032351 -10.441363
v -0.449484 3.032351 -10.441363
v -0.449484 3.032351 -10.441363
v -0.452701 3.957794 -10.556549
v -0.452701 3.957794 -10.556549
v -0.453720 3.957667 -10.557562
v -0.453720 3.957667 -10.557562
v -0.455113 3.957617 -10.557933
v -0.455113 3.957617 -10.557933
v -0.456507 3.957658 -10.557562
v -0.456507 3.957658 -10.557562
v -0.457528 3.957779 -10.556550
v -0.457528 3.957779 -10.556550
v -0.457902 3.957948 -10.555167
v -0.457902 3.957948 -10.555167
v -0.457529 3.958120 -10.553783
v -0.457529 3.958120 -10.553783
v -0.456510 3.958247 -10.552772
v -0.456510 3.958247 -10.552772
v -0.455117 3.958297 -10.552401
v -0.455117 3.958297 -10.552401
v -0.453723 3.958256 -10.552771
v -0.453723 3.958256 -10.552771
v -0.452702 3.958135 -10.553782
v -0.452702 3.958135 -10.553782
v -0.452328 3.957966 -10.555166
v -0.452328 3.957966 -10.555166
v -0.478550 2.854008 -10.488302
v -0.478550 2.854008 -10.488302
v -0.477530 2.854260 -10.489290
v -0.477530 2.854260 -10.489290
v -0.476136 2.854352 -10.489652
v -0.476136 2.854352 -10.489652
v -0.474743 2.854260 -10.489290
v -0.474743 2.854260 -10.489290
v -0.473723 2.854008 -10.488302
v -0.473723 2.854008 -10.488302
v -0.473349 2.853663 -10.486952
v -0.473349 2.853663 -10.486952
v -0.473723 2.853319 -10.485601
v -0.473723 2.853319 -10.485601
v -0.474743 2.853067 -10.484613
v -0.474743 2.853067 -10.484613
v -0.476136 2.852974 -10.484251
v -0.476136 2.852974 -10.484251
v -0.477530 2.853067 -10.484613
v -0.477530 2.853067 -10.484613
v -0.478550 2.853319 -10.485601
v -0.478550 2.853319 -10.485601
v -0.478923 2.853663 -10.486952
v -0.478923 2.853663 -10.486952
v -0.478550 3.032440 -10.442755
v -0.478550 3.032440 -10.442755
v -0.478550 3.032440 -10.442755
v -0.478550 3.032440 -10.442755
v -0.477530 3.032503 -10.443772
v -0.477530 3.032503 -10.443772
v -0.477530 3.032503 -10.443772
v -0.477530 3.032503 -10.443772
v -0.476137 3.032525 -10.444145
v -0.476137 3.032525 -10.444145
v -0.476137 3.032525 -10.444145
v -0.476137 3.032525 -10.444145
v -0.474743 3.032499 -10.443773
v -0.474743 3.032499 -10.443773
v -0.474743 3.032499 -10.443773
v -0.474743 3.032499 -10.443773
v -0.473723 3.032432 -10.442756
v -0.473723 3.032432 -10.442756
v -0.473723 3.032432 -10.442756
v -0.473723 3.032432 -10.442756
v -0.473349 3.032343 -10.441365
v -0.473349 3.032343 -10.441365
v -0.473349 3.032343 -10.441365
v -0.473349 3.032343 -10.441365
v -0.473723 3.032255 -10.439975
v -0.473723 3.032255 -10.439975
v -0.473723 3.032255 -10.439975
v -0.473723 3.032255 -10.439975
v -0.474743 3.032192 -10.438956
v -0.474743 3.032192 -10.438956
v -0.474743 3.032192 -10.438956
v -0.474743 3.032192 -10.438956
v -0.476136 3.032170 -10.438583
v -0.476136 3.032170 -10.438583
v -0.476136 3.032170 -10.438583
v -0.476136 3.032170 -10.438583
v -0.477529 3.032196 -10.438955
v -0.477529 3.032196 -10.438955
v -0.477529 3.032196 -10.438955
v -0.477529 3.032196 -10.438955
v -0.478550 3.032262 -10.439973
v -0.478550 3.032262 -10.439973
v -0.478550 3.032262 -10.439973
v -0.478550 3.032262 -10.439973
v -0.478923 3.032351 -10.441363
v -0.478923 3.032351 -10.441363
v -0.478923 3.032351 -10.441363
v -0.478923 3.032351 -10.441363
v -0.475707 3.957794 -10.556549
v -0.475707 3.957794 -10.556549
v -0.474687 3.957667 -10.557562
v -0.474687 3.957667 -10.557562
v -0.473294 3.957617 -10.557933
v -0.473294 3.957617 -10.557933
v -0.471900 3.957658 -10.557562
v -0.471900 3.957658 -10.557562
v -0.470880 3.957779 -10.556550
v -0.470880 3.957779 -10.556550
v -0.470506 3.957948 -10.555167
v -0.470506 3.957948 -10.555167
v -0.470878 3.958120 -10.553783
v -0.470878 3.958120 -10.553783
v -0.471898 3.958247 -10.552772
v -0.471898 3.958247 -10.552772
v -0.473291 3.958297 -10.552401
v -0.473291 3.958297 -10.552401
v -0.474685 3.958256 -10.552771
v -0.474685 3.958256 -10.552771
v -0.475705 3.958135 -10.553782
v -0.475705 3.958135 -10.553782
v -0.476079 3.957966 -10.555166
v -0.476079 3.957966 -10.555166
vn -0.0000 -0.0832 -0.9965
vn -0.3644 -0.0778 -0.9280
vn 0.9997 0.0263 -0.0022
vn -0.0000 -0.9964 0.0853
vn -0.0000 0.9964 -0.0853
vn -0.0000 0.0975 0.9952
vn 0.3644 0.0912 0.9268
vn 0.3644 -0.0778 -0.9280
vn -0.9997 0.0263 -0.0022
vn -0.3644 0.0912 0.9268
vn 0.9952 -0.0977 0.0039
vn 1.0000 -0.0037 0.0020
vn 0.8801 -0.4745 0.0174
vn 0.8838 -0.4679 0.0013
vn -0.8606 0.5091 -0.0169
vn -0.8611 0.5082 -0.0184
vn -0.8071 0.5900 -0.0210
vn -0.7679 0.6405 -0.0068
vn 0.9972 0.0753 -0.0000
vn 0.9936 0.1125 -0.0019
vn 0.9981 0.0622 -0.0002
vn 0.9918 0.1274 -0.0022
vn -0.9931 -0.1173 0.0027
vn -0.9996 -0.0268 -0.0010
vn -0.9999 -0.0116 -0.0015
vn 0.7060 -0.7082 0.0114
vn 0.7071 -0.7067 0.0247
vn 0.7066 -0.7074 0.0180
vn -0.0340 0.9993 -0.0155
vn -0.0337 0.9989 -0.0331
vn -0.0339 0.9993 -0.0175
vn 0.6025 0.7981 -0.0041
vn 0.6132 0.7895 -0.0250
vn 0.9999 0.0116 0.0015
vn 0.8980 0.4400 -0.0085
vn 0.8980 0.4398 -0.0129
vn 0.9651 0.2617 -0.0069
vn 0.9738 0.2273 -0.0026
vn 0.2664 0.9637 -0.0147
vn 0.2679 0.9629 -0.0314
vn 0.2671 0.9635 -0.0163
vn -0.9922 0.1249 -0.0060
vn -0.9922 0.1243 -0.0060
vn -0.9986 0.0530 -0.0036
vn -0.9985 0.0541 -0.0004
vn -0.9921 -0.1254 0.0008
vn -0.9849 -0.1732 0.0039
vn -0.9202 -0.3913 0.0112
vn -0.9202 -0.3915 0.0073
vn -0.0015 0.0503 0.9987
vn -0.0075 0.0432 0.9990
vn 0.0010 0.0309 0.9995
vn 0.0019 0.0137 0.9999
vn 0.0140 -0.0395 0.9991
vn 0.0252 -0.0507 0.9984
vn 0.0352 -0.0549 0.9979
vn 0.0097 -0.0152 0.9998
vn -0.0435 -0.1523 0.9874
vn -0.0103 -0.0363 0.9993
vn -0.0670 -0.2345 0.9698
vn -0.0665 -0.2344 0.9699
vn -0.0103 0.3053 0.9522
vn -0.0156 0.0385 0.9991
vn -0.0661 0.0421 0.9969
vn 0.0101 0.0652 0.9978
vn -0.0112 0.0597 0.9982
vn 0.0609 0.0781 0.9951
vn 0.0284 0.6759 0.7364
vn 0.0285 0.6760 0.7363
vn 0.0282 0.6757 0.7367
vn -0.0000 -0.0000 1.0000
vn 0.0007 -0.0596 0.9982
vn 0.0007 -0.0624 0.9981
vn 0.0055 -0.4762 0.8793
vn -0.8184 -0.5746 0.0068
vn -0.8178 -0.5752 0.0175
vn -0.9897 -0.1433 0.0029
vn -0.9781 -0.2082 0.0030
vn -0.9991 -0.0420 -0.0005
vn -0.9981 -0.0615 0.0003
vn -0.8741 -0.4857 0.0014
vn -0.8709 -0.4912 0.0146
vn 0.7870 -0.6167 0.0172
vn 0.7863 -0.6174 0.0219
vn 0.7882 -0.6153 0.0056
vn 0.8586 0.5127 -0.0039
vn 0.8602 0.5098 -0.0153
vn 0.8597 0.5106 -0.0119
vn 0.0116 -0.9998 0.0155
vn 0.0116 -0.9994 0.0331
vn 0.0116 -0.9998 0.0174
vn -0.1404 0.9899 -0.0175
vn -0.1406 0.9895 -0.0330
vn -0.1404 0.9899 -0.0194
vn 0.9113 0.4117 -0.0119
vn 0.9117 0.4109 -0.0030
vn -0.6031 0.7972 -0.0275
vn -0.6024 0.7981 -0.0118
vn 0.1036 -0.9944 0.0195
vn 0.1035 -0.9941 0.0331
vn 0.1036 -0.9945 0.0175
vn -0.3784 -0.9255 0.0175
vn -0.3795 -0.9247 0.0299
vn -0.3782 -0.9256 0.0130
vn -0.9643 0.2649 -0.0008
vn -0.9632 0.2685 -0.0107
vn -0.9952 -0.0977 0.0039
vn -0.8838 -0.4679 0.0013
vn -0.8801 -0.4745 0.0174
vn -1.0000 -0.0037 0.0020
vn 0.8606 0.5091 -0.0169
vn 0.7679 0.6405 -0.0068
vn 0.8071 0.5900 -0.0210
vn 0.8611 0.5082 -0.0184
vn -0.9972 0.0753 -0.0000
vn -0.9918 0.1274 -0.0020
vn -0.9981 0.0622 -0.0002
vn -0.9936 0.1125 -0.0019
vn 0.9931 -0.1173 0.0026
vn 0.9999 -0.0116 -0.0015
vn 0.9996 -0.0268 -0.0010
vn -0.7060 -0.7082 0.0114
vn -0.7066 -0.7074 0.0180
vn -0.7071 -0.7067 0.0247
vn 0.0340 0.9993 -0.0155
vn 0.0339 0.9993 -0.0175
vn 0.0337 0.9989 -0.0331
vn -0.6025 0.7981 -0.0041
vn -0.6132 0.7895 -0.0250
vn -0.9999 0.0116 0.0015
vn -0.8980 0.4400 -0.0085
vn -0.9738 0.2273 -0.0026
vn -0.9651 0.2617 -0.0069
vn -0.8980 0.4398 -0.0129
vn -0.2664 0.9637 -0.0147
vn -0.2671 0.9635 -0.0163
vn -0.2679 0.9629 -0.0314
vn 0.9922 0.1249 -0.0060
vn 0.9985 0.0541 -0.0004
vn 0.9986 0.0530 -0.0036
vn 0.9922 0.1243 -0.0060
vn 0.9921 -0.1254 0.0008
vn 0.9202 -0.3915 0.0073
vn 0.9202 -0.3913 0.0112
vn 0.9849 -0.1732 0.0039
vn 0.0015 0.0503 0.9987
vn -0.0019 0.0137 0.9999
vn -0.0010 0.0309 0.9995
vn 0.0075 0.0432 0.9990
vn -0.0252 -0.0507 0.9984
vn -0.0140 -0.0395 0.9991
vn -0.0097 -0.0152 0.9998
vn -0.0352 -0.0549 0.9979
vn 0.0103 -0.0363 0.9993
vn 0.0435 -0.1523 0.9874
vn 0.0665 -0.2344 0.9699
vn 0.0670 -0.2346 0.9698
vn 0.0103 0.3053 0.9522
vn 0.0661 0.0421 0.9969
vn 0.0156 0.0385 0.9991
vn 0.0112 0.0597 0.9982
vn -0.0101 0.0652 0.9978
vn -0.0609 0.0781 0.9951
vn -0.0284 0.6759 0.7365
vn -0.0284 0.6759 0.7364
vn -0.0282 0.6757 0.7367
vn -0.0285 0.6760 0.7363
vn -0.0007 -0.0624 0.9981
vn -0.0007 -0.0596 0.9982
vn -0.0055 -0.4762 0.8793
vn 0.8184 -0.5746 0.0068
vn 0.9781 -0.2082 0.0031
vn 0.9897 -0.1433 0.0029
vn 0.8178 -0.5752 0.0175
vn 0.9981 -0.0615 0.0003
vn 0.9991 -0.0420 -0.0005
vn 0.8741 -0.4857 0.0014
vn 0.8709 -0.4912 0.0146
vn -0.7870 -0.6167 0.0172
vn -0.7882 -0.6153 0.0056
vn -0.7863 -0.6174 0.0219
vn -0.8586 0.5127 -0.0039
vn -0.8597 0.5106 -0.0119
vn -0.8602 0.5098 -0.0153
vn -0.0116 -0.9998 0.0155
vn -0.0116 -0.9998 0.0174
vn -0.0116 -0.9994 0.0331
vn 0.1404 0.9899 -0.0175
vn 0.1404 0.9899 -0.0194
vn 0.1406 0.9895 -0.0330
vn -0.9117 0.4109 -0.0030
vn -0.9113 0.4117 -0.0119
vn 0.6024 0.7981 -0.0118
vn 0.6031 0.7972 -0.0275
vn -0.1036 -0.9944 0.0195
vn -0.1036 -0.9945 0.0175
vn -0.1035 -0.9941 0.0331
vn 0.3784 -0.9255 0.0175
vn 0.3782 -0.9256 0.0130
vn 0.3795 -0.9247 0.0299
vn 0.9643 0.2649 -0.0008
vn 0.9632 0.2685 -0.0107
vn -0.0000 0.2132 -0.9770
vn -0.0000 -0.0897 -0.9960
vn -0.2300 -0.0871 -0.9693
vn -0.8403 0.2056 -0.5016
vn -0.9554 -0.0411 0.2923
vn -0.6145 0.0550 0.7870
vn -0.0000 -0.1635 0.9865
vn -0.0000 -0.1317 0.9913
vn -0.7836 -0.0072 0.6212
vn -0.0000 -0.3860 0.9225
vn -0.0000 -0.3859 0.9225
vn -0.0000 0.2419 -0.9703
vn -0.6047 0.3675 -0.7066
vn -0.8915 0.1759 -0.4174
vn -0.0000 0.2558 -0.9667
vn -0.9733 0.0568 -0.2226
vn -0.0000 0.6004 -0.7997
vn -0.8358 -0.1573 0.5259
vn -0.0000 -0.1795 0.9838
vn -0.0000 0.6007 -0.7995
vn -0.2434 0.0851 0.9662
vn -0.0000 0.0882 0.9961
vn 0.8403 0.2056 -0.5016
vn 0.2300 -0.0871 -0.9693
vn 0.6145 0.0550 0.7870
vn 0.9554 -0.0411 0.2923
vn 0.7838 -0.0073 0.6210
vn 0.8915 0.1759 -0.4174
vn 0.6047 0.3675 -0.7066
vn 0.9733 0.0568 -0.2226
vn 0.8358 -0.1573 0.5259
vn 0.2435 0.0851 0.9662
vn 0.0152 0.0995 -0.9949
vn 0.0118 0.0870 0.9961
vn 0.0163 0.0870 0.9961
vn 0.0247 0.0995 -0.9947
vn 0.0217 0.0871 0.9960
vn 0.0355 0.0997 -0.9944
vn 0.0289 0.0873 0.9958
vn 0.0488 0.1000 -0.9938
vn 0.0394 0.0876 0.9954
vn 0.0678 0.1007 -0.9926
vn 0.0571 0.0881 0.9945
vn 0.1011 0.1023 -0.9896
vn 0.0958 0.0886 0.9915
vn 0.1862 0.1067 -0.9767
vn 0.2303 0.0848 0.9694
vn 0.6292 0.0699 -0.7741
vn 0.5535 0.0132 0.8327
vn 0.4043 -0.0792 -0.9112
vn -0.1144 0.0354 0.9928
vn 0.1568 -0.0958 -0.9830
vn -0.0948 0.0722 0.9929
vn 0.0808 -0.0976 -0.9919
vn -0.0620 0.0785 0.9950
vn 0.0477 -0.0979 -0.9940
vn -0.0406 0.0807 0.9959
vn 0.0283 -0.0981 -0.9948
vn -0.0247 0.0817 0.9963
vn 0.0146 -0.0981 -0.9951
vn -0.0113 0.0822 0.9966
vn 0.0037 -0.0981 -0.9952
vn 0.0016 0.0824 0.9966
vn -0.0058 -0.0981 -0.9952
vn 0.0143 0.0824 0.9965
vn -0.0147 -0.0981 -0.9951
vn 0.0269 0.0821 0.9963
vn -0.0240 -0.0980 -0.9949
vn 0.0398 0.0816 0.9959
vn -0.0342 -0.0980 -0.9946
vn 0.0542 0.0806 0.9953
vn -0.0467 -0.0978 -0.9941
vn 0.0726 0.0787 0.9943
vn -0.0637 -0.0976 -0.9932
vn 0.0995 0.0740 0.9923
vn -0.0906 -0.0972 -0.9911
vn 0.1323 0.0541 0.9897
vn -0.1454 -0.0959 -0.9847
vn -0.3568 -0.0374 0.9334
vn -0.3142 -0.0871 -0.9454
vn -0.3103 0.0791 0.9473
vn -0.6964 -0.0035 -0.7176
vn -0.1031 0.0895 0.9906
vn -0.2257 0.1114 -0.9678
vn -0.0466 0.0889 0.9950
vn -0.0927 0.1043 -0.9902
vn -0.0241 0.0881 0.9958
vn -0.0514 0.1016 -0.9935
vn -0.0116 0.0877 0.9961
vn -0.0296 0.1005 -0.9945
vn -0.0033 0.0874 0.9962
vn -0.0151 0.1000 -0.9949
vn 0.0028 0.0872 0.9962
vn -0.0038 0.0997 -0.9950
vn -0.0230 -0.0687 0.9974
vn -0.0166 -0.0699 0.9974
vn -0.0106 -0.0705 0.9975
vn -0.0046 -0.0705 0.9975
vn 0.0017 -0.0697 0.9976
vn 0.0087 -0.0682 0.9976
vn 0.0168 -0.0657 0.9977
vn 0.0270 -0.0617 0.9977
vn 0.0412 -0.0555 0.9976
vn 0.0670 -0.0445 0.9968
vn 0.1333 -0.0096 0.9910
vn 0.1521 0.0611 0.9865
vn 0.1053 0.0846 0.9908
vn 0.0740 0.0903 0.9932
vn 0.0546 0.0925 0.9942
vn 0.0410 0.0936 0.9948
vn 0.0305 0.0942 0.9951
vn 0.0217 0.0946 0.9953
vn 0.0139 0.0947 0.9954
vn 0.0063 0.0947 0.9955
vn -0.0018 0.0946 0.9955
vn -0.0111 0.0943 0.9955
vn -0.0226 0.0936 0.9953
vn -0.0380 0.0924 0.9950
vn -0.0610 0.0897 0.9941
vn -0.1005 0.0819 0.9916
vn -0.1504 0.0435 0.9877
vn -0.1131 -0.0260 0.9932
vn -0.0681 -0.0482 0.9965
vn -0.0500 -0.0574 0.9971
vn -0.0387 -0.0629 0.9973
vn -0.0301 -0.0665 0.9973
vn 0.0075 0.0871 0.9962
vn 0.0059 0.0995 -0.9950
vn 0.0059 0.0994 -0.9950
vn 0.0151 0.0994 -0.9949
vn 0.0354 0.0996 -0.9944
vn 0.0488 0.0999 -0.9938
vn 0.0678 0.1006 -0.9926
vn 0.1567 -0.0958 -0.9830
vn 0.0282 -0.0981 -0.9948
vn -0.0907 -0.0972 -0.9911
vn -0.1454 -0.0958 -0.9847
vn -0.6964 -0.0035 -0.7177
vn -0.2256 0.1113 -0.9678
vn -0.0927 0.1042 -0.9902
vn -0.0514 0.1015 -0.9935
vn -0.0296 0.1004 -0.9945
vn -0.0151 0.0999 -0.9949
vn -0.0039 0.0996 -0.9950
vn -0.0684 -0.4515 0.8897
vn -0.1081 -0.4376 0.8926
vn -0.1445 -0.4088 0.9011
vn -0.1766 -0.3650 0.9141
vn -0.2032 -0.3062 0.9300
vn -0.2228 -0.2330 0.9466
vn -0.2344 -0.1469 0.9610
vn -0.2412 -0.0492 0.9692
vn -0.2359 0.0556 0.9702
vn 0.5534 0.0132 0.8328
vn -0.2035 0.1115 0.9727
vn -0.1766 0.1973 0.9643
vn -0.1429 0.2805 0.9492
vn -0.0619 0.0785 0.9950
vn -0.1036 0.3472 0.9321
vn -0.0612 0.3971 0.9157
vn -0.0248 0.0817 0.9963
vn -0.0176 0.4305 0.9024
vn -0.0112 0.0822 0.9966
vn 0.0260 0.4478 0.8937
vn 0.0683 0.4492 0.8908
vn 0.1081 0.4348 0.8940
vn 0.1442 0.4050 0.9029
vn 0.1757 0.3598 0.9163
vn 0.2012 0.2988 0.9329
vn 0.2184 0.2217 0.9503
vn 0.2261 0.1335 0.9649
vn 0.2432 0.0741 0.9671
vn 0.2396 -0.0169 0.9707
vn -0.3104 0.0791 0.9473
vn 0.2097 -0.1198 0.9704
vn 0.1792 -0.2107 0.9610
vn 0.1434 -0.2892 0.9465
vn 0.1032 -0.3532 0.9299
vn 0.0605 -0.4013 0.9139
vn 0.0168 -0.4336 0.9010
vn 0.0027 0.0872 0.9962
vn -0.0265 -0.4502 0.8925
vn -0.0339 -0.0980 -0.9946
vn -0.0339 -0.2901 -0.9564
vn -0.0339 -0.4711 -0.8814
vn -0.0339 -0.6340 -0.7726
vn -0.0339 -0.7726 -0.6340
vn -0.0339 -0.8814 -0.4711
vn -0.0339 -0.9564 -0.2901
vn -0.0339 -0.9946 -0.0980
vn -0.0339 -0.9946 0.0980
vn -0.0339 -0.9946 0.0979
vn -0.0339 -0.9564 0.2901
vn -0.0339 -0.8814 0.4711
vn -0.0339 -0.7726 0.6340
vn -0.0339 -0.6340 0.7726
vn -0.0339 -0.4711 0.8814
vn -0.0339 -0.2901 0.9564
vn -0.0339 -0.0980 0.9946
vn -0.0339 0.0980 0.9946
vn -0.0339 0.2901 0.9564
vn -0.0339 0.4711 0.8814
vn -0.0339 0.6340 0.7726
vn -0.0339 0.7726 0.6340
vn -0.0339 0.8814 0.4711
vn -0.0339 0.9564 0.2901
vn -0.0339 0.9946 0.0980
vn -0.0339 0.9946 -0.0980
vn -0.0339 0.9564 -0.2901
vn -0.0339 0.8814 -0.4711
vn -0.0339 0.7726 -0.6340
vn -0.0339 0.6340 -0.7726
vn -0.0339 0.4711 -0.8814
vn -0.2508 -0.6141 -0.7483
vn -0.0339 0.2901 -0.9564
vn -0.0339 0.0980 -0.9946
vn -1.0000 -0.0000 -0.0000
vn -0.5730 0.6967 0.4317
vn -0.5730 0.6966 0.4317
vn -0.5729 0.6966 0.4318
vn -0.2508 -0.6141 0.7483
vn -0.2508 0.8537 0.4563
vn -0.2508 0.2810 -0.9263
vn -0.2508 -0.9634 0.0949
vn -0.2508 0.2810 0.9263
vn -0.2508 0.2810 0.9264
vn -0.2508 0.8537 -0.4563
vn -0.2508 -0.7483 -0.6141
vn -0.2508 -0.4563 0.8537
vn -0.2508 0.9263 0.2810
vn -0.2508 -0.0949 -0.9634
vn -0.2508 0.0949 -0.9634
vn -0.2508 -0.9264 0.2810
vn -0.2508 -0.9263 0.2810
vn -0.2508 0.4563 0.8537
vn -0.2508 0.7483 -0.6141
vn -0.2508 -0.8537 -0.4563
vn -0.2508 -0.2810 0.9263
vn -0.2508 0.9634 0.0949
vn -0.2508 -0.2810 -0.9263
vn -0.2508 -0.8537 0.4563
vn -0.2508 0.6141 0.7483
vn -0.2508 0.6141 -0.7483
vn -0.2508 -0.9263 -0.2810
vn -0.2508 -0.0949 0.9634
vn -0.2508 0.9634 -0.0949
vn -0.2508 -0.4563 -0.8537
vn -0.2508 -0.7483 0.6141
vn -0.2508 0.7483 0.6141
vn -0.2508 0.4563 -0.8537
vn -0.2508 -0.9634 -0.0949
vn -0.2508 0.0949 0.9634
vn -0.2508 0.9264 -0.2810
vn -0.2508 0.9263 -0.2810
vn -0.0000 0.5364 -0.8439
vn -0.5730 -0.6963 0.4322
vn -0.5730 -0.6964 0.4322
vn -0.5728 -0.6963 0.4325
vn -0.5728 -0.6963 0.4324
vn -0.7055 0.6946 0.1406
vn -0.7055 0.6947 0.1401
vn -0.7055 0.6947 0.1405
vn -0.7055 0.6947 0.1404
vn -0.2754 -0.6487 0.7094
vn -0.2754 -0.6487 0.7095
vn -0.2752 -0.6486 0.7096
vn -0.2751 -0.6486 0.7097
vn -0.7056 0.6947 -0.1397
vn -0.7055 0.6947 -0.1399
vn -0.7055 0.6947 -0.1402
vn 0.1082 -0.5086 0.8542
vn 0.1085 -0.5085 0.8542
vn 0.1085 -0.5086 0.8542
vn -0.5729 0.6963 -0.4323
vn -0.5730 0.6964 -0.4322
vn -0.5728 0.6963 -0.4325
vn -0.5728 0.6963 -0.4324
vn 0.4020 -0.3410 0.8498
vn 0.4020 -0.3411 0.8497
vn 0.4021 -0.3411 0.8497
vn 0.4021 -0.3410 0.8497
vn -0.2754 0.6487 -0.7095
vn -0.2753 0.6487 -0.7095
vn -0.2752 0.6486 -0.7096
vn -0.2751 0.6486 -0.7097
vn 0.5681 -0.2081 0.7962
vn 0.5680 -0.2081 0.7963
vn 0.5682 -0.2081 0.7962
vn 0.5681 -0.2080 0.7962
vn 0.6863 -0.0350 -0.7264
vn 0.6864 -0.0350 -0.7264
vn 0.1082 0.5086 -0.8542
vn 0.1083 0.5086 -0.8541
vn 0.1085 0.5086 -0.8542
vn 0.6516 -0.1113 0.7504
vn 0.6516 -0.1113 0.7503
vn 0.6516 -0.1113 -0.7504
vn 0.6516 -0.1113 -0.7503
vn 0.6515 -0.1113 -0.7504
vn 0.4020 0.3410 -0.8498
vn 0.4020 0.3411 -0.8497
vn 0.4022 0.3410 -0.8497
vn 0.6863 -0.0350 0.7264
vn 0.6864 -0.0350 0.7264
vn 0.5682 -0.2081 -0.7962
vn 0.5682 -0.2081 -0.7961
vn 0.5681 0.2081 -0.7962
vn 0.5681 0.2081 -0.7963
vn 0.5682 0.2081 -0.7962
vn 0.5681 0.2080 -0.7962
vn 0.6863 0.0350 0.7264
vn 0.6864 0.0350 0.7264
vn 0.4022 -0.3410 -0.8497
vn 0.4021 -0.3409 -0.8497
vn 0.4023 -0.3410 -0.8496
vn 0.6516 0.1113 -0.7503
vn 0.6516 0.1113 -0.7504
vn 0.6516 0.1113 0.7504
vn 0.6516 0.1113 0.7503
vn 0.6515 0.1113 0.7504
vn 0.1082 -0.5088 -0.8541
vn 0.1083 -0.5088 -0.8541
vn 0.1083 -0.5086 -0.8542
vn 0.1082 -0.5086 -0.8542
vn 0.6864 0.0350 -0.7264
vn 0.5682 0.2081 0.7962
vn 0.5682 0.2081 0.7961
vn -0.2755 -0.6487 -0.7094
vn -0.2756 -0.6488 -0.7092
vn -0.2754 -0.6486 -0.7096
vn 0.4020 0.3410 0.8498
vn -0.5730 -0.6967 -0.4317
vn -0.5730 -0.6966 -0.4317
vn -0.5730 -0.6966 -0.4318
vn 0.1082 0.5088 0.8541
vn 0.1082 0.5087 0.8541
vn 0.1083 0.5086 0.8542
vn -0.7055 -0.6946 -0.1406
vn -0.7055 -0.6947 -0.1401
vn -0.7055 -0.6947 -0.1405
vn -0.7055 -0.6947 -0.1403
vn -0.2755 0.6487 0.7094
vn -0.2757 0.6488 0.7093
vn -0.2754 0.6486 0.7095
vn -0.7056 -0.6947 0.1397
vn -0.7055 -0.6947 0.1402
vn -0.7055 -0.6947 0.1399
vn 0.1013 -0.1020 0.9896
vn -0.0000 -0.1563 0.9877
vn -0.0000 0.3393 -0.9407
vn -0.0000 -0.1025 0.9947
vn -0.0000 -0.0190 -0.9998
vn -0.0000 0.2287 -0.9735
vn -0.0000 -0.0584 0.9983
vn -0.0000 -0.0584 -0.9983
vn -0.0000 0.1563 -0.9877
vn -0.0000 -0.0190 0.9998
vn -0.0000 -0.1025 -0.9947
vn -0.0000 0.1025 -0.9947
vn -0.0000 0.0190 0.9998
vn -0.0000 -0.1563 -0.9877
vn -0.0000 0.0584 -0.9983
vn -0.0000 0.0584 0.9983
vn -0.0000 -0.2287 -0.9735
vn -0.0000 0.0190 -0.9998
vn -0.0000 0.1025 0.9947
vn -0.0000 -0.3393 -0.9407
vn -0.0000 0.1563 0.9877
vn -0.0000 -0.5364 -0.8439
vn -0.0000 0.2287 0.9735
vn -0.0000 -0.8905 -0.4549
vn -0.0000 0.3393 0.9407
vn -0.0000 -0.8905 0.4549
vn -0.0000 -0.8906 0.4549
vn -0.0000 0.5364 0.8439
vn -0.0000 -0.5364 0.8439
vn -0.0000 0.8905 0.4549
vn -0.0000 -0.3393 0.9407
vn -0.0000 0.8905 -0.4549
vn -0.0000 -0.2287 0.9735
vn 1.0000 -0.0000 -0.0002
vn 1.0000 -0.0000 -0.0000
vn 1.0000 -0.0000 -0.0001
vn 1.0000 -0.0000 0.0001
vn 1.0000 -0.0000 0.0002
vn 0.0903 -0.0189 -0.9957
vn 0.1372 0.2266 -0.9643
vn 0.0938 -0.0581 0.9939
vn 0.0938 -0.0581 -0.9939
vn 0.1146 0.1553 -0.9812
vn 0.0903 -0.0189 0.9957
vn 0.1013 -0.1020 -0.9896
vn 0.1013 0.1020 -0.9896
vn 0.0903 0.0189 0.9957
vn 0.1146 -0.1553 -0.9812
vn 0.0938 0.0581 -0.9939
vn 0.0938 0.0581 0.9939
vn 0.1372 -0.2266 -0.9643
vn 0.0903 0.0189 -0.9957
vn 0.1013 0.1020 0.9896
vn 0.1773 -0.3340 -0.9258
vn 0.1146 0.1553 0.9812
vn 0.2539 -0.5189 -0.8163
vn 0.1372 0.2266 0.9643
vn 0.3864 -0.8214 -0.4196
vn 0.3864 -0.8214 -0.4195
vn 0.1773 0.3340 0.9258
vn 0.3864 -0.8214 0.4195
vn 0.3864 -0.8214 0.4196
vn 0.2539 0.5189 0.8163
vn 0.2539 -0.5189 0.8163
vn 0.3864 0.8214 0.4196
vn 0.1773 -0.3340 0.9258
vn 0.3864 0.8214 -0.4196
vn 0.1372 -0.2266 0.9643
vn 0.2539 0.5189 -0.8163
vn 0.2539 0.5188 -0.8163
vn 0.1146 -0.1553 0.9812
vn 0.1773 0.3340 -0.9258
vn -0.0339 0.5721 -0.8195
vn -0.0339 0.4012 -0.9153
vn -0.0339 0.2149 -0.9760
vn -0.0339 0.0204 -0.9992
vn -0.0339 -0.1749 -0.9840
vn -0.0339 -0.3635 -0.9310
vn -0.0339 -0.5382 -0.8422
vn -0.0339 -0.5382 -0.8421
vn -0.0339 -0.6921 -0.7210
vn -0.0339 -0.8195 -0.5721
vn -0.0339 -0.9153 -0.4012
vn -0.0339 -0.9154 -0.4012
vn -0.0339 -0.9760 -0.2149
vn -0.0339 -0.9992 -0.0204
vn -0.0339 -0.9840 0.1749
vn -0.0339 -0.9310 0.3635
vn -0.0339 -0.8421 0.5382
vn -0.0339 -0.7210 0.6921
vn -0.0339 -0.5721 0.8195
vn -0.0339 -0.4012 0.9153
vn -0.0339 -0.4012 0.9154
vn -0.0339 -0.2149 0.9760
vn -0.0339 -0.0204 0.9992
vn -0.0339 0.1749 0.9840
vn -0.0339 0.3635 0.9310
vn -0.0339 0.5382 0.8422
vn -0.0339 0.5382 0.8421
vn -0.0339 0.6921 0.7210
vn -0.0339 0.8195 0.5721
vn -0.0339 0.9153 0.4012
vn -0.0339 0.9154 0.4012
vn -0.0339 0.9760 0.2149
vn -0.0339 0.9992 0.0204
vn -0.0339 0.9840 -0.1749
vn -0.0339 0.9310 -0.3635
vn -0.0339 0.9310 -0.3636
vn -0.2508 0.0198 -0.9678
vn -0.0339 0.8421 -0.5382
vn -0.0339 0.7210 -0.6921
vn -0.5730 0.2484 0.7810
vn -0.5729 0.2483 0.7811
vn -0.5730 0.2483 0.7810
vn -0.2508 -0.9531 0.1694
vn -0.2508 0.3521 0.9017
vn -0.2508 0.8157 -0.5213
vn -0.2508 -0.7937 -0.5541
vn -0.2508 -0.3886 0.8866
vn -0.2508 0.9454 0.2082
vn -0.2508 -0.1694 -0.9531
vn -0.2508 -0.9017 0.3521
vn -0.2508 0.5213 0.8157
vn -0.2508 0.5541 -0.7937
vn -0.2508 0.6983 -0.6704
vn -0.2508 -0.8866 -0.3886
vn -0.2508 -0.2082 0.9454
vn -0.2508 0.9678 0.0198
vn -0.2508 -0.3521 -0.9017
vn -0.2508 -0.8157 0.5213
vn -0.2508 0.6704 0.6983
vn -0.2508 0.3886 -0.8866
vn -0.2508 -0.9454 -0.2082
vn -0.2508 -0.0198 0.9678
vn -0.2508 0.9531 -0.1694
vn -0.2508 -0.5213 -0.8157
vn -0.2508 -0.6983 0.6704
vn -0.2508 0.7937 0.5541
vn -0.2508 0.2082 -0.9454
vn -0.2508 -0.9678 -0.0198
vn -0.2508 0.1694 0.9531
vn -0.2508 0.9017 -0.3521
vn -0.2508 -0.6704 -0.6983
vn -0.2508 -0.5541 0.7937
vn -0.2508 0.8866 0.3886
vn -0.0000 0.9562 -0.2926
vn -0.5729 -0.8102 -0.1237
vn -0.5730 -0.8101 -0.1238
vn -0.5730 -0.8102 -0.1237
vn -0.5728 -0.8103 -0.1235
vn -0.7054 0.4370 0.5581
vn -0.7054 0.4369 0.5582
vn -0.2755 -0.9541 0.1172
vn -0.2754 -0.9542 0.1172
vn -0.2753 -0.9542 0.1173
vn -0.7054 0.6188 0.3458
vn -0.7054 0.6187 0.3458
vn -0.7053 0.6188 0.3457
vn -0.7053 0.6188 0.3458
vn 0.1083 -0.9421 0.3173
vn 0.1084 -0.9421 0.3174
vn 0.1086 -0.9421 0.3174
vn 0.1088 -0.9420 0.3175
vn -0.5729 0.8102 0.1236
vn -0.5730 0.8101 0.1238
vn -0.5730 0.8102 0.1238
vn -0.5728 0.8103 0.1236
vn 0.4022 -0.8116 0.4237
vn 0.4021 -0.8117 0.4236
vn 0.4021 -0.8117 0.4237
vn -0.2755 0.9541 -0.1172
vn -0.2754 0.9542 -0.1172
vn -0.2753 0.9542 -0.1173
vn 0.5681 -0.6754 0.4703
vn 0.5682 -0.6753 0.4703
vn 0.5681 -0.6753 0.4703
vn 0.6864 0.4457 -0.5747
vn 0.6863 0.4457 -0.5747
vn 0.1084 0.9421 -0.3173
vn 0.1084 0.9421 -0.3174
vn 0.1086 0.9420 -0.3175
vn 0.1088 0.9420 -0.3175
vn 0.6516 -0.5720 0.4982
vn 0.6516 -0.5721 0.4982
vn 0.6516 0.4031 -0.6426
vn 0.6516 0.4031 -0.6425
vn 0.6516 0.4032 -0.6425
vn 0.4022 0.8116 -0.4237
vn 0.4021 0.8117 -0.4236
vn 0.4021 0.8117 -0.4237
vn 0.4023 0.8116 -0.4237
vn 0.6863 -0.4987 0.5294
vn 0.6863 -0.4986 0.5295
vn 0.5682 0.3595 -0.7402
vn 0.5682 0.3594 -0.7403
vn 0.5681 0.6754 -0.4703
vn 0.5682 0.6753 -0.4703
vn 0.5681 0.6753 -0.4703
vn 0.6863 -0.4457 0.5747
vn 0.4020 0.2933 -0.8674
vn 0.4020 0.2934 -0.8674
vn 0.6516 0.5720 -0.4982
vn 0.6516 0.5721 -0.4982
vn 0.6516 -0.4031 0.6426
vn 0.6516 -0.4031 0.6425
vn 0.6516 -0.4032 0.6425
vn 0.1084 0.1686 -0.9797
vn 0.1081 0.1686 -0.9797
vn 0.6863 0.4987 -0.5294
vn 0.6863 0.4986 -0.5295
vn 0.5682 -0.3595 0.7402
vn 0.5682 -0.3594 0.7403
vn -0.2756 -0.0319 -0.9607
vn -0.2755 -0.0319 -0.9608
vn -0.2756 -0.0319 -0.9608
vn 0.4019 -0.2932 0.8675
vn 0.4021 -0.2933 0.8674
vn 0.4020 -0.2934 0.8674
vn 0.4020 -0.2933 0.8674
vn -0.5730 -0.2484 -0.7810
vn -0.5729 -0.2483 -0.7811
vn -0.5730 -0.2483 -0.7810
vn 0.1082 -0.1685 0.9798
vn 0.1081 -0.1686 0.9797
vn 0.1084 -0.1686 0.9797
vn -0.7055 -0.4369 -0.5580
vn -0.2756 0.0319 0.9607
vn -0.2755 0.0319 0.9608
vn -0.2756 0.0319 0.9608
vn -0.7054 -0.6188 -0.3457
vn -0.7054 -0.6188 -0.3458
vn -0.7053 -0.6188 -0.3457
vn 0.1013 -0.7208 0.6857
vn -0.0000 -0.7608 0.6490
vn -0.0000 0.8693 -0.4942
vn -0.0000 -0.7245 0.6893
vn -0.0000 0.6355 -0.7721
vn -0.0000 0.8066 -0.5911
vn -0.0000 -0.6933 0.7206
vn -0.0000 0.6046 -0.7966
vn -0.0000 0.7608 -0.6490
vn -0.0000 -0.6644 0.7474
vn -0.0000 -0.6643 0.7474
vn -0.0000 0.5687 -0.8225
vn -0.0000 0.7245 -0.6893
vn -0.0000 -0.6355 0.7721
vn -0.0000 0.5233 -0.8522
vn -0.0000 0.6933 -0.7207
vn -0.0000 0.6933 -0.7206
vn -0.0000 -0.6046 0.7966
vn -0.0000 0.4590 -0.8884
vn -0.0000 0.6644 -0.7474
vn -0.0000 0.6643 -0.7474
vn -0.0000 -0.5687 0.8225
vn -0.0000 0.3536 -0.9354
vn -0.0000 -0.5233 0.8522
vn -0.0000 0.1409 -0.9900
vn -0.0000 -0.4590 0.8884
vn -0.0000 -0.3810 -0.9246
vn -0.0000 -0.3536 0.9354
vn -0.0000 -0.9724 -0.2332
vn -0.0000 -0.1409 0.9900
vn -0.0000 -0.9562 0.2926
vn -0.0000 0.3810 0.9246
vn -0.0000 -0.8693 0.4942
vn -0.0000 0.9724 0.2332
vn -0.0000 -0.8066 0.5911
vn 0.0903 0.6329 -0.7689
vn 0.1372 0.7990 -0.5855
vn 0.0938 -0.6903 0.7175
vn 0.0938 -0.6902 0.7175
vn 0.0938 0.6019 -0.7931
vn 0.1146 0.7558 -0.6447
vn 0.0903 -0.6616 0.7444
vn 0.1013 0.5658 -0.8183
vn 0.1013 0.7208 -0.6857
vn 0.0903 -0.6329 0.7689
vn 0.1146 0.5198 -0.8465
vn 0.0938 0.6903 -0.7175
vn 0.0938 0.6902 -0.7175
vn 0.0938 -0.6019 0.7931
vn 0.1372 0.4547 -0.8800
vn 0.0903 0.6616 -0.7444
vn 0.1013 -0.5658 0.8183
vn 0.1773 0.3480 -0.9206
vn 0.1146 -0.5198 0.8466
vn 0.1146 -0.5198 0.8465
vn 0.2539 0.1363 -0.9576
vn 0.1372 -0.4547 0.8800
vn 0.3864 -0.3514 -0.8527
vn 0.1773 -0.3480 0.9206
vn 0.3864 -0.8969 -0.2151
vn 0.2539 -0.1363 0.9576
vn 0.2538 -0.1363 0.9576
vn 0.2539 -0.9249 0.2830
vn 0.3864 0.3514 0.8527
vn 0.3865 0.3514 0.8527
vn 0.1773 -0.8556 0.4864
vn 0.1773 -0.8555 0.4864
vn 0.3864 0.8969 0.2151
vn 0.3865 0.8969 0.2151
vn 0.1372 -0.7990 0.5855
vn 0.2539 0.9249 -0.2830
vn 0.1146 -0.7558 0.6447
vn 0.1773 0.8556 -0.4864
vn -0.0339 0.9946 -0.0979
vn -0.5731 -0.6967 -0.4315
vn -0.5729 -0.6965 -0.4320
vn -0.2508 -0.2810 -0.9264
vn -0.5729 0.6963 -0.4324
vn -0.7055 -0.6947 -0.1404
vn -0.2752 0.6487 -0.7096
vn -0.2751 0.6486 -0.7096
vn -0.7056 -0.6947 0.1396
vn -0.7055 -0.6947 0.1401
vn 0.1082 0.5087 -0.8541
vn 0.1084 0.5086 -0.8541
vn -0.5729 -0.6963 0.4324
vn -0.5729 -0.6963 0.4323
vn 0.4021 0.3410 -0.8497
vn -0.2753 -0.6487 0.7095
vn -0.2752 -0.6487 0.7096
vn 0.5681 0.2080 -0.7963
vn 0.5682 0.2080 -0.7962
vn 0.1082 -0.5087 0.8541
vn 0.1082 -0.5086 0.8541
vn 0.1084 -0.5087 0.8541
vn 0.1084 -0.5086 0.8541
vn 0.6517 0.1113 0.7503
vn 0.4022 -0.3410 0.8497
vn 0.5681 0.2081 0.7962
vn 0.5681 -0.2081 0.7963
vn 0.4022 0.3410 0.8497
vn 0.4021 0.3410 0.8497
vn 0.1082 0.5088 0.8540
vn 0.1083 0.5086 0.8541
vn 0.5681 -0.2081 -0.7962
vn -0.2756 0.6488 0.7093
vn -0.2757 0.6488 0.7092
vn 0.4021 -0.3410 -0.8497
vn -0.5731 0.6967 0.4315
vn -0.5729 0.6965 0.4320
vn -0.5730 0.6966 0.4318
vn 0.1082 -0.5088 -0.8540
vn 0.1082 -0.5087 -0.8541
vn 0.1083 -0.5086 -0.8541
vn -0.7055 0.6947 0.1403
vn -0.2756 -0.6488 -0.7093
vn -0.2757 -0.6489 -0.7092
vn -0.2754 -0.6486 -0.7095
vn -0.7056 0.6947 -0.1396
vn -0.7055 0.6947 -0.1401
vn -0.0000 0.8906 0.4549
vn -0.0000 0.8906 -0.4549
vn 0.3864 0.8214 0.4195
vn 0.3864 0.8214 -0.4195
vn -0.0339 -0.5571 -0.8297
vn -0.0339 -0.7083 -0.7051
vn -0.0339 -0.8322 -0.5534
vn -0.0339 -0.9242 -0.3804
vn -0.0339 -0.9807 -0.1928
vn -0.0339 -0.9994 0.0023
vn -0.0339 -0.9798 0.1972
vn -0.0339 -0.9225 0.3845
vn -0.0339 -0.9225 0.3846
vn -0.0339 -0.8297 0.5571
vn -0.0339 -0.7051 0.7083
vn -0.0339 -0.5534 0.8322
vn -0.0339 -0.3804 0.9242
vn -0.0339 -0.1928 0.9807
vn -0.0339 0.0022 0.9994
vn -0.0339 0.1972 0.9798
vn -0.0339 0.3845 0.9225
vn -0.0339 0.5571 0.8297
vn -0.0339 0.7083 0.7051
vn -0.0339 0.8322 0.5534
vn -0.0339 0.9242 0.3804
vn -0.0339 0.9807 0.1928
vn -0.0339 0.9994 -0.0023
vn -0.0339 0.9798 -0.1972
vn -0.0339 0.9225 -0.3845
vn -0.0339 0.8297 -0.5571
vn -0.0339 0.7051 -0.7083
vn -0.0339 0.5534 -0.8322
vn -0.0339 0.3804 -0.9242
vn -0.0339 0.1928 -0.9807
vn -0.0339 -0.0022 -0.9994
vn -0.2508 -0.8952 -0.3684
vn -0.0339 -0.1972 -0.9798
vn -0.0339 -0.3845 -0.9225
vn -0.5729 0.8181 0.0508
vn -0.5729 0.8180 0.0507
vn -0.2508 -0.1867 0.9499
vn -0.2508 0.9680 -0.0022
vn -0.2508 -0.1910 -0.9490
vn -0.2508 -0.8037 0.5396
vn -0.2508 0.6860 0.6830
vn -0.2508 0.5360 -0.8061
vn -0.2508 -0.9499 -0.1867
vn -0.2508 0.0022 0.9680
vn -0.2508 0.9490 -0.1910
vn -0.2508 -0.5396 -0.8037
vn -0.2508 -0.3725 -0.8935
vn -0.2508 -0.6830 0.6860
vn -0.2508 0.8061 0.5360
vn -0.2508 0.3684 -0.8952
vn -0.2508 -0.9680 0.0022
vn -0.2508 0.1910 0.9490
vn -0.2508 0.8935 -0.3725
vn -0.2508 -0.6860 -0.6830
vn -0.2508 -0.5360 0.8061
vn -0.2508 0.8952 0.3684
vn -0.2508 0.1867 -0.9499
vn -0.2508 -0.9490 0.1910
vn -0.2508 0.3725 0.8935
vn -0.2508 0.8037 -0.5396
vn -0.2508 -0.8061 -0.5360
vn -0.2508 -0.3684 0.8952
vn -0.2508 0.9499 0.1867
vn -0.2508 -0.0022 -0.9680
vn -0.2508 -0.8935 0.3725
vn -0.2508 0.5396 0.8037
vn -0.2508 0.6830 -0.6860
vn -0.0000 0.0730 -0.9973
vn -0.5728 -0.4088 0.7104
vn -0.5743 -0.4082 0.7096
vn -0.5726 -0.4087 0.7107
vn -0.7056 0.6783 -0.2051
vn -0.7056 0.6782 -0.2055
vn -0.7056 0.6782 -0.2053
vn -0.2756 -0.2358 0.9319
vn -0.2756 -0.2357 0.9319
vn -0.2754 -0.2356 0.9320
vn -0.7054 0.5458 -0.4521
vn -0.7054 0.5458 -0.4522
vn -0.7055 0.5459 -0.4521
vn -0.7055 0.5458 -0.4521
vn 0.1083 -0.0439 0.9931
vn 0.1084 -0.0438 0.9931
vn 0.1083 -0.0438 0.9931
vn -0.5728 0.4088 -0.7104
vn -0.5743 0.4082 -0.7096
vn -0.5727 0.4087 -0.7107
vn 0.4021 0.1020 0.9099
vn 0.4020 0.1020 0.9099
vn 0.4021 0.1019 0.9099
vn -0.2756 0.2358 -0.9319
vn -0.2754 0.2356 -0.9320
vn 0.5680 0.1936 0.7999
vn 0.6864 -0.3748 -0.6232
vn 0.6864 -0.3747 -0.6232
vn 0.1083 0.0439 -0.9931
vn 0.1084 0.0438 -0.9931
vn 0.1083 0.0438 -0.9931
vn 0.6516 0.2571 0.7137
vn 0.6515 0.2571 0.7138
vn 0.6516 0.2572 0.7137
vn 0.6516 0.2572 0.7136
vn 0.6516 -0.4533 -0.6082
vn 0.6516 -0.4534 -0.6081
vn 0.6517 -0.4533 -0.6082
vn 0.4021 -0.1020 -0.9099
vn 0.4020 -0.1020 -0.9099
vn 0.4021 -0.1019 -0.9099
vn 0.6863 0.3131 0.6564
vn 0.5679 -0.5602 -0.6030
vn 0.5680 -0.5603 -0.6029
vn 0.5680 -0.5602 -0.6030
vn 0.5683 -0.1937 -0.7997
vn 0.5682 -0.1936 -0.7998
vn 0.5682 -0.1937 -0.7998
vn 0.6865 0.3747 0.6231
vn 0.4020 -0.7027 -0.5871
vn 0.4021 -0.7026 -0.5871
vn 0.4020 -0.7026 -0.5872
vn 0.4020 -0.7025 -0.5873
vn 0.6516 -0.2571 -0.7137
vn 0.6515 -0.2571 -0.7138
vn 0.6516 -0.2572 -0.7137
vn 0.6516 0.4534 0.6081
vn 0.6517 0.4533 0.6082
vn 0.1081 -0.8523 -0.5117
vn 0.1080 -0.8524 -0.5116
vn 0.1082 -0.8522 -0.5118
vn 0.1083 -0.8522 -0.5119
vn 0.6863 -0.3131 -0.6564
vn 0.5679 0.5602 0.6030
vn 0.5680 0.5603 0.6029
vn 0.5680 0.5602 0.6030
vn -0.2756 -0.9070 -0.3183
vn -0.2755 -0.9070 -0.3184
vn -0.2755 -0.9070 -0.3185
vn 0.4020 0.7027 0.5871
vn 0.4021 0.7026 0.5871
vn 0.4020 0.7026 0.5872
vn 0.4021 0.7025 0.5872
vn -0.5729 -0.8181 -0.0508
vn -0.5729 -0.8180 -0.0507
vn 0.1081 0.8523 0.5118
vn 0.1080 0.8524 0.5116
vn 0.1082 0.8522 0.5118
vn 0.1082 0.8522 0.5119
vn -0.7056 -0.6781 0.2056
vn -0.7056 -0.6782 0.2055
vn -0.7056 -0.6783 0.2051
vn -0.7056 -0.6782 0.2052
vn -0.2756 0.9071 0.3183
vn -0.2755 0.9070 0.3184
vn -0.7054 -0.5458 0.4521
vn -0.7054 -0.5458 0.4522
vn -0.7055 -0.5459 0.4520
vn 0.1013 0.3786 0.9200
vn -0.0000 0.3299 0.9440
vn -0.0000 -0.1464 -0.9892
vn -0.0000 0.3806 0.9247
vn -0.0000 0.3806 0.9248
vn -0.0000 -0.4900 -0.8717
vn -0.0000 -0.2594 -0.9658
vn -0.0000 0.4211 0.9070
vn -0.0000 -0.5240 -0.8517
vn -0.0000 -0.3299 -0.9440
vn -0.0000 0.4566 0.8897
vn -0.0000 -0.5612 -0.8277
vn -0.0000 -0.3806 -0.9247
vn -0.0000 -0.3806 -0.9248
vn -0.0000 0.4900 0.8717
vn -0.0000 -0.6052 -0.7960
vn -0.0000 -0.4211 -0.9070
vn -0.0000 0.5240 0.8517
vn -0.0000 -0.6623 -0.7492
vn -0.0000 -0.4566 -0.8897
vn -0.0000 0.5612 0.8277
vn -0.0000 -0.7442 -0.6680
vn -0.0000 0.6052 0.7960
vn -0.0000 -0.8720 -0.4894
vn -0.0000 -0.8720 -0.4895
vn -0.0000 0.6623 0.7492
vn -0.0000 -0.9998 0.0209
vn -0.0000 0.7442 0.6680
vn -0.0000 -0.5691 0.8222
vn -0.0000 -0.5691 0.8223
vn -0.0000 0.8720 0.4895
vn -0.0000 0.8720 0.4894
vn -0.0000 -0.0730 0.9973
vn -0.0000 0.9998 -0.0209
vn -0.0000 0.1464 0.9892
vn -0.0000 0.5691 -0.8223
vn -0.0000 0.5691 -0.8222
vn -0.0000 0.2594 0.9658
vn 0.0903 -0.4880 -0.8681
vn 0.1372 -0.2569 -0.9566
vn 0.0938 0.4193 0.9030
vn 0.0938 -0.5217 -0.8480
vn 0.1146 -0.3277 -0.9378
vn 0.0903 0.4547 0.8861
vn 0.1013 -0.5583 -0.8234
vn 0.1013 -0.3786 -0.9200
vn 0.0903 0.4880 0.8681
vn 0.0903 0.4880 0.8682
vn 0.1146 -0.6013 -0.7908
vn 0.1146 -0.6012 -0.7908
vn 0.0938 -0.4193 -0.9030
vn 0.0938 0.5217 0.8480
vn 0.1372 -0.6560 -0.7422
vn 0.1372 -0.6560 -0.7421
vn 0.0903 -0.4547 -0.8861
vn 0.1013 0.5583 0.8234
vn 0.1773 -0.7324 -0.6574
vn 0.1146 0.6012 0.7908
vn 0.1146 0.6013 0.7908
vn 0.2539 -0.8435 -0.4734
vn 0.1372 0.6560 0.7421
vn 0.3865 -0.9221 0.0192
vn 0.3864 -0.9221 0.0192
vn 0.1773 0.7324 0.6574
vn 0.3865 -0.5249 0.7584
vn 0.3864 -0.5249 0.7584
vn 0.2539 0.8435 0.4734
vn 0.2539 -0.0706 0.9647
vn 0.3864 0.9221 -0.0193
vn 0.1773 0.1441 0.9736
vn 0.3865 0.5249 -0.7584
vn 0.3864 0.5249 -0.7584
vn 0.1372 0.2569 0.9566
vn 0.2539 0.0706 -0.9647
vn 0.1146 0.3277 0.9378
vn 0.1773 -0.1441 -0.9736
vn -0.0000 0.0859 -0.9963
vn -0.0000 0.0236 -0.9997
vn 0.0004 0.0222 -0.9998
vn -0.0007 0.0746 -0.9972
vn 0.9860 -0.1668 -0.0000
vn 0.9973 -0.0733 -0.0000
vn 0.9952 -0.0984 -0.0000
vn -0.0007 0.0603 -0.9982
vn -0.0005 0.0412 -0.9991
vn -0.0000 -0.0000 -1.0000
vn -0.0000 0.0527 0.9986
vn -0.0000 0.0580 0.9983
vn -0.0000 0.0430 0.9991
vn 0.1729 0.9849 -0.0124
vn 0.0017 0.0261 -0.9997
vn 0.7249 0.6889 -0.0045
vn 0.7251 0.6886 -0.0049
vn 0.7251 0.6887 -0.0049
vn 0.7246 0.6891 -0.0041
vn 0.7958 0.6055 -0.0000
vn 0.9819 -0.1894 -0.0000
vn -0.0031 0.0270 -0.9996
vn -0.0015 0.0135 -0.9999
vn -0.0027 0.0240 -0.9997
vn -0.0029 0.0258 -0.9997
vn 0.3393 -0.9407 -0.0000
vn 0.9866 -0.1631 -0.0000
vn 0.9971 -0.0761 -0.0000
vn 0.9870 0.1609 -0.0000
vn 0.9485 0.3168 -0.0000
vn 0.9066 0.4221 -0.0000
vn 0.0002 -0.0673 -0.9977
vn -0.0013 -0.0571 -0.9984
vn 0.0021 -0.0539 -0.9985
vn -0.0001 -0.0019 1.0000
vn -0.0002 -0.0031 1.0000
vn -0.0002 -0.0032 1.0000
vn 0.0001 -0.0012 1.0000
vn 0.0001 -0.0029 1.0000
vn -0.0001 -0.0006 1.0000
vn 0.0015 -0.0546 -0.9985
vn 0.0021 -0.0761 -0.9971
vn 0.3332 0.9429 -0.0000
vn 0.0111 -0.1049 -0.9944
vn 0.0092 -0.0864 -0.9962
vn 0.9605 -0.2784 -0.0000
vn 0.0012 -0.0173 0.9998
vn 0.0011 -0.0169 0.9999
vn -0.0003 -0.0038 1.0000
vn 0.0003 -0.0059 1.0000
vn 0.8121 0.5836 -0.0000
vn 0.9252 0.3794 -0.0000
vn 0.9537 0.3007 -0.0000
vn 0.9895 0.1446 -0.0000
vn 0.0067 -0.0666 0.9978
vn 0.0084 -0.0810 0.9967
vn 0.0083 -0.0802 -0.9967
vn 0.0108 -0.1029 -0.9946
vn 0.0053 -0.0607 -0.9981
vn 0.0082 -0.1020 -0.9947
vn 0.0113 -0.1116 0.9937
vn 0.0117 -0.1138 0.9934
vn 1.0000 -0.0096 -0.0000
vn 0.9973 -0.0730 -0.0000
vn 0.8602 -0.5100 -0.0000
vn 0.8732 -0.4874 -0.0000
vn 0.7517 -0.6595 -0.0000
vn 0.7408 -0.6717 -0.0000
vn 0.0155 -0.1898 0.9817
vn 0.0129 -0.1483 0.9889
vn 0.0286 -0.4645 0.8851
vn 0.0281 -0.4189 0.9076
vn 0.0286 -0.4129 -0.9103
vn 0.0290 -0.4590 -0.8880
vn 0.0345 -0.9994 -0.0000
vn 0.3189 -0.9478 -0.0000
vn 0.3264 -0.9452 -0.0000
vn 0.0294 -0.5872 0.8089
vn 0.0297 -0.5871 -0.8089
vn 0.0297 -0.5874 -0.8088
vn 0.0007 0.0746 -0.9972
vn -0.0003 0.0222 -0.9998
vn -0.9860 -0.1668 -0.0000
vn -0.9952 -0.0984 -0.0000
vn -0.9973 -0.0733 -0.0000
vn 0.0007 0.0603 -0.9982
vn 0.0005 0.0412 -0.9991
vn -0.1729 0.9849 -0.0124
vn -0.0017 0.0261 -0.9997
vn -0.7249 0.6889 -0.0045
vn -0.7246 0.6891 -0.0041
vn -0.7251 0.6887 -0.0048
vn -0.7251 0.6886 -0.0049
vn -0.7958 0.6055 -0.0000
vn -0.9819 -0.1894 -0.0000
vn 0.0031 0.0270 -0.9996
vn 0.0029 0.0258 -0.9997
vn 0.0027 0.0240 -0.9997
vn 0.0015 0.0135 -0.9999
vn -0.3393 -0.9407 -0.0000
vn -0.9866 -0.1631 -0.0000
vn -0.9870 0.1609 -0.0000
vn -0.9971 -0.0761 -0.0000
vn -0.9066 0.4221 -0.0000
vn -0.9485 0.3168 -0.0000
vn -0.0002 -0.0673 -0.9977
vn -0.0021 -0.0539 -0.9985
vn 0.0013 -0.0571 -0.9984
vn 0.0002 -0.0032 1.0000
vn 0.0001 -0.0006 1.0000
vn -0.0001 -0.0029 1.0000
vn -0.0001 -0.0012 1.0000
vn 0.0002 -0.0031 1.0000
vn 0.0001 -0.0019 1.0000
vn -0.0015 -0.0546 -0.9985
vn -0.0021 -0.0761 -0.9971
vn -0.3332 0.9429 -0.0000
vn -0.0092 -0.0864 -0.9962
vn -0.0111 -0.1049 -0.9944
vn -0.9605 -0.2784 -0.0000
vn -0.0003 -0.0059 1.0000
vn -0.0011 -0.0169 0.9999
vn -0.0012 -0.0173 0.9998
vn 0.0003 -0.0038 1.0000
vn -0.8121 0.5836 -0.0000
vn -0.9252 0.3794 -0.0000
vn -0.9895 0.1446 -0.0000
vn -0.9537 0.3007 -0.0000
vn -0.0084 -0.0810 0.9967
vn -0.0067 -0.0666 0.9978
vn -0.0083 -0.0802 -0.9967
vn -0.0082 -0.1020 -0.9947
vn -0.0053 -0.0607 -0.9981
vn -0.0108 -0.1029 -0.9946
vn -0.0117 -0.1138 0.9934
vn -0.0113 -0.1116 0.9937
vn -0.9973 -0.0730 -0.0000
vn -1.0000 -0.0096 -0.0000
vn -0.8602 -0.5100 -0.0000
vn -0.7408 -0.6717 -0.0000
vn -0.7517 -0.6595 -0.0000
vn -0.8732 -0.4874 -0.0000
vn -0.0129 -0.1483 0.9889
vn -0.0155 -0.1898 0.9817
vn -0.0281 -0.4189 0.9076
vn -0.0286 -0.4645 0.8851
vn -0.0290 -0.4590 -0.8880
vn -0.0286 -0.4129 -0.9103
vn -0.0345 -0.9994 -0.0000
vn -0.3264 -0.9452 -0.0000
vn -0.3189 -0.9478 -0.0000
vn -0.0295 -0.5872 0.8089
vn -0.0294 -0.5872 0.8089
vn -0.0297 -0.5874 -0.8088
vn -0.0297 -0.5871 -0.8089
vn 0.9909 0.1346 -0.0004
vn 0.9827 0.1853 -0.0000
vn 0.9988 0.0480 -0.0000
vn 0.9909 0.1346 -0.0002
vn -0.9995 -0.0316 0.0004
vn -0.9965 -0.0838 -0.0000
vn -0.9970 -0.0771 -0.0000
vn -0.9995 -0.0316 0.0001
vn -0.8187 -0.5743 -0.0000
vn -0.8184 -0.5746 0.0058
vn -0.9430 -0.3327 -0.0000
vn 0.9919 0.1274 -0.0020
vn 0.9687 0.2481 -0.0000
vn 0.9118 0.4107 -0.0000
vn 0.7888 -0.6146 0.0001
vn 0.7870 -0.6167 0.0170
vn 0.7882 -0.6154 0.0058
vn 0.7889 -0.6146 -0.0000
vn 0.1036 -0.9946 -0.0000
vn 0.1036 -0.9945 0.0156
vn -0.1407 0.9901 -0.0000
vn -0.1404 0.9900 -0.0154
vn -0.1404 0.9899 -0.0174
vn 0.8581 0.5135 -0.0000
vn 0.8596 0.5108 -0.0113
vn -0.9644 0.2645 -0.0000
vn -0.9643 0.2648 -0.0007
vn -0.9922 0.1248 -0.0057
vn -0.9806 0.1960 -0.0000
vn -0.0337 0.9994 -0.0000
vn -0.0339 0.9993 -0.0137
vn -0.0340 0.9993 -0.0156
vn -0.9985 0.0542 -0.0000
vn -0.3767 -0.9263 -0.0000
vn -0.3783 -0.9255 0.0168
vn -0.3779 -0.9258 0.0104
vn -0.3767 -0.9264 -0.0000
vn 0.8979 0.4402 -0.0000
vn 0.8980 0.4400 -0.0069
vn -0.9201 -0.3916 0.0055
vn -0.9200 -0.3918 -0.0000
vn -0.7856 0.6187 -0.0000
vn -0.7680 0.6404 -0.0068
vn -0.6025 0.7981 -0.0125
vn -0.6017 0.7987 -0.0000
vn 0.2658 0.9640 -0.0000
vn 0.2665 0.9637 -0.0151
vn 0.2671 0.9635 -0.0167
vn 0.7050 -0.7093 -0.0000
vn 0.7057 -0.7085 0.0081
vn 0.7063 -0.7078 0.0148
vn 0.9999 0.0116 -0.0000
vn 0.9999 0.0116 0.0013
vn 0.9952 -0.0977 0.0040
vn 0.9693 -0.2459 -0.0000
vn 0.6008 0.7994 -0.0000
vn 0.6028 0.7979 -0.0048
vn 0.6117 0.7908 -0.0220
vn -0.8547 0.5191 -0.0000
vn -0.8605 0.5092 -0.0166
vn -0.9619 -0.2733 -0.0000
vn -0.9931 -0.1173 0.0026
vn -0.9999 -0.0116 -0.0013
vn -0.9999 -0.0116 -0.0000
vn 0.0116 -0.9999 -0.0000
vn 0.0116 -0.9998 0.0176
vn 0.0116 -0.9998 0.0156
vn 0.8837 -0.4680 0.0014
vn 0.8841 -0.4672 -0.0000
vn -0.8744 -0.4852 -0.0000
vn -0.9988 0.0480 -0.0000
vn -0.9827 0.1853 -0.0000
vn -0.9909 0.1346 -0.0004
vn -0.9909 0.1346 -0.0002
vn 0.9970 -0.0771 -0.0000
vn 0.9921 -0.1255 0.0008
vn 0.9965 -0.0838 -0.0000
vn 0.9995 -0.0316 0.0004
vn 0.9995 -0.0316 -0.0000
vn 0.9430 -0.3327 -0.0000
vn 0.9781 -0.2082 0.0030
vn 0.8185 -0.5745 0.0048
vn 0.8187 -0.5743 -0.0000
vn -0.9919 0.1274 -0.0020
vn -0.9687 0.2481 -0.0000
vn -0.9118 0.4107 -0.0000
vn -0.9117 0.4109 -0.0028
vn -0.7889 -0.6146 -0.0000
vn -0.7883 -0.6153 0.0049
vn -0.7871 -0.6166 0.0165
vn -0.7888 -0.6146 -0.0000
vn -0.1036 -0.9946 -0.0000
vn 0.1407 0.9901 -0.0000
vn 0.1404 0.9900 -0.0154
vn 0.1407 0.9900 -0.0000
vn -0.8596 0.5108 -0.0113
vn -0.8585 0.5127 -0.0037
vn -0.8581 0.5135 -0.0000
vn 0.9644 0.2645 -0.0000
vn 0.9806 0.1960 -0.0000
vn 0.9922 0.1248 -0.0057
vn 0.9643 0.2648 -0.0007
vn 0.0337 0.9994 -0.0000
vn 0.0339 0.9993 -0.0137
vn 0.0340 0.9993 -0.0156
vn 0.9985 0.0542 -0.0000
vn 0.3767 -0.9263 -0.0000
vn 0.3783 -0.9256 0.0139
vn 0.3782 -0.9256 0.0159
vn -0.8980 0.4400 -0.0078
vn -0.8979 0.4402 -0.0000
vn 0.9200 -0.3918 -0.0000
vn 0.9201 -0.3915 0.0063
vn 0.6017 0.7987 -0.0000
vn 0.6026 0.7980 -0.0140
vn 0.7856 0.6187 -0.0000
vn -0.2658 0.9640 -0.0000
vn -0.2673 0.9634 -0.0186
vn -0.2665 0.9637 -0.0151
vn -0.7049 -0.7093 -0.0000
vn -0.7063 -0.7078 0.0148
vn -0.7058 -0.7084 0.0094
vn -0.9999 0.0116 -0.0000
vn -0.9693 -0.2459 -0.0000
vn -0.9999 0.0116 0.0013
vn -0.6008 0.7994 -0.0000
vn -0.6117 0.7908 -0.0220
vn -0.6028 0.7979 -0.0048
vn -0.6020 0.7985 -0.0028
vn 0.8605 0.5092 -0.0167
vn 0.8547 0.5191 -0.0000
vn 0.9999 -0.0116 -0.0012
vn 0.9931 -0.1173 0.0027
vn 0.9619 -0.2733 -0.0000
vn 0.9999 -0.0116 -0.0000
vn -0.0116 -0.9999 -0.0000
vn -0.0116 -0.9998 0.0176
vn -0.0116 -0.9998 0.0156
vn -0.8837 -0.4680 0.0014
vn -0.8841 -0.4672 -0.0000
vn 0.8742 -0.4856 0.0011
vn 0.8744 -0.4852 -0.0000
vn 0.8743 -0.4853 -0.0033
vn -0.0000 -0.0443 -0.9990
vn -0.0000 -0.0779 -0.9970
vn -0.0000 -0.0222 -0.9998
vn -0.0000 0.1138 0.9935
vn -0.0000 0.0606 0.9982
vn -0.0000 1.0000 -0.0000
vn -0.0000 0.4654 -0.8851
vn -0.0000 0.9032 -0.4292
vn -0.0000 -1.0000 -0.0000
vn -0.0000 -0.9990 0.0443
vn -0.0000 0.0222 0.9998
vn -0.0000 -0.4351 -0.9004
vn -0.0000 -0.0251 -0.9997
vn -0.0000 0.7215 0.6924
vn -0.0000 0.1119 0.9937
vn -0.0000 -0.8406 -0.5416
vn -0.0000 0.2385 0.9711
vn -0.0000 0.1363 -0.9907
vn -0.0000 0.3126 0.9499
vn -0.0000 -0.5278 -0.8494
vn -0.0000 -0.0543 0.9985
vn -0.0000 -0.2969 0.9549
vn -0.0000 0.9467 -0.3221
vn -0.0000 0.4305 -0.9026
vn -0.0000 -0.9912 0.1327
vn -0.0000 0.7730 0.6344
vn -0.0000 0.9840 -0.1780
vn -0.0000 -0.9943 0.1062
vn -0.9804 0.0470 0.1913
vn -0.0000 0.9916 0.1294
vn -0.9795 0.0629 0.1911
vn -0.9625 0.1957 0.1878
vn 0.9964 0.0202 0.0823
vn 0.9962 0.0271 0.0823
vn 0.9930 0.0854 0.0820
vn -0.0000 -0.0980 -0.9952
vn -0.0000 -0.2903 -0.9569
vn -0.0000 -0.4714 -0.8819
vn -0.0000 -0.6344 -0.7730
vn -0.0000 -0.7730 -0.6344
vn -0.0000 -0.8819 -0.4714
vn -0.0000 -0.9569 -0.2903
vn -0.0000 -0.9952 -0.0980
vn -0.0000 -0.9952 0.0980
vn -0.0000 -0.9569 0.2903
vn -0.0000 -0.8819 0.4714
vn -0.0000 -0.7730 0.6344
vn -0.0000 -0.6344 0.7730
vn -0.0000 -0.4714 0.8819
vn -0.0000 -0.2903 0.9569
vn -0.0000 -0.0980 0.9952
vn -0.0000 0.0980 0.9952
vn -0.0000 0.2903 0.9569
vn -0.0000 0.4714 0.8819
vn -0.0000 0.6344 0.7730
vn -0.0000 0.8819 0.4714
vn -0.0000 0.9569 0.2903
vn -0.0000 0.9952 0.0980
vn -0.0000 0.9952 -0.0980
vn -0.0000 0.9569 -0.2903
vn -0.0000 0.8819 -0.4714
vn -0.0000 0.7730 -0.6344
vn -0.0000 0.6344 -0.7730
vn -0.0000 0.4714 -0.8819
vn -0.0000 0.2903 -0.9569
vn -0.0000 0.0980 -0.9952
vn 0.4212 -0.0000 0.9069
vn 0.4212 -0.0000 0.9070
vn 0.1487 -0.0000 0.9889
vn 0.1222 -0.9887 0.0863
vn 0.1223 0.9887 0.0863
vn 0.0878 -0.9905 -0.1057
vn 0.0878 0.9905 -0.1057
vn -0.0000 0.9944 -0.1061
vn 0.6389 -0.0000 -0.7693
vn 0.0883 -0.9961 -0.0000
vn 0.0883 0.9961 -0.0000
vn 0.8169 -0.0000 0.5768
vn 0.0458 -0.9941 0.0986
vn 0.0459 -0.9940 0.0988
vn -0.0000 -0.9944 -0.1061
vn 0.0149 0.9950 0.0991
vn 0.0149 0.9950 0.0989
vn 0.0149 -0.9950 0.0989
vn 0.0149 -0.9950 0.0991
vn 0.0459 0.9940 0.0988
vn 0.0458 0.9941 0.0986
vn -0.4212 -0.0000 0.9070
vn -0.4212 -0.0000 0.9069
vn -0.1487 -0.0000 0.9889
vn -0.1222 -0.9887 0.0863
vn -0.1223 0.9887 0.0863
vn -0.0878 -0.9905 -0.1057
vn -0.0878 0.9905 -0.1057
vn -0.6389 -0.0000 -0.7693
vn -0.0883 -0.9961 -0.0000
vn -0.0883 0.9961 -0.0000
vn -0.8169 -0.0000 0.5768
vn -0.0459 -0.9940 0.0988
vn -0.0458 -0.9941 0.0986
vn -0.0149 0.9950 0.0989
vn -0.0149 0.9950 0.0991
vn -0.0149 -0.9950 0.0991
vn -0.0149 -0.9950 0.0989
vn -0.0458 0.9941 0.0986
vn -0.0459 0.9940 0.0988
vn 0.0970 0.9952 -0.0139
vn 0.2873 0.9569 -0.0413
vn 0.2874 0.9569 -0.0413
vn 0.4666 0.8819 -0.0670
vn 0.6279 0.7730 -0.0902
vn 0.6280 0.7730 -0.0901
vn 0.7652 0.6344 -0.1099
vn 0.7652 0.6344 -0.1098
vn 0.8730 0.4714 -0.1253
vn 0.8729 0.4714 -0.1253
vn 0.9472 0.2903 -0.1360
vn 0.9851 0.0980 -0.1414
vn 0.9851 -0.0980 -0.1414
vn 0.9472 -0.2903 -0.1360
vn 0.8730 -0.4714 -0.1253
vn 0.7652 -0.6344 -0.1098
vn 0.7651 -0.6344 -0.1099
vn 0.6280 -0.7730 -0.0901
vn 0.4666 -0.8819 -0.0670
vn 0.2873 -0.9570 -0.0413
vn 0.2874 -0.9569 -0.0413
vn 0.0970 -0.9952 -0.0139
vn -0.0970 -0.9952 0.0139
vn -0.0971 -0.9952 0.0139
vn -0.2873 -0.9570 0.0412
vn -0.2874 -0.9569 0.0412
vn -0.4666 -0.8819 0.0670
vn -0.6279 -0.7730 0.0902
vn -0.6280 -0.7730 0.0901
vn -0.7652 -0.6344 0.1098
vn -0.7651 -0.6344 0.1099
vn -0.8730 -0.4714 0.1253
vn -0.9472 -0.2903 0.1360
vn -0.9851 -0.0980 0.1414
vn -0.9851 0.0980 0.1414
vn -0.9472 0.2903 0.1360
vn -0.8730 0.4714 0.1253
vn -0.7652 0.6344 0.1099
vn -0.7652 0.6344 0.1098
vn -0.6280 0.7730 0.0901
vn -0.6279 0.7730 0.0902
vn -0.4666 0.8819 0.0670
vn 0.1421 -0.0000 0.9899
vn 0.1422 -0.0000 0.9898
vn 0.1421 -0.0000 0.9898
vn 0.1419 -0.0000 0.9899
vn 0.1420 -0.0000 0.9899
vn -0.2874 0.9569 0.0413
vn -0.2873 0.9569 0.0413
vn -0.0970 0.9952 0.0139
vn -0.1420 -0.0000 -0.9899
vn -0.1421 -0.0000 -0.9899
vn -0.1421 -0.0001 -0.9899
vn -0.1422 -0.0000 -0.9898
vn -0.1421 -0.0000 -0.9898
vn -0.1419 -0.0000 -0.9899
vn -0.1420 -0.0001 -0.9899
vn 0.0971 0.9952 -0.0139
vn 0.7651 0.6344 -0.1098
vn 0.6279 -0.7730 -0.0902
vn 0.4667 -0.8819 -0.0670
vn 0.2873 -0.9569 -0.0413
vn -0.2873 -0.9569 0.0413
vn -0.2874 -0.9569 0.0413
vn -0.0971 0.9952 0.0139
vn -0.1421 0.0001 -0.9899
vn -0.0970 0.9952 -0.0139
vn -0.2874 0.9569 -0.0413
vn -0.2873 0.9569 -0.0413
vn -0.4666 0.8819 -0.0670
vn -0.6280 0.7730 -0.0901
vn -0.6279 0.7730 -0.0902
vn -0.7652 0.6344 -0.1098
vn -0.7652 0.6344 -0.1099
vn -0.8729 0.4714 -0.1253
vn -0.8730 0.4714 -0.1253
vn -0.9472 0.2903 -0.1360
vn -0.9851 0.0980 -0.1414
vn -0.9851 -0.0980 -0.1414
vn -0.9472 -0.2903 -0.1360
vn -0.8730 -0.4714 -0.1253
vn -0.7651 -0.6344 -0.1099
vn -0.7652 -0.6344 -0.1098
vn -0.6280 -0.7730 -0.0901
vn -0.4666 -0.8819 -0.0670
vn -0.2874 -0.9569 -0.0413
vn -0.2873 -0.9570 -0.0413
vn -0.0970 -0.9952 -0.0139
vn 0.0971 -0.9952 0.0139
vn 0.0970 -0.9952 0.0139
vn 0.2874 -0.9569 0.0412
vn 0.2873 -0.9570 0.0412
vn 0.4666 -0.8819 0.0670
vn 0.6280 -0.7730 0.0901
vn 0.6279 -0.7730 0.0902
vn 0.7651 -0.6344 0.1099
vn 0.7652 -0.6344 0.1098
vn 0.8730 -0.4714 0.1253
vn 0.9472 -0.2903 0.1360
vn 0.9851 -0.0980 0.1414
vn 0.9851 0.0980 0.1414
vn 0.9472 0.2903 0.1360
vn 0.8730 0.4714 0.1253
vn 0.7652 0.6344 0.1098
vn 0.7652 0.6344 0.1099
vn 0.6279 0.7730 0.0902
vn 0.6280 0.7730 0.0901
vn 0.4666 0.8819 0.0670
vn -0.1421 -0.0000 0.9899
vn -0.1422 -0.0000 0.9898
vn -0.1421 -0.0000 0.9898
vn 0.2873 0.9569 0.0413
vn 0.2874 0.9569 0.0413
vn 0.0970 0.9952 0.0139
vn 0.1420 -0.0000 -0.9899
vn 0.1421 -0.0000 -0.9899
vn 0.1420 -0.0001 -0.9899
vn 0.1419 -0.0000 -0.9899
vn 0.1421 -0.0000 -0.9898
vn 0.1422 -0.0000 -0.9898
vn 0.1421 -0.0001 -0.9899
vn -0.0971 0.9952 -0.0139
vn -0.7651 0.6344 -0.1098
vn -0.6279 -0.7730 -0.0902
vn -0.4667 -0.8819 -0.0670
vn -0.2873 -0.9569 -0.0413
vn 0.2874 -0.9569 0.0413
vn 0.2873 -0.9569 0.0413
vn -0.1420 -0.0000 0.9899
vn -0.1421 0.0001 0.9899
vn 0.0971 0.9952 0.0139
vn 0.1421 0.0001 -0.9899
vn 0.9654 0.0589 -0.2541
vn 0.7045 0.1602 -0.6914
vn 0.2572 0.2181 -0.9414
vn 0.2575 0.2181 -0.9413
vn 0.2573 0.2181 -0.9414
vn -0.2566 0.2181 -0.9416
vn -0.2564 0.2182 -0.9416
vn -0.2565 0.2181 -0.9416
vn -0.7045 0.1602 -0.6914
vn -0.9655 0.0587 -0.2537
vn -0.9655 0.0587 -0.2536
vn -0.9653 -0.0588 0.2544
vn -0.7044 -0.1599 0.6916
vn -0.2574 -0.2177 0.9415
vn -0.2573 -0.2177 0.9415
vn -0.2572 -0.2177 0.9415
vn 0.2568 -0.2178 0.9416
vn 0.2565 -0.2178 0.9417
vn 0.2570 -0.2177 0.9416
vn 0.7043 -0.1599 0.6917
vn 0.9655 -0.0587 0.2536
vn 0.9645 -0.0475 -0.2598
vn 0.9645 -0.0475 -0.2597
vn 0.9644 -0.0475 -0.2601
vn 0.7023 -0.0977 -0.7051
vn 0.2545 -0.1215 -0.9594
vn -0.2594 -0.1131 -0.9591
vn -0.7063 -0.0746 -0.7039
vn -0.7064 -0.0746 -0.7039
vn -0.9660 -0.0158 -0.2579
vn -0.9661 -0.0157 -0.2576
vn -0.9661 -0.0158 -0.2576
vn -0.9661 -0.0158 -0.2578
vn -0.9644 0.0475 0.2600
vn -0.9645 0.0475 0.2597
vn -0.9645 0.0475 0.2598
vn -0.7022 0.0977 0.7052
vn -0.7023 0.0977 0.7052
vn -0.2545 0.1215 0.9594
vn 0.2594 0.1130 0.9591
vn 0.7063 0.0746 0.7040
vn 0.7063 0.0746 0.7039
vn 0.7062 0.0746 0.7040
vn 0.9661 0.0158 0.2578
vn 0.9662 0.0157 0.2573
vn 0.9663 0.0157 0.2571
vn 0.9661 0.0157 0.2576
vn 0.9655 0.0587 -0.2537
vn 0.2569 0.2181 -0.9415
vn 0.2567 0.2181 -0.9416
vn 0.2565 0.2181 -0.9416
vn 0.2566 0.2181 -0.9416
vn -0.2574 0.2181 -0.9414
vn -0.2571 0.2181 -0.9414
vn -0.2572 0.2181 -0.9414
vn -0.9654 0.0589 -0.2541
vn -0.9655 -0.0587 0.2536
vn -0.7043 -0.1599 0.6916
vn -0.7043 -0.1599 0.6917
vn -0.2569 -0.2177 0.9416
vn -0.2568 -0.2178 0.9416
vn -0.2567 -0.2178 0.9416
vn 0.2574 -0.2177 0.9415
vn 0.2573 -0.2177 0.9415
vn 0.7044 -0.1599 0.6915
vn 0.7043 -0.1599 0.6916
vn 0.7044 -0.1599 0.6916
vn 0.9653 -0.0588 0.2544
vn 0.9660 -0.0158 -0.2581
vn 0.9662 -0.0157 -0.2574
vn 0.9662 -0.0157 -0.2573
vn 0.9660 -0.0158 -0.2579
vn 0.7064 -0.0746 -0.7039
vn 0.7063 -0.0746 -0.7040
vn 0.2594 -0.1131 -0.9591
vn -0.2545 -0.1215 -0.9594
vn -0.7023 -0.0977 -0.7051
vn -0.9645 -0.0475 -0.2598
vn -0.9645 -0.0475 -0.2599
vn -0.9661 0.0158 0.2578
vn -0.9661 0.0157 0.2577
vn -0.9662 0.0157 0.2573
vn -0.9661 0.0157 0.2576
vn -0.7063 0.0746 0.7040
vn -0.2594 0.1130 0.9591
vn 0.2545 0.1215 0.9594
vn 0.7023 0.0977 0.7052
vn 0.7023 0.0977 0.7051
vn 0.7022 0.0977 0.7052
vn 0.7022 0.0977 0.7053
vn 0.9644 0.0475 0.2600
vn 0.9645 0.0475 0.2598
vn 0.9645 0.0475 0.2597
vn 0.9645 0.0475 0.2600
vn 0.9654 0.0645 -0.2527
vn 0.7040 0.1757 -0.6881
vn 0.2564 0.2391 -0.9365
vn 0.2563 0.2391 -0.9365
vn 0.2566 0.2391 -0.9365
vn 0.2563 0.2391 -0.9366
vn -0.2568 0.2391 -0.9364
vn -0.2566 0.2391 -0.9365
vn -0.2567 0.2391 -0.9364
vn -0.7040 0.1757 -0.6881
vn -0.7040 0.1757 -0.6882
vn -0.9653 0.0645 -0.2530
vn -0.9654 -0.0645 0.2526
vn -0.9654 -0.0645 0.2527
vn -0.7042 -0.1755 0.6880
vn -0.7041 -0.1755 0.6881
vn -0.7041 -0.1755 0.6880
vn -0.2567 -0.2386 0.9366
vn -0.2565 -0.2387 0.9366
vn -0.2566 -0.2386 0.9366
vn -0.2568 -0.2386 0.9366
vn 0.2567 -0.2386 0.9366
vn 0.2569 -0.2386 0.9365
vn 0.7041 -0.1755 0.6880
vn 0.7042 -0.1755 0.6880
vn 0.9653 -0.0645 0.2530
vn 0.9655 -0.0289 -0.2588
vn 0.9656 -0.0288 -0.2585
vn 0.9655 -0.0289 -0.2587
vn 0.7044 -0.0845 -0.7047
vn 0.7045 -0.0845 -0.7047
vn 0.7044 -0.0845 -0.7048
vn 0.2572 -0.1172 -0.9592
vn -0.2562 -0.1188 -0.9593
vn -0.2563 -0.1188 -0.9593
vn -0.7036 -0.0889 -0.7050
vn -0.9652 -0.0348 -0.2591
vn -0.9652 -0.0348 -0.2590
vn -0.9652 -0.0348 -0.2592
vn -0.9656 0.0288 0.2586
vn -0.9656 0.0288 0.2585
vn -0.9655 0.0288 0.2587
vn -0.7044 0.0845 0.7047
vn -0.7045 0.0845 0.7047
vn -0.2572 0.1171 0.9592
vn -0.2573 0.1171 0.9592
vn 0.2563 0.1187 0.9593
vn 0.7036 0.0888 0.7050
vn 0.7037 0.0888 0.7049
vn 0.7037 0.0888 0.7050
vn 0.9652 0.0348 0.2591
vn 0.9653 0.0348 0.2589
vn -0.9654 0.0645 -0.2527
vn -0.2564 0.2391 -0.9365
vn -0.2563 0.2391 -0.9366
vn -0.2563 0.2391 -0.9365
vn 0.2568 0.2391 -0.9364
vn 0.2567 0.2391 -0.9364
vn 0.7040 0.1757 -0.6882
vn 0.9653 0.0645 -0.2530
vn 0.9654 -0.0645 0.2526
vn 0.9654 -0.0645 0.2527
vn 0.7041 -0.1755 0.6881
vn 0.2568 -0.2386 0.9366
vn 0.2566 -0.2386 0.9366
vn 0.2565 -0.2387 0.9366
vn -0.2569 -0.2386 0.9365
vn -0.9653 -0.0645 0.2530
vn -0.9655 -0.0289 -0.2588
vn -0.9655 -0.0289 -0.2587
vn -0.9656 -0.0288 -0.2585
vn -0.7044 -0.0845 -0.7047
vn -0.7044 -0.0845 -0.7048
vn -0.7045 -0.0845 -0.7047
vn -0.2572 -0.1172 -0.9592
vn 0.2562 -0.1188 -0.9593
vn 0.2563 -0.1188 -0.9593
vn 0.7036 -0.0889 -0.7050
vn 0.9652 -0.0348 -0.2591
vn 0.9652 -0.0348 -0.2592
vn 0.9652 -0.0348 -0.2590
vn 0.9656 0.0288 0.2586
vn 0.9656 0.0288 0.2585
vn 0.9655 0.0288 0.2587
vn 0.7044 0.0845 0.7047
vn 0.7045 0.0845 0.7047
vn 0.2572 0.1171 0.9592
vn 0.2573 0.1171 0.9592
vn -0.2563 0.1187 0.9593
vn -0.7036 0.0888 0.7050
vn -0.7037 0.0888 0.7050
vn -0.7037 0.0888 0.7049
vn -0.9652 0.0348 0.2591
vn -0.9653 0.0348 0.2589
vt 0.375000 0.375000
vt 0.625000 0.375000
vt 0.625000 0.437500
vt 0.375000 0.437500
vt 0.625000 0.500000
vt 0.375000 0.500000
vt 0.625000 0.750000
vt 0.375000 0.750000
vt 0.250000 0.500000
vt 0.312500 0.500000
vt 0.312500 0.750000
vt 0.250000 0.750000
vt 0.687500 0.500000
vt 0.687500 0.750000
vt 0.750000 0.500000
vt 0.750000 0.750000
vt 0.375000 0.812500
vt 0.625000 0.812500
vt 0.625000 0.875000
vt 0.375000 0.875000
vt 0.375000 0.250000
vt 0.625000 0.250000
vt 0.875000 0.500000
vt 0.125000 0.500000
vt 1.000000 0.500000
vt 1.000000 1.000000
vt 0.968750 1.000000
vt 0.968750 0.500000
vt 0.937500 1.000000
vt 0.937500 0.500000
vt 0.906250 1.000000
vt 0.906250 0.500000
vt 0.875000 1.000000
vt 0.843750 1.000000
vt 0.843750 0.500000
vt 0.812500 1.000000
vt 0.812500 0.500000
vt 0.781250 1.000000
vt 0.781250 0.500000
vt 0.750000 1.000000
vt 0.718750 1.000000
vt 0.718750 0.500000
vt 0.687500 1.000000
vt 0.656250 1.000000
vt 0.656250 0.500000
vt 0.625000 1.000000
vt 0.593750 1.000000
vt 0.593750 0.500000
vt 0.562500 1.000000
vt 0.562500 0.500000
vt 0.531250 1.000000
vt 0.531250 0.500000
vt 0.500000 1.000000
vt 0.500000 0.500000
vt 0.468750 1.000000
vt 0.468750 0.500000
vt 0.437500 1.000000
vt 0.437500 0.500000
vt 0.406250 1.000000
vt 0.406250 0.500000
vt 0.375000 1.000000
vt 0.343750 1.000000
vt 0.343750 0.500000
vt 0.312500 1.000000
vt 0.281250 1.000000
vt 0.281250 0.500000
vt 0.250000 1.000000
vt 0.218750 1.000000
vt 0.218750 0.500000
vt 0.187500 1.000000
vt 0.187500 0.500000
vt 0.156250 1.000000
vt 0.156250 0.500000
vt 0.125000 1.000000
vt 0.093750 1.000000
vt 0.093750 0.500000
vt 0.062500 1.000000
vt 0.062500 0.500000
vt 0.306746 0.386996
vt 0.278929 0.395435
vt 0.250000 0.398284
vt 0.221071 0.395435
vt 0.193254 0.386996
vt 0.167618 0.373294
vt 0.145147 0.354853
vt 0.126706 0.332382
vt 0.113004 0.306746
vt 0.104565 0.278929
vt 0.101716 0.250000
vt 0.104565 0.221071
vt 0.113004 0.193254
vt 0.126706 0.167618
vt 0.145147 0.145147
vt 0.167618 0.126706
vt 0.193254 0.113004
vt 0.221071 0.104565
vt 0.250000 0.101716
vt 0.278929 0.104565
vt 0.306746 0.113004
vt 0.332382 0.126706
vt 0.354853 0.145147
vt 0.373294 0.167618
vt 0.386996 0.193254
vt 0.395435 0.221071
vt 0.398284 0.250000
vt 0.395435 0.278929
vt 0.386996 0.306746
vt 0.373294 0.332382
vt 0.354853 0.354853
vt 0.332382 0.373294
vt 0.031250 1.000000
vt 0.031250 0.500000
vt 0.000000 1.000000
vt 0.000000 0.500000
vt 0.703178 0.485388
vt 0.750000 0.490000
vt 0.796822 0.485388
vt 0.841844 0.471731
vt 0.883337 0.449553
vt 0.919706 0.419706
vt 0.949553 0.383337
vt 0.971731 0.341844
vt 0.985388 0.296822
vt 0.990000 0.250000
vt 0.985388 0.203178
vt 0.971731 0.158156
vt 0.949553 0.116663
vt 0.919706 0.080294
vt 0.883337 0.050447
vt 0.841844 0.028269
vt 0.796822 0.014612
vt 0.750000 0.010000
vt 0.703178 0.014612
vt 0.658156 0.028269
vt 0.616663 0.050447
vt 0.580294 0.080294
vt 0.550447 0.116663
vt 0.528269 0.158156
vt 0.514612 0.203178
vt 0.510000 0.250000
vt 0.514612 0.296822
vt 0.528269 0.341844
vt 0.550447 0.383337
vt 0.580294 0.419706
vt 0.616663 0.449553
vt 0.658156 0.471731
vt 0.250000 0.457596
vt 0.290500 0.453607
vt 0.296822 0.485388
vt 0.250000 0.490000
vt 0.329443 0.441794
vt 0.341844 0.471731
vt 0.365334 0.422610
vt 0.383337 0.449553
vt 0.396792 0.396792
vt 0.419706 0.419706
vt 0.422610 0.365334
vt 0.449553 0.383337
vt 0.441794 0.329443
vt 0.471731 0.341844
vt 0.453607 0.290500
vt 0.485388 0.296822
vt 0.457596 0.250000
vt 0.490000 0.250000
vt 0.453607 0.209500
vt 0.485388 0.203178
vt 0.441794 0.170556
vt 0.471731 0.158156
vt 0.422610 0.134666
vt 0.449553 0.116663
vt 0.396792 0.103208
vt 0.419706 0.080294
vt 0.365334 0.077390
vt 0.383337 0.050447
vt 0.329444 0.058206
vt 0.341844 0.028269
vt 0.290500 0.046393
vt 0.296822 0.014612
vt 0.250000 0.042404
vt 0.250000 0.010000
vt 0.209500 0.046393
vt 0.203178 0.014612
vt 0.170556 0.058206
vt 0.158156 0.028269
vt 0.134666 0.077390
vt 0.116663 0.050447
vt 0.103208 0.103208
vt 0.080294 0.080294
vt 0.077390 0.134666
vt 0.050447 0.116663
vt 0.058206 0.170557
vt 0.028269 0.158156
vt 0.046393 0.209500
vt 0.014612 0.203178
vt 0.042404 0.250000
vt 0.010000 0.250000
vt 0.046393 0.290500
vt 0.014612 0.296822
vt 0.058206 0.329444
vt 0.028269 0.341844
vt 0.077390 0.365334
vt 0.050447 0.383337
vt 0.103208 0.396793
vt 0.080294 0.419706
vt 0.134666 0.422610
vt 0.116663 0.449553
vt 0.170557 0.441794
vt 0.158156 0.471731
vt 0.209500 0.453607
vt 0.203178 0.485388
vt 0.000000 0.000000
vt 0.375000 0.801363
vt 0.375000 0.811622
vt 0.375000 0.812822
vt 0.375000 0.798294
vt 0.375000 0.797659
vt 0.375000 0.788893
vt 0.375000 0.826614
vt 0.375000 0.817059
vt 0.375000 0.800274
vt 0.375000 0.793650
vt 0.375000 0.813430
vt 0.375000 0.814893
vt 0.375000 0.800329
vt 0.375000 0.822952
vt 0.375000 0.826962
vt 0.375000 0.786870
vt 0.375000 0.787399
vt 0.375000 0.781981
vt 0.375000 0.811968
vt 0.375000 0.804139
vt 0.375000 0.817734
vt 0.375000 0.794234
vt 0.375000 0.805429
vt 0.375000 0.811696
vt 0.375000 0.800128
vt 0.375000 0.798854
vt 0.375000 0.791547
vt 0.375000 0.783931
vt 0.375000 0.787899
vt 0.375000 0.787413
vt 0.375000 0.810434
vt 0.375000 0.797428
vt 0.375000 0.786205
vt 0.375000 0.787968
vt 0.375000 0.798422
vt 0.375000 0.794024
vt 0.375000 0.799230
vt 0.375000 0.806609
vt 0.375000 0.801363
vt 0.375000 0.798294
vt 0.375000 0.817059
vt 0.375000 0.826614
vt 0.375000 0.797659
vt 0.375000 0.787400
vt 0.375000 0.786870
vt 0.375000 0.781981
vt 0.375000 0.826962
vt 0.375000 0.787899
vt 0.375000 0.783931
vt 0.375000 0.805429
vt 0.375000 0.811968
vt 0.375000 0.817734
vt 0.375000 0.804139
vt 0.375000 0.806610
vt 0.375000 0.787413
vt 0.375000 0.786205
vt 0.443616 0.078170
vt 0.375000 0.073718
vt 0.625000 0.087577
vt 0.587073 0.086356
vt 0.596387 0.663224
vt 0.625000 0.662423
vt 0.375000 0.676282
vt 0.455542 0.671031
vt 0.625000 0.685608
vt 0.625000 0.701398
vt 0.625000 0.673322
vt 0.625000 0.076678
vt 0.625000 0.048602
vt 0.625000 0.058023
vt 0.625000 0.667852
vt 0.625000 0.701398
vt 0.625000 0.668102
vt 0.625000 0.696117
vt 0.625000 0.078021
vt 0.625000 0.082148
vt 0.875000 0.696117
vt 0.625000 0.053883
vt 0.375000 0.686006
vt 0.375000 0.715386
vt 0.375000 0.064193
vt 0.375000 0.069597
vt 0.375000 0.680866
vt 0.375000 0.065751
vt 0.375000 0.034493
vt 0.375000 0.683904
vt 0.375000 0.652639
vt 0.375000 0.651906
vt 0.375000 0.098276
vt 0.375000 0.097474
vt 0.375000 0.663930
vt 0.125000 0.663930
vt 0.375000 0.095649
vt 0.375000 0.086070
vt 0.587072 0.086356
vt 0.596387 0.663224
vt 0.455542 0.671031
vt 0.625000 0.673322
vt 0.625000 0.685608
vt 0.625000 0.076678
vt 0.625000 0.058023
vt 0.625000 0.668102
vt 0.625000 0.078021
vt 0.375000 0.715386
vt 0.375000 0.069597
vt 0.375000 0.680866
vt 0.375000 0.034493
vt 0.375000 0.683904
vt 0.375000 0.652639
vt 0.375000 0.097474
vt 0.375000 0.095649
vt 0.428957 0.375000
vt 0.428957 0.500000
vt 0.428957 0.750000
vt 0.428957 0.875000
vt 0.548469 0.375000
vt 0.548469 0.500000
vt 0.548469 0.750000
vt 0.548469 0.817751
vt 0.604680 0.817751
vt 0.604680 0.875000
vt 0.548469 0.875000
vt 0.422715 0.750000
vt 0.422715 0.875000
vt 0.422715 0.500000
vt 0.422715 0.375000
vt 0.443960 0.817751
vt 0.471938 0.817751
vt 0.471938 0.875000
vt 0.443960 0.875000
vt 0.471938 0.500000
vt 0.471938 0.750000
vt 0.471938 0.375000
vt 0.548469 0.817751
vt 0.443960 0.817751
vt 0.612112 0.875000
vt 0.612112 0.792972
vt 0.471938 0.792972
vt 0.436190 0.792972
vt 0.436190 0.875000
vt 0.548469 0.792972
vt 0.436190 0.792972
vt 0.387500 0.375000
vt 0.612500 0.375000
vt 0.612500 0.437500
vt 0.387500 0.437500
vt 0.387500 0.760910
vt 0.612500 0.760910
vt 0.612500 0.812500
vt 0.387500 0.812500
vt 0.387500 0.515339
vt 0.612500 0.515339
vt 0.612500 0.734661
vt 0.387500 0.734661
vt 0.612500 0.875000
vt 0.387500 0.875000
vt 0.637500 0.514607
vt 0.687500 0.513093
vt 0.687500 0.735948
vt 0.637500 0.734799
vt 0.612500 0.487500
vt 0.387500 0.487500
vt 0.750000 0.512500
vt 0.750000 0.736612
vt 0.250000 0.512500
vt 0.312500 0.513093
vt 0.312500 0.735948
vt 0.250000 0.736612
vt 0.362500 0.734799
vt 0.375000 0.734661
vt 0.364090 0.750000
vt 0.625000 0.756770
vt 0.612500 0.750000
vt 0.362500 0.500000
vt 0.375000 0.515339
vt 0.362500 0.514607
vt 0.625000 0.487500
vt 0.612500 0.500000
vt 0.625000 0.872653
vt 0.625000 0.806785
vt 0.500000 0.916667
vt 0.000000 0.916667
vt 0.000000 0.083333
vt 0.500000 0.083333
vt 0.500000 0.000000
vt 0.000000 0.166667
vt 0.500000 0.166667
vt 0.000000 0.250000
vt 0.500000 0.250000
vt 0.000000 0.333333
vt 0.500000 0.333333
vt 0.000000 0.416667
vt 0.500000 0.416667
vt 0.000000 0.583333
vt 0.500000 0.583333
vt 0.000000 0.666667
vt 0.500000 0.666667
vt 0.000000 0.750000
vt 0.500000 0.750000
vt 0.000000 0.833333
vt 0.500000 0.833333
vt 1.000000 0.916667
vt 1.000000 0.083333
vt 1.000000 0.000000
vt 1.000000 0.166667
vt 1.000000 0.250000
vt 1.000000 0.333333
vt 1.000000 0.416667
vt 1.000000 0.583333
vt 1.000000 0.666667
vt 1.000000 0.750000
vt 1.000000 0.833333
s 0
usemtl Material.001
f 25/1/1 27/2/1 10/3/1
f 25/1/1 10/3/1 4/4/1
f 6/4/2 12/3/2 24/5/2
f 6/4/2 24/5/2 21/6/2
f 20/6/3 23/5/3 18/7/3
f 20/6/3 18/7/3 15/8/3
f 26/9/4 5/10/4 8/11/4
f 26/9/4 8/11/4 30/12/4
f 5/10/4 19/6/4 13/8/4
f 5/10/4 13/8/4 8/11/4
f 22/5/5 11/13/5 2/14/5
f 22/5/5 2/14/5 16/7/5
f 11/13/5 28/15/5 32/16/5
f 11/13/5 32/16/5 2/14/5
s 1
f 7/17/6 1/18/6 31/19/6
s 0
f 7/17/6 31/19/6 29/20/6
f 14/8/7 17/7/7 3/18/7
f 14/8/7 3/18/7 9/17/7
f 25/1/1 36/4/1 42/3/1
f 25/1/1 42/3/1 27/2/1
f 38/4/8 52/6/8 55/5/8
f 38/4/8 55/5/8 44/3/8
f 53/6/9 47/8/9 50/7/9
f 53/6/9 50/7/9 56/5/9
f 26/9/4 30/12/4 40/11/4
f 26/9/4 40/11/4 37/10/4
f 37/10/4 40/11/4 45/8/4
f 37/10/4 45/8/4 51/6/4
f 54/5/5 48/7/5 34/14/5
f 54/5/5 34/14/5 43/13/5
f 43/13/5 34/14/5 32/16/5
f 43/13/5 32/16/5 28/15/5
f 39/17/6 29/20/6 31/19/6
s 1
f 39/17/6 31/19/6 33/18/6
s 0
f 46/8/10 41/17/10 35/18/10
f 46/8/10 35/18/10 49/7/10
s 1
f 94/6/11 164/6/12 169/6/13
f 94/6/11 169/6/13 98/6/14
f 89/21/15 161/21/16 154/21/17
f 89/21/15 154/21/17 86/21/18
f 58/22/19 100/22/20 108/22/21
f 58/22/19 108/22/21 61/22/22
f 93/21/23 166/21/24 162/21/25
f 93/21/23 162/21/25 90/21/25
f 84/6/26 142/6/27 150/6/27
f 84/6/26 150/6/27 88/6/28
f 74/23/29 130/23/30 134/5/30
f 74/23/29 134/5/30 77/5/31
f 87/6/32 149/6/33 157/6/33
f 87/6/32 157/6/33 91/6/33
f 92/6/34 158/6/34 164/6/12
f 92/6/34 164/6/12 94/6/11
f 79/21/35 140/21/36 101/21/37
f 79/21/35 101/21/37 57/21/38
f 82/21/39 146/21/40 139/21/40
f 82/21/39 139/21/40 78/21/41
f 71/22/42 125/22/43 132/22/44
f 71/22/42 132/22/44 75/22/45
f 59/6/46 104/6/47 138/6/48
f 59/6/46 138/6/48 81/6/49
f 102/21/50 103/6/51 105/5/52
f 102/21/50 105/5/52 99/22/53
f 105/5/52 109/5/54 107/22/55
f 105/5/52 107/22/55 99/22/53
f 109/5/54 115/5/56 111/22/57
f 109/5/54 111/22/57 107/22/55
f 115/5/56 122/5/58 117/22/59
f 115/5/56 117/22/59 111/22/57
f 122/5/58 129/5/60 124/22/61
f 122/5/58 124/22/61 117/22/59
s 0
f 128/5/62 135/5/62 131/22/62
f 128/5/62 131/22/62 123/22/62
s 1
f 102/21/50 141/21/63 137/6/64
f 102/21/50 137/6/64 103/6/51
f 141/21/63 145/21/65 143/6/66
f 141/21/63 143/6/66 137/6/64
f 145/21/65 153/21/67 151/6/67
f 145/21/65 151/6/67 143/6/66
f 152/21/68 160/21/69 156/6/70
f 152/21/68 156/6/70 148/6/68
f 159/21/71 165/21/72 163/6/73
f 159/21/71 163/6/73 155/6/71
f 165/21/72 170/21/74 167/6/74
f 165/21/72 167/6/74 163/6/73
f 66/5/75 116/5/76 110/5/77
f 66/5/75 110/5/77 62/5/78
f 62/5/78 110/5/77 106/5/79
f 62/5/78 106/5/79 60/5/80
f 96/21/81 172/21/82 166/21/24
f 96/21/81 166/21/24 93/21/23
f 57/21/38 101/21/37 100/22/20
f 57/21/38 100/22/20 58/22/19
f 72/5/83 126/5/84 121/5/84
f 72/5/83 121/5/84 70/5/85
f 76/5/86 133/5/87 127/5/87
f 76/5/86 127/5/87 73/5/88
f 97/6/89 168/6/90 171/24/90
f 97/6/89 171/24/90 95/24/91
f 64/22/92 113/22/93 118/22/93
f 64/22/92 118/22/93 67/22/94
f 61/22/22 108/22/21 112/22/95
f 61/22/22 112/22/95 63/22/96
f 86/21/18 154/21/17 147/21/97
f 86/21/18 147/21/97 83/21/98
f 69/5/99 120/5/100 114/5/100
f 69/5/99 114/5/100 65/5/101
f 80/6/102 136/6/103 144/6/103
f 80/6/102 144/6/103 85/6/104
f 60/5/80 106/5/79 104/6/47
f 60/5/80 104/6/47 59/6/46
f 68/22/105 119/22/106 125/22/43
f 68/22/105 125/22/43 71/22/42
f 210/6/107 214/6/108 285/6/109
f 210/6/107 285/6/109 280/6/110
f 205/21/111 202/21/112 268/21/113
f 205/21/111 268/21/113 276/21/114
f 174/22/115 177/22/116 224/22/117
f 174/22/115 224/22/117 216/22/118
f 209/21/119 206/21/120 277/21/120
f 209/21/119 277/21/120 281/21/121
f 201/6/122 204/6/123 266/6/124
f 201/6/122 266/6/124 260/6/124
f 190/23/125 192/5/126 249/5/127
f 190/23/125 249/5/127 246/23/127
f 203/6/128 207/6/129 273/6/129
f 203/6/128 273/6/129 265/6/129
f 208/6/130 210/6/107 280/6/110
f 208/6/130 280/6/110 274/6/130
f 195/21/131 173/21/132 218/21/133
f 195/21/131 218/21/133 257/21/134
f 199/21/135 194/21/136 256/21/137
f 199/21/135 256/21/137 263/21/137
f 187/22/138 191/22/139 248/22/140
f 187/22/138 248/22/140 241/22/141
f 175/6/142 197/6/143 254/6/144
f 175/6/142 254/6/144 220/6/145
f 217/21/146 215/22/147 222/5/148
f 217/21/146 222/5/148 219/6/149
f 222/5/148 215/22/147 223/22/150
f 222/5/148 223/22/150 226/5/151
f 226/5/151 223/22/150 228/22/152
f 226/5/151 228/22/152 232/5/153
f 232/5/153 228/22/152 233/22/154
f 232/5/153 233/22/154 236/5/155
f 236/5/155 233/22/154 240/22/156
f 236/5/155 240/22/156 243/5/157
s 0
f 242/5/158 239/22/158 247/22/158
f 242/5/158 247/22/158 250/5/158
s 1
f 217/21/146 219/6/149 253/6/159
f 217/21/146 253/6/159 255/21/160
f 255/21/160 253/6/159 258/6/161
f 255/21/160 258/6/161 262/21/162
f 262/21/162 258/6/161 267/6/163
f 262/21/162 267/6/163 270/21/163
f 269/21/164 264/6/165 272/6/166
f 269/21/164 272/6/166 278/21/167
f 275/21/71 271/6/71 279/6/168
f 275/21/71 279/6/168 282/21/169
f 282/21/169 279/6/168 283/6/170
f 282/21/169 283/6/170 287/21/170
f 181/5/171 178/5/172 225/5/173
f 181/5/171 225/5/173 230/5/174
f 178/5/172 176/5/175 221/5/176
f 178/5/172 221/5/176 225/5/173
f 211/21/177 209/21/119 281/21/121
f 211/21/177 281/21/121 286/21/178
f 173/21/132 174/22/115 216/22/118
f 173/21/132 216/22/118 218/21/133
f 188/5/179 186/5/180 238/5/181
f 188/5/179 238/5/181 244/5/181
f 193/5/182 189/5/183 245/5/184
f 193/5/182 245/5/184 251/5/184
f 213/6/185 212/24/186 288/24/187
f 213/6/185 288/24/187 284/6/187
f 179/22/188 183/22/189 234/22/190
f 179/22/188 234/22/190 227/22/190
f 177/22/116 180/22/191 229/22/192
f 177/22/116 229/22/192 224/22/117
f 202/21/112 198/21/193 261/21/194
f 202/21/112 261/21/194 268/21/113
f 185/5/195 182/5/196 231/5/197
f 185/5/195 231/5/197 237/5/197
f 196/6/198 200/6/199 259/6/200
f 196/6/198 259/6/200 252/6/200
f 176/5/175 175/6/142 220/6/145
f 176/5/175 220/6/145 221/5/176
f 184/22/201 187/22/138 241/22/141
f 184/22/201 241/22/141 235/22/202
f 293/1/203 294/2/204 292/5/205
f 293/1/203 292/5/205 291/6/206
f 291/6/206 292/5/205 290/7/207
f 291/6/206 290/7/207 289/8/208
f 289/8/208 296/20/209 302/20/210
f 289/8/208 302/20/210 299/8/211
f 292/5/205 295/15/204 298/16/212
f 292/5/205 298/16/212 290/7/207
f 289/8/208 290/7/207 297/19/213
f 289/8/208 297/19/213 296/20/209
f 301/1/214 300/6/215 304/6/216
f 301/1/214 304/6/216 306/1/217
f 293/1/203 291/6/206 300/6/215
f 293/1/203 300/6/215 301/1/214
f 291/6/206 289/8/208 299/8/211
f 291/6/206 299/8/211 300/6/215
f 306/1/217 304/6/216 308/6/218
f 306/1/217 308/6/218 312/1/219
f 300/6/215 299/8/211 303/8/220
f 300/6/215 303/8/220 304/6/216
f 299/8/211 302/20/210 305/20/221
f 299/8/211 305/20/221 303/8/220
f 311/9/222 308/6/218 307/8/223
f 311/9/222 307/8/223 309/12/224
f 304/6/216 303/8/220 307/8/223
f 304/6/216 307/8/223 308/6/218
f 303/8/220 305/20/221 310/20/224
f 303/8/220 310/20/224 307/8/223
f 293/1/203 315/6/225 316/5/226
f 293/1/203 316/5/226 294/2/204
f 315/6/225 313/8/227 314/7/228
f 315/6/225 314/7/228 316/5/226
f 313/8/227 317/8/229 302/20/210
f 313/8/227 302/20/210 296/20/209
f 316/5/226 314/7/228 298/16/212
f 316/5/226 298/16/212 295/15/204
f 313/8/227 296/20/209 297/19/213
f 313/8/227 297/19/213 314/7/228
f 301/1/214 306/1/217 320/6/230
f 301/1/214 320/6/230 318/6/231
f 293/1/203 301/1/214 318/6/231
f 293/1/203 318/6/231 315/6/225
f 315/6/225 318/6/231 317/8/229
f 315/6/225 317/8/229 313/8/227
f 306/1/217 312/1/219 322/6/232
f 306/1/217 322/6/232 320/6/230
f 318/6/231 320/6/230 319/8/233
f 318/6/231 319/8/233 317/8/229
f 317/8/229 319/8/233 305/20/221
f 317/8/229 305/20/221 302/20/210
f 311/9/222 309/12/224 321/8/234
f 311/9/222 321/8/234 322/6/232
f 320/6/230 322/6/232 321/8/234
f 320/6/230 321/8/234 319/8/233
f 319/8/233 321/8/234 310/20/224
f 319/8/233 310/20/224 305/20/221
f 325/25/235 424/26/236 421/27/237
f 325/25/235 421/27/237 328/28/238
f 328/28/238 421/27/237 426/29/239
f 328/28/238 426/29/239 331/30/240
f 331/30/240 426/29/239 428/31/241
f 331/30/240 428/31/241 334/32/242
f 334/32/242 428/31/241 430/33/243
f 334/32/242 430/33/243 336/23/244
f 336/23/244 430/33/243 432/34/245
f 336/23/244 432/34/245 339/35/246
f 339/35/246 432/34/245 434/36/247
f 339/35/246 434/36/247 342/37/248
f 342/37/248 434/36/247 436/38/249
f 342/37/248 436/38/249 345/39/250
f 345/39/250 436/38/249 438/40/251
f 345/39/250 438/40/251 348/15/252
f 348/15/252 438/40/251 440/41/253
f 348/15/252 440/41/253 351/42/254
f 351/42/254 440/41/253 442/43/255
f 351/42/254 442/43/255 354/13/256
f 354/13/256 442/43/255 444/44/257
f 354/13/256 444/44/257 357/45/258
f 357/45/258 444/44/257 446/46/259
f 357/45/258 446/46/259 360/5/260
f 360/5/260 446/46/259 448/47/261
f 360/5/260 448/47/261 363/48/262
f 363/48/262 448/47/261 450/49/263
f 363/48/262 450/49/263 366/50/264
f 366/50/264 450/49/263 452/51/265
f 366/50/264 452/51/265 369/52/266
f 369/52/266 452/51/265 454/53/267
f 369/52/266 454/53/267 372/54/268
f 372/54/268 454/53/267 456/55/269
f 372/54/268 456/55/269 375/56/270
f 375/56/270 456/55/269 458/57/271
f 375/56/270 458/57/271 378/58/272
f 378/58/272 458/57/271 460/59/273
f 378/58/272 460/59/273 381/60/274
f 381/60/274 460/59/273 462/61/275
f 381/60/274 462/61/275 384/6/276
f 384/6/276 462/61/275 464/62/277
f 384/6/276 464/62/277 387/63/278
f 387/63/278 464/62/277 466/64/279
f 387/63/278 466/64/279 390/10/280
f 390/10/280 466/64/279 468/65/281
f 390/10/280 468/65/281 393/66/282
f 393/66/282 468/65/281 470/67/283
f 393/66/282 470/67/283 396/9/284
f 396/9/284 470/67/283 472/68/285
f 396/9/284 472/68/285 399/69/286
f 399/69/286 472/68/285 474/70/287
f 399/69/286 474/70/287 402/71/288
f 402/71/288 474/70/287 476/72/289
f 402/71/288 476/72/289 405/73/290
f 405/73/290 476/72/289 478/74/291
f 405/73/290 478/74/291 408/24/292
f 408/24/292 478/74/291 479/75/293
f 408/24/292 479/75/293 411/76/294
f 411/76/294 479/75/293 481/77/295
f 411/76/294 481/77/295 414/78/296
f 332/79/297 329/80/298 326/81/299
f 326/81/299 419/82/300 416/83/301
f 416/83/301 413/84/302 410/85/303
f 410/85/303 407/86/304 404/87/305
f 404/87/305 401/88/306 398/89/307
f 398/89/307 395/90/308 392/91/309
f 392/91/309 389/92/310 386/93/311
f 386/93/311 383/94/312 380/95/313
f 380/95/313 377/96/314 374/97/315
f 374/97/315 371/98/316 368/99/317
f 368/99/317 365/100/318 362/101/319
f 362/101/319 359/102/320 356/103/321
f 356/103/321 353/104/322 350/105/323
f 350/105/323 347/106/324 344/107/325
f 344/107/325 341/108/326 338/109/327
f 338/109/327 335/110/328 332/79/297
f 332/79/297 326/81/299 416/83/301
f 416/83/301 410/85/303 404/87/305
f 404/87/305 398/89/307 392/91/309
f 392/91/309 386/93/311 380/95/313
f 380/95/313 374/97/315 368/99/317
f 368/99/317 362/101/319 356/103/321
f 356/103/321 350/105/323 344/107/325
f 344/107/325 338/109/327 332/79/297
f 332/79/297 416/83/301 404/87/305
f 404/87/305 392/91/309 380/95/313
f 380/95/313 368/99/317 356/103/321
f 356/103/321 344/107/325 332/79/297
f 332/79/297 404/87/305 380/95/313
f 380/95/313 356/103/321 332/79/297
f 414/78/296 481/77/295 483/111/329
f 414/78/296 483/111/329 417/112/330
f 417/112/330 483/111/329 422/113/236
f 417/112/330 422/113/236 323/114/235
f 418/115/331 324/116/332 327/117/238
f 327/117/238 330/118/333 333/119/334
f 333/119/334 337/120/335 340/121/246
f 340/121/246 343/122/248 346/123/250
f 346/123/250 349/124/252 352/125/336
f 352/125/336 355/126/256 358/127/258
f 358/127/258 361/128/337 364/129/262
f 364/129/262 367/130/264 370/131/266
f 370/131/266 373/132/268 376/133/270
f 376/133/270 379/134/272 382/135/274
f 382/135/274 385/136/276 388/137/338
f 388/137/338 391/138/339 394/139/282
f 394/139/282 397/140/340 400/141/341
f 400/141/341 403/142/342 406/143/343
f 406/143/343 409/144/344 412/145/345
f 412/145/345 415/146/346 418/115/331
f 418/115/331 327/117/238 333/119/334
f 333/119/334 340/121/246 346/123/250
f 346/123/250 352/125/336 358/127/258
f 358/127/258 364/129/262 370/131/266
f 370/131/266 376/133/270 382/135/274
f 382/135/274 388/137/338 394/139/282
f 394/139/282 400/141/341 406/143/343
f 406/143/343 412/145/345 418/115/331
f 418/115/331 333/119/334 346/123/250
f 346/123/250 358/127/258 370/131/266
f 370/131/266 382/135/274 394/139/282
f 394/139/282 406/143/343 418/115/331
f 418/115/331 346/123/250 370/131/266
f 370/131/266 394/139/282 418/115/331
f 486/147/347 485/148/348 420/149/237
f 486/147/347 420/149/237 423/150/236
f 485/148/348 487/151/349 425/152/239
f 485/148/348 425/152/239 420/149/237
f 487/151/349 488/153/350 427/154/241
f 487/151/349 427/154/241 425/152/239
f 488/153/350 489/155/351 429/156/243
f 488/153/350 429/156/243 427/154/241
f 489/155/351 490/157/352 431/158/245
f 489/155/351 431/158/245 429/156/243
f 490/157/352 491/159/353 433/160/247
f 490/157/352 433/160/247 431/158/245
f 491/159/353 492/161/354 435/162/249
f 491/159/353 435/162/249 433/160/247
f 492/161/354 493/163/355 437/164/356
f 492/161/354 437/164/356 435/162/249
f 493/163/355 494/165/357 439/166/253
f 493/163/355 439/166/253 437/164/356
f 494/165/357 495/167/358 441/168/255
f 494/165/357 441/168/255 439/166/253
f 495/167/358 496/169/359 443/170/360
f 495/167/358 443/170/360 441/168/255
f 496/169/359 497/171/361 445/172/259
f 496/169/359 445/172/259 443/170/360
f 497/171/361 498/173/362 447/174/363
f 497/171/361 447/174/363 445/172/259
f 498/173/362 499/175/364 449/176/365
f 498/173/362 449/176/365 447/174/363
f 499/175/364 500/177/366 451/178/265
f 499/175/364 451/178/265 449/176/365
f 500/177/366 501/179/367 453/180/267
f 500/177/366 453/180/267 451/178/265
f 501/179/367 502/181/368 455/182/269
f 501/179/367 455/182/269 453/180/267
f 502/181/368 503/183/369 457/184/271
f 502/181/368 457/184/271 455/182/269
f 503/183/369 504/185/370 459/186/273
f 503/183/369 459/186/273 457/184/271
f 504/185/370 505/187/371 461/188/275
f 504/185/370 461/188/275 459/186/273
f 505/187/371 506/189/372 463/190/277
f 505/187/371 463/190/277 461/188/275
f 506/189/372 507/191/373 465/192/279
f 506/189/372 465/192/279 463/190/277
f 507/191/373 508/193/374 467/194/281
f 507/191/373 467/194/281 465/192/279
f 508/193/374 509/195/375 469/196/376
f 508/193/374 469/196/376 467/194/281
f 509/195/375 510/197/377 471/198/285
f 509/195/375 471/198/285 469/196/376
f 510/197/377 511/199/378 473/200/287
f 510/197/377 473/200/287 471/198/285
f 511/199/378 512/201/379 475/202/289
f 511/199/378 475/202/289 473/200/287
f 512/201/379 513/203/380 477/204/291
f 512/201/379 477/204/291 475/202/289
f 513/203/380 514/205/381 480/206/293
f 513/203/380 480/206/293 477/204/291
f 514/205/381 515/207/382 482/208/383
f 514/205/381 482/208/383 480/206/293
f 515/207/382 516/209/384 484/210/329
f 515/207/382 484/210/329 482/208/383
f 516/209/384 486/147/347 423/150/236
f 516/209/384 423/150/236 484/210/329
f 326/81/299 329/80/298 485/148/348
f 326/81/299 485/148/348 486/147/347
f 329/80/298 332/79/297 487/151/349
f 329/80/298 487/151/349 485/148/348
f 332/79/297 335/110/328 488/153/350
f 332/79/297 488/153/350 487/151/349
f 335/110/328 338/109/327 489/155/351
f 335/110/328 489/155/351 488/153/350
f 338/109/327 341/108/326 490/157/352
f 338/109/327 490/157/352 489/155/351
f 341/108/326 344/107/325 491/159/353
f 341/108/326 491/159/353 490/157/352
f 344/107/325 347/106/324 492/161/354
f 344/107/325 492/161/354 491/159/353
f 347/106/324 350/105/323 493/163/355
f 347/106/324 493/163/355 492/161/354
f 350/105/323 353/104/322 494/165/357
f 350/105/323 494/165/357 493/163/355
f 353/104/322 356/103/321 495/167/358
f 353/104/322 495/167/358 494/165/357
f 356/103/321 359/102/320 496/169/359
f 356/103/321 496/169/359 495/167/358
f 359/102/320 362/101/319 497/171/361
f 359/102/320 497/171/361 496/169/359
f 362/101/319 365/100/318 498/173/362
f 362/101/319 498/173/362 497/171/361
f 365/100/318 368/99/317 499/175/364
f 365/100/318 499/175/364 498/173/362
f 368/99/317 371/98/316 500/177/366
f 368/99/317 500/177/366 499/175/364
f 371/98/316 374/97/315 501/179/367
f 371/98/316 501/179/367 500/177/366
f 374/97/315 377/96/314 502/181/368
f 374/97/315 502/181/368 501/179/367
f 377/96/314 380/95/313 503/183/369
f 377/96/314 503/183/369 502/181/368
f 380/95/313 383/94/312 504/185/370
f 380/95/313 504/185/370 503/183/369
f 383/94/312 386/93/311 505/187/371
f 383/94/312 505/187/371 504/185/370
f 386/93/311 389/92/310 506/189/372
f 386/93/311 506/189/372 505/187/371
f 389/92/310 392/91/309 507/191/373
f 389/92/310 507/191/373 506/189/372
f 392/91/309 395/90/308 508/193/374
f 392/91/309 508/193/374 507/191/373
f 395/90/308 398/89/307 509/195/375
f 395/90/308 509/195/375 508/193/374
f 398/89/307 401/88/306 510/197/377
f 398/89/307 510/197/377 509/195/375
f 401/88/306 404/87/305 511/199/378
f 401/88/306 511/199/378 510/197/377
f 404/87/305 407/86/304 512/201/379
f 404/87/305 512/201/379 511/199/378
f 407/86/304 410/85/303 513/203/380
f 407/86/304 513/203/380 512/201/379
f 410/85/303 413/84/302 514/205/381
f 410/85/303 514/205/381 513/203/380
f 413/84/302 416/83/301 515/207/382
f 413/84/302 515/207/382 514/205/381
f 416/83/301 419/82/300 516/209/384
f 416/83/301 516/209/384 515/207/382
f 419/82/300 326/81/299 486/147/347
f 419/82/300 486/147/347 516/209/384
s 0
f 518/25/385 521/26/385 528/27/385
f 518/25/385 528/27/385 525/28/385
f 524/28/386 527/27/386 535/29/386
f 524/28/386 535/29/386 532/30/386
f 531/30/387 534/29/387 542/31/387
s 1
f 531/30/387 542/31/387 539/32/387
s 0
f 538/32/388 541/31/388 549/33/388
f 538/32/388 549/33/388 546/23/388
f 545/23/389 548/33/389 556/34/389
f 545/23/389 556/34/389 553/35/389
f 552/35/390 555/34/390 563/36/390
f 552/35/390 563/36/390 560/37/390
f 559/37/391 562/36/391 570/38/391
f 559/37/391 570/38/391 567/39/391
f 566/39/392 569/38/392 577/40/392
f 566/39/392 577/40/392 574/15/392
f 573/15/393 576/40/393 583/41/393
f 573/15/394 583/41/394 580/42/394
f 581/42/395 584/41/395 590/43/395
f 581/42/395 590/43/395 587/13/395
f 588/13/396 591/43/396 597/44/396
f 588/13/396 597/44/396 594/45/396
f 595/45/397 598/44/397 604/46/397
f 595/45/397 604/46/397 601/5/397
f 602/5/398 605/46/398 611/47/398
f 602/5/398 611/47/398 608/48/398
f 609/48/399 612/47/399 618/49/399
f 609/48/399 618/49/399 615/50/399
s 1
f 616/50/400 619/49/400 625/51/400
s 0
f 616/50/400 625/51/400 622/52/400
f 623/52/401 626/51/401 632/53/401
f 623/52/401 632/53/401 629/54/401
f 630/54/402 633/53/402 640/55/402
f 630/54/402 640/55/402 637/56/402
f 636/56/403 639/55/403 647/57/403
f 636/56/403 647/57/403 644/58/403
f 643/58/404 646/57/404 654/59/404
f 643/58/404 654/59/404 651/60/404
f 650/60/405 653/59/405 661/61/405
f 650/60/405 661/61/405 658/6/405
f 657/6/406 660/61/406 668/62/406
f 657/6/406 668/62/406 665/63/406
f 664/63/407 667/62/407 675/64/407
f 664/63/407 675/64/407 672/10/407
f 671/10/408 674/64/408 682/65/408
f 671/10/408 682/65/408 679/66/408
f 678/66/409 681/65/409 689/67/409
f 678/66/409 689/67/409 686/9/409
f 685/9/410 688/67/410 695/68/410
f 685/9/410 695/68/410 692/69/410
f 693/69/411 696/68/411 702/70/411
f 693/69/411 702/70/411 699/71/411
f 700/71/412 703/70/412 709/72/412
f 700/71/412 709/72/412 706/73/412
f 707/73/413 710/72/413 716/74/413
f 707/73/413 716/74/413 713/24/413
f 714/24/414 717/74/414 723/75/414
f 714/24/414 723/75/414 720/76/414
f 721/76/415 724/75/415 730/77/415
s 1
f 721/76/415 730/77/415 727/78/415
s 0
f 551/33/416 543/31/416 755/31/416
f 551/33/416 755/31/416 760/33/416
s 1
f 728/78/417 731/77/417 737/111/417
s 0
f 728/78/417 737/111/417 734/112/417
f 735/112/418 738/111/418 520/113/418
f 735/112/418 520/113/418 517/114/418
f 736/115/419 519/116/419 526/117/419
f 526/117/419 533/118/419 540/119/419
f 540/119/419 547/120/419 554/121/419
f 554/121/419 561/122/419 568/123/419
f 568/123/419 575/124/419 582/125/419
f 582/125/419 589/126/419 596/127/419
f 596/127/419 603/128/419 610/129/419
f 610/129/419 617/130/419 624/131/419
f 624/131/419 631/132/419 638/133/419
f 638/133/419 645/134/419 652/135/419
f 652/135/419 659/136/419 666/137/419
f 666/137/419 673/138/419 680/139/419
f 680/139/419 687/140/419 694/141/419
f 694/141/419 701/142/419 708/143/419
f 708/143/419 715/144/419 722/145/419
f 722/145/419 729/146/419 736/115/419
f 736/115/419 526/117/419 540/119/419
f 540/119/419 554/121/419 568/123/419
f 568/123/419 582/125/419 596/127/419
f 596/127/419 610/129/419 624/131/419
f 624/131/419 638/133/419 652/135/419
f 652/135/419 666/137/419 680/139/419
f 680/139/419 694/141/419 708/143/419
f 708/143/419 722/145/419 736/115/419
f 736/115/419 540/119/419 568/123/419
f 568/123/419 596/127/419 624/131/419
f 624/131/419 652/135/419 680/139/419
f 680/139/419 708/143/419 736/115/419
f 736/115/419 568/123/419 624/131/419
f 624/131/419 680/139/419 736/115/419
s 1
f 835/65/420 832/64/421 960/64/421
f 835/65/420 960/64/421 963/65/422
s 0
f 613/47/423 607/46/423 792/46/423
f 613/47/423 792/46/423 795/47/423
f 677/64/424 669/62/424 826/62/424
f 677/64/424 826/62/424 830/64/424
f 739/111/425 733/77/425 864/77/425
f 739/111/425 864/77/425 867/111/425
f 585/41/426 578/40/426 773/40/426
f 585/41/426 773/40/426 777/41/426
f 649/57/427 641/55/427 811/55/427
f 649/57/428 811/55/428 816/57/428
f 711/72/429 705/70/429 846/70/429
f 711/72/429 846/70/429 850/72/429
f 558/34/430 550/33/430 759/33/430
f 558/34/430 759/33/430 763/34/430
f 620/49/431 614/47/431 796/47/431
f 620/49/431 796/47/431 799/49/431
f 684/65/432 676/64/432 829/64/432
f 684/65/432 829/64/432 834/65/432
f 530/27/433 523/26/433 744/26/433
f 530/27/433 744/26/433 748/27/433
f 522/113/434 740/111/434 868/111/434
f 522/113/434 868/111/434 743/113/434
f 592/43/435 586/41/435 778/41/435
f 592/43/436 778/41/436 781/43/436
f 656/59/437 648/57/437 815/57/437
f 656/59/437 815/57/437 820/59/437
f 718/74/438 712/72/438 851/72/438
f 718/74/438 851/72/438 855/74/438
f 565/36/439 557/34/439 762/34/439
f 565/36/439 762/34/439 766/36/439
f 627/51/440 621/49/440 800/49/440
f 627/51/440 800/49/440 803/51/440
f 691/67/441 683/65/441 833/65/441
f 691/67/441 833/65/441 838/67/441
f 537/29/442 529/27/442 747/27/442
f 537/29/442 747/27/442 752/29/442
f 599/44/443 593/43/443 782/43/443
f 599/44/443 782/43/443 786/44/443
f 663/61/444 655/59/444 819/59/444
f 663/61/444 819/59/444 824/61/444
f 725/75/445 719/74/445 856/74/445
f 725/75/445 856/74/445 859/75/445
f 572/38/446 564/36/446 765/36/446
f 572/38/446 765/36/446 770/38/446
f 634/53/447 628/51/447 804/51/447
f 634/53/447 804/51/447 807/53/447
f 697/68/448 690/67/448 837/67/448
f 697/68/448 837/67/448 841/68/448
f 544/31/449 536/29/449 751/29/449
f 544/31/449 751/29/449 756/31/449
f 606/46/450 600/44/450 787/44/450
f 606/46/450 787/44/450 791/46/450
f 670/62/451 662/61/451 823/61/451
f 670/62/451 823/61/451 827/62/451
f 732/77/452 726/75/452 860/75/452
f 732/77/452 860/75/452 863/77/452
f 579/40/453 571/38/453 769/38/453
f 579/40/453 769/38/453 774/40/453
f 642/55/454 635/53/454 808/53/454
f 642/55/454 808/53/454 812/55/454
f 704/70/455 698/68/455 842/68/455
f 704/70/456 842/68/456 845/70/456
s 1
f 974/70/457 969/68/457 1097/68/457
s 0
f 974/70/457 1097/68/457 1102/70/457
s 1
f 784/43/458 779/41/459 907/41/460
f 784/43/458 907/41/460 912/43/461
f 840/67/462 836/65/463 964/65/464
f 840/67/462 964/65/464 968/67/465
f 788/44/466 783/43/467 911/43/468
f 788/44/466 911/43/468 916/44/469
f 844/68/470 839/67/470 967/67/471
f 844/68/470 967/67/471 972/68/472
f 789/46/473 785/44/473 915/44/474
f 789/46/473 915/44/474 919/46/475
f 848/70/476 843/68/477 971/68/478
f 848/70/476 971/68/478 976/70/479
f 793/47/480 790/46/481 920/46/482
f 793/47/480 920/46/482 923/47/483
f 852/72/484 847/70/485 975/70/486
f 852/72/484 975/70/486 980/72/487
f 797/49/488 794/47/489 924/47/490
f 797/49/488 924/47/490 927/49/491
f 746/27/492 742/26/493 872/26/493
f 746/27/492 872/26/493 876/27/493
f 853/74/494 849/72/494 979/72/495
f 853/74/494 979/72/495 983/74/496
f 801/51/497 798/49/497 928/49/498
f 801/51/497 928/49/498 931/51/498
f 750/29/499 745/27/500 875/27/501
f 750/29/499 875/27/501 880/29/501
f 857/75/502 854/74/503 984/74/504
f 857/75/502 984/74/504 987/75/504
f 805/53/505 802/51/506 932/51/506
f 805/53/505 932/51/506 935/53/506
f 754/31/507 749/29/507 879/29/508
f 754/31/507 879/29/508 884/31/508
f 861/77/509 858/75/510 988/75/511
f 861/77/509 988/75/511 991/77/512
f 810/55/513 806/53/514 936/53/514
f 810/55/513 936/53/514 940/55/514
f 758/33/515 753/31/515 883/31/516
f 758/33/515 883/31/516 888/33/517
f 865/111/518 862/77/519 992/77/518
f 865/111/518 992/77/518 995/111/518
f 814/57/520 809/55/521 939/55/522
f 814/57/520 939/55/522 944/57/520
f 761/34/523 757/33/524 887/33/525
f 761/34/523 887/33/525 891/34/526
f 741/113/527 866/111/527 996/111/527
f 741/113/527 996/111/527 871/113/527
f 818/59/528 813/57/528 943/57/529
f 818/59/528 943/57/529 948/59/529
f 767/36/530 764/34/531 892/34/532
f 767/36/530 892/34/532 895/36/532
f 822/61/533 817/59/533 947/59/533
f 822/61/533 947/59/533 952/61/533
f 771/38/534 768/36/535 896/36/534
f 771/38/534 896/36/534 899/38/536
f 825/62/537 821/61/537 951/61/538
f 825/62/537 951/61/538 955/62/539
f 776/40/540 772/38/541 900/38/542
f 776/40/540 900/38/542 904/40/543
f 831/64/544 828/62/545 956/62/546
f 831/64/544 956/62/546 959/64/546
f 780/41/547 775/40/548 903/40/549
f 780/41/547 903/40/549 908/41/548
s 0
f 1055/49/550 1052/47/550 1165/47/550
f 1055/49/550 1165/47/550 1167/49/550
f 922/47/551 917/46/551 1045/46/551
f 922/47/551 1045/46/551 1050/47/551
f 978/72/552 973/70/552 1101/70/552
f 978/72/552 1101/70/552 1106/72/552
f 926/49/553 921/47/553 1049/47/553
f 926/49/553 1049/47/553 1054/49/553
f 874/27/554 869/26/554 997/26/554
f 874/27/554 997/26/554 1002/27/554
f 982/74/555 977/72/555 1105/72/555
f 982/74/555 1105/72/555 1110/74/555
f 930/51/556 925/49/556 1053/49/556
f 930/51/556 1053/49/556 1058/51/556
f 877/29/557 873/27/557 1001/27/557
f 877/29/557 1001/27/557 1005/29/557
f 986/75/558 981/74/558 1109/74/558
f 986/75/558 1109/74/558 1114/75/558
f 934/53/559 929/51/559 1057/51/559
f 934/53/559 1057/51/559 1062/53/559
f 881/31/560 878/29/560 1006/29/560
f 881/31/560 1006/29/560 1009/31/560
f 990/77/561 985/75/561 1113/75/561
f 990/77/561 1113/75/561 1118/77/561
f 938/55/562 933/53/562 1061/53/562
f 938/55/562 1061/53/562 1066/55/562
f 885/33/563 882/31/563 1010/31/563
f 885/33/563 1010/31/563 1013/33/563
f 994/111/564 989/77/564 1117/77/564
f 994/111/564 1117/77/564 1122/111/564
f 942/57/565 937/55/565 1065/55/565
f 942/57/565 1065/55/565 1070/57/565
f 889/34/566 886/33/566 1014/33/566
f 889/34/566 1014/33/566 1017/34/566
f 870/113/567 993/111/567 1121/111/567
f 870/113/567 1121/111/567 998/113/567
f 945/59/568 941/57/568 1069/57/568
f 945/59/568 1069/57/568 1073/59/568
f 893/36/569 890/34/569 1018/34/569
f 893/36/569 1018/34/569 1021/36/569
f 949/61/570 946/59/570 1074/59/570
f 949/61/570 1074/59/570 1077/61/570
f 897/38/571 894/36/571 1022/36/571
f 897/38/571 1022/36/571 1025/38/571
f 953/62/572 950/61/572 1078/61/572
f 953/62/572 1078/61/572 1081/62/572
f 901/40/573 898/38/573 1026/38/573
f 901/40/573 1026/38/573 1029/40/573
f 957/64/574 954/62/574 1082/62/574
f 957/64/574 1082/62/574 1085/64/574
f 906/41/575 902/40/575 1030/40/575
s 1
f 906/41/576 1030/40/576 1034/41/576
s 0
f 961/65/577 958/64/577 1086/64/577
f 961/65/577 1086/64/577 1089/65/577
s 1
f 910/43/578 905/41/578 1033/41/578
s 0
f 910/43/578 1033/41/578 1038/43/578
f 965/67/579 962/65/579 1090/65/579
f 965/67/579 1090/65/579 1093/67/579
f 914/44/580 909/43/580 1037/43/580
f 914/44/580 1037/43/580 1042/44/580
f 970/68/581 966/67/581 1094/67/581
f 970/68/581 1094/67/581 1098/68/581
f 918/46/582 913/44/582 1041/44/582
f 918/46/582 1041/44/582 1046/46/582
f 1133/152/583 1127/149/583 1130/150/583
f 1130/150/584 1220/210/584 1217/208/584
f 1217/208/585 1214/206/585 1211/204/585
f 1211/204/584 1208/202/584 1205/200/584
f 1205/200/584 1202/198/584 1199/196/584
f 1199/196/584 1196/194/584 1193/192/584
f 1193/192/586 1190/190/586 1187/188/586
f 1187/188/584 1184/186/584 1181/184/584
f 1181/184/587 1178/182/587 1175/180/587
f 1175/180/584 1172/178/584 1169/176/584
f 1169/176/586 1166/174/586 1163/172/586
f 1163/172/584 1160/170/584 1157/168/584
f 1157/168/584 1154/166/584 1151/164/584
f 1151/164/584 1148/162/584 1145/160/584
f 1145/160/585 1142/158/585 1139/156/585
f 1139/156/584 1136/154/584 1133/152/584
f 1133/152/584 1130/150/584 1217/208/584
f 1217/208/584 1211/204/584 1205/200/584
f 1205/200/584 1199/196/584 1193/192/584
f 1193/192/584 1187/188/584 1181/184/584
f 1181/184/584 1175/180/584 1169/176/584
f 1169/176/584 1163/172/584 1157/168/584
f 1157/168/584 1151/164/584 1145/160/584
f 1145/160/584 1139/156/584 1133/152/584
f 1133/152/584 1217/208/584 1205/200/584
f 1205/200/584 1193/192/584 1181/184/584
f 1181/184/584 1169/176/584 1157/168/584
f 1157/168/584 1145/160/584 1133/152/584
f 1133/152/584 1205/200/584 1181/184/584
f 1181/184/584 1157/168/584 1133/152/584
f 1003/27/588 1000/26/588 1129/26/588
f 1003/27/588 1129/26/588 1125/27/588
f 1111/74/589 1108/72/589 1207/72/589
f 1111/74/589 1207/72/589 1209/74/589
f 1059/51/590 1056/49/590 1168/49/590
f 1059/51/590 1168/49/590 1170/51/590
f 1007/29/591 1004/27/591 1126/27/591
f 1007/29/591 1126/27/591 1131/29/591
f 1115/75/592 1112/74/592 1210/74/592
f 1115/75/592 1210/74/592 1212/75/592
f 1063/53/593 1060/51/593 1171/51/593
f 1063/53/593 1171/51/593 1173/53/593
f 1012/31/594 1008/29/594 1132/29/594
f 1012/31/594 1132/29/594 1135/31/594
f 1119/77/595 1116/75/595 1213/75/595
f 1119/77/595 1213/75/595 1215/77/595
f 1067/55/596 1064/53/596 1174/53/596
f 1067/55/596 1174/53/596 1176/55/596
f 1016/33/597 1011/31/597 1134/31/597
s 1
f 1016/33/597 1134/31/597 1138/33/597
s 0
f 1123/111/598 1120/77/598 1216/77/598
f 1123/111/598 1216/77/598 1218/111/598
f 1071/57/599 1068/55/599 1177/55/599
f 1071/57/599 1177/55/599 1179/57/599
f 1020/34/600 1015/33/600 1137/33/600
f 1020/34/600 1137/33/600 1141/34/600
f 999/113/601 1124/111/601 1219/111/601
f 999/113/601 1219/111/601 1128/113/601
f 1076/59/602 1072/57/602 1180/57/602
f 1076/59/602 1180/57/602 1183/59/602
f 1024/36/603 1019/34/603 1140/34/603
f 1024/36/603 1140/34/603 1144/36/603
f 1080/61/604 1075/59/604 1182/59/604
f 1080/61/604 1182/59/604 1186/61/604
f 1028/38/605 1023/36/605 1143/36/605
f 1028/38/605 1143/36/605 1147/38/605
f 1084/62/606 1079/61/606 1185/61/606
f 1084/62/606 1185/61/606 1189/62/606
f 1032/40/607 1027/38/607 1146/38/607
f 1032/40/608 1146/38/608 1150/40/608
f 1088/64/609 1083/62/609 1188/62/609
f 1088/64/609 1188/62/609 1192/64/609
f 1036/41/610 1031/40/610 1149/40/610
f 1036/41/611 1149/40/611 1153/41/611
f 1092/65/612 1087/64/612 1191/64/612
f 1092/65/612 1191/64/612 1195/65/612
f 1040/43/613 1035/41/613 1152/41/613
f 1040/43/613 1152/41/613 1156/43/613
f 1096/67/614 1091/65/614 1194/65/614
f 1096/67/614 1194/65/614 1198/67/614
f 1043/44/615 1039/43/615 1155/43/615
f 1043/44/615 1155/43/615 1158/44/615
f 1100/68/616 1095/67/616 1197/67/616
f 1100/68/616 1197/67/616 1201/68/616
f 1047/46/617 1044/44/617 1159/44/617
f 1047/46/617 1159/44/617 1161/46/617
f 1104/70/618 1099/68/618 1200/68/618
f 1104/70/619 1200/68/619 1204/70/619
f 1051/47/620 1048/46/620 1162/46/620
f 1051/47/620 1162/46/620 1164/47/620
f 1107/72/621 1103/70/621 1203/70/621
f 1107/72/621 1203/70/621 1206/72/621
f 1222/25/622 1225/26/622 1231/27/622
f 1222/25/622 1231/27/622 1228/28/622
f 1229/28/623 1232/27/623 1238/29/623
f 1229/28/623 1238/29/623 1235/30/623
f 1236/30/624 1239/29/624 1245/31/624
f 1236/30/624 1245/31/624 1242/32/624
f 1243/32/625 1246/31/625 1252/33/625
f 1243/32/625 1252/33/625 1249/23/625
f 1250/23/626 1253/33/626 1260/34/626
f 1250/23/626 1260/34/626 1257/35/626
f 1256/35/627 1259/34/627 1267/36/627
f 1256/35/627 1267/36/627 1264/37/627
f 1263/37/628 1266/36/628 1274/38/628
s 1
f 1263/37/629 1274/38/629 1271/39/629
s 0
f 1270/39/630 1273/38/630 1281/40/630
f 1270/39/630 1281/40/630 1278/15/630
f 1277/15/631 1280/40/631 1288/41/631
f 1277/15/631 1288/41/631 1285/42/631
f 1284/42/632 1287/41/632 1295/43/632
f 1284/42/633 1295/43/633 1292/13/633
f 1291/13/634 1294/43/634 1302/44/634
s 1
f 1291/13/634 1302/44/634 1299/45/634
s 0
f 1298/45/635 1301/44/635 1308/46/635
f 1298/45/635 1308/46/635 1305/5/635
f 1306/5/636 1309/46/636 1315/47/636
s 1
f 1306/5/636 1315/47/636 1312/48/636
s 0
f 1313/48/637 1316/47/637 1322/49/637
f 1313/48/637 1322/49/637 1319/50/637
f 1320/50/638 1323/49/638 1329/51/638
f 1320/50/638 1329/51/638 1326/52/638
f 1327/52/639 1330/51/639 1336/53/639
f 1327/52/639 1336/53/639 1333/54/639
f 1334/54/640 1337/53/640 1343/55/640
f 1334/54/640 1343/55/640 1340/56/640
f 1341/56/641 1344/55/641 1350/57/641
f 1341/56/642 1350/57/642 1347/58/642
f 1348/58/643 1351/57/643 1357/59/643
f 1348/58/643 1357/59/643 1354/60/643
f 1355/60/644 1358/59/644 1364/61/644
f 1355/60/644 1364/61/644 1361/6/644
f 1362/6/645 1365/61/645 1372/62/645
f 1362/6/645 1372/62/645 1369/63/645
f 1368/63/646 1371/62/646 1379/64/646
f 1368/63/646 1379/64/646 1376/10/646
f 1375/10/647 1378/64/647 1386/65/647
s 1
f 1375/10/648 1386/65/648 1383/66/648
s 0
f 1382/66/649 1385/65/649 1393/67/649
f 1382/66/649 1393/67/649 1390/9/649
f 1389/9/650 1392/67/650 1400/68/650
f 1389/9/650 1400/68/650 1397/69/650
f 1396/69/651 1399/68/651 1407/70/651
f 1396/69/652 1407/70/652 1404/71/652
f 1403/71/653 1406/70/653 1414/72/653
f 1403/71/653 1414/72/653 1411/73/653
f 1410/73/654 1413/72/654 1420/74/654
f 1410/73/654 1420/74/654 1417/24/654
f 1418/24/655 1421/74/655 1427/75/655
s 1
f 1418/24/655 1427/75/655 1424/76/655
s 0
f 1425/76/656 1428/75/656 1434/77/656
f 1425/76/657 1434/77/657 1431/78/657
f 1254/33/658 1248/31/658 1460/31/658
f 1254/33/658 1460/31/658 1463/33/658
f 1432/78/659 1435/77/659 1441/111/659
f 1432/78/659 1441/111/659 1438/112/659
f 1439/112/660 1442/111/660 1224/113/660
f 1439/112/660 1224/113/660 1221/114/660
f 1440/115/419 1223/116/419 1230/117/419
f 1230/117/419 1237/118/419 1244/119/419
f 1244/119/419 1251/120/419 1258/121/419
f 1258/121/419 1265/122/419 1272/123/419
f 1272/123/419 1279/124/419 1286/125/419
f 1286/125/419 1293/126/419 1300/127/419
f 1300/127/419 1307/128/419 1314/129/419
f 1314/129/419 1321/130/419 1328/131/419
f 1328/131/419 1335/132/419 1342/133/419
f 1342/133/419 1349/134/419 1356/135/419
f 1356/135/419 1363/136/419 1370/137/419
f 1370/137/419 1377/138/419 1384/139/419
f 1384/139/419 1391/140/419 1398/141/419
f 1398/141/419 1405/142/419 1412/143/419
f 1412/143/419 1419/144/419 1426/145/419
f 1426/145/419 1433/146/419 1440/115/419
f 1440/115/419 1230/117/419 1244/119/419
f 1244/119/419 1258/121/419 1272/123/419
f 1272/123/419 1286/125/419 1300/127/419
f 1300/127/419 1314/129/419 1328/131/419
f 1328/131/419 1342/133/419 1356/135/419
f 1356/135/419 1370/137/419 1384/139/419
f 1384/139/419 1398/141/419 1412/143/419
f 1412/143/419 1426/145/419 1440/115/419
f 1440/115/419 1244/119/419 1272/123/419
f 1272/123/419 1300/127/419 1328/131/419
f 1328/131/419 1356/135/419 1384/139/419
f 1384/139/419 1412/143/419 1440/115/419
f 1440/115/419 1272/123/419 1328/131/419
f 1328/131/419 1384/139/419 1440/115/419
s 1
f 1540/65/661 1535/64/662 1668/65/663
f 1535/64/662 1663/64/662 1668/65/663
s 0
f 1317/47/664 1311/46/664 1496/46/664
f 1317/47/664 1496/46/664 1499/47/664
f 1381/64/665 1373/62/665 1530/62/665
f 1381/64/665 1530/62/665 1534/64/665
f 1443/111/666 1437/77/666 1568/77/666
f 1443/111/666 1568/77/666 1571/111/666
f 1290/41/667 1282/40/667 1477/40/667
f 1290/41/667 1477/40/667 1482/41/667
f 1352/57/668 1346/55/668 1516/55/668
f 1352/57/668 1516/55/668 1519/57/668
f 1416/72/669 1408/70/669 1549/70/669
f 1416/72/669 1549/70/669 1555/72/669
f 1262/34/670 1255/33/670 1464/33/670
f 1262/34/670 1464/33/670 1467/34/670
f 1324/49/671 1318/47/671 1500/47/671
f 1324/49/671 1500/47/671 1503/49/671
f 1388/65/672 1380/64/672 1533/64/672
f 1388/65/672 1533/64/672 1538/65/672
f 1233/27/673 1227/26/673 1448/26/673
f 1233/27/673 1448/26/673 1451/27/673
f 1226/113/674 1444/111/674 1572/111/674
f 1226/113/674 1572/111/674 1447/113/674
f 1297/43/675 1289/41/675 1481/41/675
f 1297/43/675 1481/41/675 1487/43/675
f 1359/59/676 1353/57/676 1520/57/676
f 1359/59/676 1520/57/676 1523/59/676
f 1422/74/677 1415/72/677 1554/72/677
f 1422/74/677 1554/72/677 1559/74/677
f 1269/36/678 1261/34/678 1466/34/678
f 1269/36/678 1466/34/678 1470/36/678
f 1331/51/679 1325/49/679 1504/49/679
f 1331/51/679 1504/49/679 1507/51/679
f 1395/67/680 1387/65/680 1537/65/680
f 1395/67/680 1537/65/680 1542/67/680
f 1240/29/681 1234/27/681 1452/27/681
f 1240/29/681 1452/27/681 1455/29/681
f 1304/44/682 1296/43/682 1485/43/682
f 1304/44/682 1485/43/682 1491/44/682
f 1366/61/683 1360/59/683 1524/59/683
f 1366/61/683 1524/59/683 1527/61/683
f 1429/75/684 1423/74/684 1560/74/684
f 1429/75/684 1560/74/684 1563/75/684
f 1276/38/685 1268/36/685 1469/36/685
f 1276/38/685 1469/36/685 1474/38/685
f 1338/53/686 1332/51/686 1508/51/686
f 1338/53/686 1508/51/686 1511/53/686
f 1402/68/687 1394/67/687 1541/67/687
f 1402/68/687 1541/67/687 1546/68/687
f 1247/31/688 1241/29/688 1456/29/688
f 1247/31/688 1456/29/688 1459/31/688
f 1310/46/689 1303/44/689 1490/44/689
f 1310/46/689 1490/44/689 1495/46/689
f 1374/62/690 1367/61/690 1528/61/690
f 1374/62/690 1528/61/690 1531/62/690
f 1436/77/691 1430/75/691 1564/75/691
f 1436/77/691 1564/75/691 1567/77/691
f 1283/40/692 1275/38/692 1473/38/692
f 1283/40/692 1473/38/692 1478/40/692
f 1345/55/693 1339/53/693 1512/53/693
f 1345/55/693 1512/53/693 1515/55/693
f 1409/70/694 1401/68/694 1545/68/694
f 1409/70/694 1545/68/694 1551/70/694
f 1678/70/695 1674/68/695 1802/68/695
f 1678/70/695 1802/68/695 1806/70/695
s 1
f 1488/43/696 1483/41/697 1611/41/698
f 1488/43/696 1611/41/698 1616/43/699
f 1544/67/700 1539/65/700 1667/65/701
f 1544/67/700 1667/65/701 1672/67/701
f 1492/44/702 1486/43/702 1615/43/703
f 1492/44/702 1615/43/703 1620/44/704
f 1548/68/705 1543/67/706 1671/67/707
f 1548/68/705 1671/67/707 1676/68/708
f 1493/46/709 1489/44/710 1619/44/711
f 1493/46/709 1619/44/711 1623/46/712
f 1552/70/713 1547/68/714 1675/68/715
f 1552/70/713 1675/68/715 1680/70/716
f 1497/47/717 1494/46/718 1624/46/719
f 1497/47/717 1624/46/719 1627/47/717
f 1556/72/720 1550/70/720 1679/70/721
f 1556/72/720 1679/70/721 1684/72/722
f 1501/49/723 1498/47/723 1628/47/724
f 1501/49/723 1628/47/724 1631/49/725
f 1449/27/726 1446/26/727 1576/26/727
f 1449/27/726 1576/26/727 1579/27/727
f 1557/74/728 1553/72/729 1683/72/730
f 1557/74/728 1683/72/730 1687/74/731
f 1505/51/732 1502/49/733 1632/49/732
f 1505/51/732 1632/49/732 1635/51/732
f 1454/29/734 1450/27/735 1580/27/736
f 1454/29/734 1580/27/736 1584/29/736
f 1561/75/737 1558/74/738 1688/74/739
f 1561/75/737 1688/74/739 1691/75/740
f 1509/53/741 1506/51/741 1636/51/742
f 1509/53/741 1636/51/742 1639/53/742
f 1458/31/743 1453/29/743 1583/29/743
f 1458/31/743 1583/29/743 1588/31/744
f 1565/77/745 1562/75/745 1692/75/746
f 1565/77/745 1692/75/746 1695/77/747
f 1513/55/748 1510/53/748 1640/53/748
f 1513/55/748 1640/53/748 1643/55/748
f 1462/33/749 1457/31/749 1587/31/750
f 1462/33/749 1587/31/750 1592/33/749
f 1569/111/751 1566/77/752 1696/77/751
f 1569/111/751 1696/77/751 1699/111/751
f 1518/57/753 1514/55/754 1644/55/755
f 1518/57/753 1644/55/755 1648/57/755
f 1465/34/756 1461/33/757 1595/34/756
f 1461/33/757 1591/33/756 1595/34/756
f 1445/113/758 1570/111/758 1700/111/759
f 1445/113/758 1700/111/759 1575/113/759
f 1522/59/760 1517/57/761 1647/57/760
f 1522/59/760 1647/57/760 1652/59/761
f 1472/36/762 1468/34/763 1600/36/763
f 1468/34/763 1596/34/764 1600/36/763
f 1526/61/765 1521/59/766 1651/59/767
f 1526/61/765 1651/59/767 1656/61/768
f 1476/38/769 1471/36/770 1604/38/771
f 1471/36/770 1599/36/770 1604/38/771
f 1529/62/772 1525/61/773 1659/62/774
f 1525/61/773 1655/61/774 1659/62/774
f 1480/40/775 1475/38/775 1603/38/775
f 1480/40/775 1603/38/775 1608/40/775
f 1536/64/776 1532/62/777 1664/64/777
f 1532/62/777 1660/62/778 1664/64/777
f 1484/41/779 1479/40/780 1607/40/781
f 1484/41/779 1607/40/781 1612/41/779
s 0
f 1760/49/782 1755/47/782 1868/47/782
f 1760/49/782 1868/47/782 1872/49/782
f 1626/47/783 1621/46/783 1749/46/783
f 1626/47/783 1749/46/783 1754/47/783
f 1682/72/784 1677/70/784 1805/70/784
f 1682/72/784 1805/70/784 1810/72/784
f 1630/49/785 1625/47/785 1753/47/785
f 1630/49/785 1753/47/785 1758/49/785
f 1578/27/786 1573/26/786 1701/26/786
f 1578/27/786 1701/26/786 1706/27/786
f 1686/74/787 1681/72/787 1809/72/787
f 1686/74/787 1809/72/787 1814/74/787
f 1634/51/788 1629/49/788 1757/49/788
f 1634/51/788 1757/49/788 1762/51/788
f 1582/29/789 1577/27/789 1705/27/789
f 1582/29/789 1705/27/789 1710/29/789
f 1690/75/790 1685/74/790 1813/74/790
f 1690/75/790 1813/74/790 1818/75/790
f 1638/53/791 1633/51/791 1761/51/791
f 1638/53/792 1761/51/792 1766/53/792
f 1586/31/793 1581/29/793 1709/29/793
f 1586/31/793 1709/29/793 1714/31/793
f 1694/77/794 1689/75/794 1817/75/794
f 1694/77/794 1817/75/794 1822/77/794
f 1642/55/795 1637/53/795 1765/53/795
f 1642/55/795 1765/53/795 1770/55/795
f 1590/33/796 1585/31/796 1713/31/796
f 1590/33/796 1713/31/796 1718/33/796
f 1698/111/797 1693/77/797 1821/77/797
f 1698/111/798 1821/77/798 1826/111/798
f 1646/57/799 1641/55/799 1769/55/799
f 1646/57/799 1769/55/799 1774/57/799
f 1594/34/800 1589/33/800 1717/33/800
f 1594/34/800 1717/33/800 1722/34/800
f 1574/113/801 1697/111/801 1825/111/801
f 1574/113/802 1825/111/802 1702/113/802
f 1650/59/803 1645/57/803 1773/57/803
f 1650/59/803 1773/57/803 1778/59/803
f 1598/36/804 1593/34/804 1721/34/804
f 1598/36/804 1721/34/804 1726/36/804
f 1654/61/805 1649/59/805 1777/59/805
f 1654/61/805 1777/59/805 1782/61/805
f 1601/38/806 1597/36/806 1725/36/806
f 1601/38/806 1725/36/806 1729/38/806
f 1658/62/807 1653/61/807 1781/61/807
f 1658/62/807 1781/61/807 1786/62/807
f 1605/40/808 1602/38/808 1730/38/808
f 1605/40/808 1730/38/808 1733/40/808
f 1662/64/809 1657/62/809 1785/62/809
f 1662/64/809 1785/62/809 1790/64/809
f 1609/41/810 1606/40/810 1734/40/810
f 1609/41/810 1734/40/810 1737/41/810
f 1666/65/811 1661/64/811 1789/64/811
f 1666/65/811 1789/64/811 1794/65/811
f 1614/43/812 1610/41/812 1738/41/812
f 1614/43/812 1738/41/812 1742/43/812
f 1669/67/813 1665/65/813 1793/65/813
f 1669/67/813 1793/65/813 1797/67/813
f 1618/44/814 1613/43/814 1741/43/814
f 1618/44/814 1741/43/814 1746/44/814
s 1
f 1673/68/815 1670/67/815 1798/67/815
s 0
f 1673/68/815 1798/67/815 1801/68/815
f 1622/46/816 1617/44/816 1745/44/816
f 1622/46/816 1745/44/816 1750/46/816
f 1837/152/584 1831/149/584 1834/150/584
f 1834/150/584 1924/210/584 1921/208/584
f 1921/208/585 1918/206/585 1915/204/585
f 1915/204/584 1912/202/584 1909/200/584
f 1909/200/584 1906/198/584 1903/196/584
f 1903/196/584 1900/194/584 1897/192/584
f 1897/192/585 1894/190/585 1891/188/585
f 1891/188/586 1888/186/586 1885/184/586
f 1885/184/584 1882/182/584 1879/180/584
f 1879/180/584 1876/178/584 1873/176/584
f 1873/176/586 1870/174/586 1867/172/586
f 1867/172/584 1864/170/584 1861/168/584
f 1861/168/584 1858/166/584 1855/164/584
f 1855/164/584 1852/162/584 1849/160/584
f 1849/160/586 1846/158/586 1843/156/586
f 1843/156/584 1840/154/584 1837/152/584
f 1837/152/584 1834/150/584 1921/208/584
f 1921/208/584 1915/204/584 1909/200/584
f 1909/200/584 1903/196/584 1897/192/584
f 1897/192/584 1891/188/584 1885/184/584
f 1885/184/584 1879/180/584 1873/176/584
f 1873/176/584 1867/172/584 1861/168/584
f 1861/168/584 1855/164/584 1849/160/584
f 1849/160/584 1843/156/584 1837/152/584
f 1837/152/584 1921/208/584 1909/200/584
f 1909/200/584 1897/192/584 1885/184/584
f 1885/184/584 1873/176/584 1861/168/584
f 1861/168/584 1849/160/584 1837/152/584
f 1837/152/584 1909/200/584 1885/184/584
f 1885/184/584 1861/168/584 1837/152/584
f 1707/27/817 1704/26/817 1833/26/817
f 1707/27/817 1833/26/817 1829/27/817
f 1816/74/818 1811/72/818 1910/72/818
s 1
f 1816/74/818 1910/72/818 1914/74/818
s 0
f 1764/51/819 1759/49/819 1871/49/819
f 1764/51/820 1871/49/820 1875/51/820
f 1711/29/821 1708/27/821 1830/27/821
f 1711/29/821 1830/27/821 1835/29/821
f 1820/75/822 1815/74/822 1913/74/822
s 1
f 1820/75/822 1913/74/822 1917/75/822
s 0
f 1767/53/823 1763/51/823 1874/51/823
f 1767/53/823 1874/51/823 1877/53/823
f 1715/31/824 1712/29/824 1836/29/824
f 1715/31/824 1836/29/824 1838/31/824
f 1824/77/825 1819/75/825 1916/75/825
f 1824/77/825 1916/75/825 1920/77/825
f 1771/55/826 1768/53/826 1878/53/826
f 1771/55/826 1878/53/826 1880/55/826
f 1719/33/827 1716/31/827 1839/31/827
f 1719/33/827 1839/31/827 1841/33/827
f 1828/111/828 1823/77/828 1919/77/828
f 1828/111/829 1919/77/829 1923/111/829
f 1775/57/830 1772/55/830 1881/55/830
f 1775/57/830 1881/55/830 1883/57/830
f 1723/34/831 1720/33/831 1842/33/831
f 1723/34/831 1842/33/831 1844/34/831
f 1703/113/832 1827/111/832 1922/111/832
f 1703/113/832 1922/111/832 1832/113/832
f 1779/59/833 1776/57/833 1884/57/833
f 1779/59/833 1884/57/833 1886/59/833
f 1727/36/834 1724/34/834 1845/34/834
f 1727/36/834 1845/34/834 1847/36/834
f 1783/61/835 1780/59/835 1887/59/835
f 1783/61/836 1887/59/836 1889/61/836
f 1731/38/837 1728/36/837 1848/36/837
f 1731/38/837 1848/36/837 1850/38/837
f 1787/62/838 1784/61/838 1890/61/838
f 1787/62/838 1890/61/838 1892/62/838
f 1736/40/839 1732/38/839 1851/38/839
f 1736/40/839 1851/38/839 1854/40/839
f 1791/64/840 1788/62/840 1893/62/840
f 1791/64/840 1893/62/840 1895/64/840
f 1740/41/841 1735/40/841 1853/40/841
f 1740/41/841 1853/40/841 1857/41/841
f 1795/65/842 1792/64/842 1896/64/842
f 1795/65/843 1896/64/843 1898/65/843
f 1744/43/844 1739/41/844 1856/41/844
f 1744/43/844 1856/41/844 1860/43/844
f 1800/67/845 1796/65/845 1899/65/845
f 1800/67/846 1899/65/846 1902/67/846
f 1748/44/847 1743/43/847 1859/43/847
f 1748/44/848 1859/43/848 1863/44/848
f 1804/68/849 1799/67/849 1901/67/849
f 1804/68/850 1901/67/850 1905/68/850
f 1752/46/851 1747/44/851 1862/44/851
f 1752/46/851 1862/44/851 1866/46/851
f 1808/70/852 1803/68/852 1904/68/852
f 1808/70/852 1904/68/852 1908/70/852
f 1756/47/853 1751/46/853 1865/46/853
f 1756/47/853 1865/46/853 1869/47/853
f 1812/72/854 1807/70/854 1907/70/854
f 1812/72/854 1907/70/854 1911/72/854
f 1926/25/402 1929/26/402 1936/27/402
f 1926/25/402 1936/27/402 1933/28/402
f 1932/28/403 1935/27/403 1943/29/403
f 1932/28/403 1943/29/403 1940/30/403
f 1939/30/404 1942/29/404 1950/31/404
s 1
f 1939/30/404 1950/31/404 1947/32/404
s 0
f 1946/32/405 1949/31/405 1957/33/405
f 1946/32/405 1957/33/405 1954/23/405
f 1953/23/406 1956/33/406 1964/34/406
f 1953/23/406 1964/34/406 1961/35/406
f 1960/35/407 1963/34/407 1971/36/407
f 1960/35/407 1971/36/407 1968/37/407
f 1967/37/408 1970/36/408 1978/38/408
f 1967/37/408 1978/38/408 1975/39/408
f 1974/39/409 1977/38/409 1985/40/409
f 1974/39/409 1985/40/409 1982/15/409
f 1981/15/410 1984/40/410 1991/41/410
f 1981/15/855 1991/41/855 1988/42/855
f 1989/42/411 1992/41/411 1998/43/411
f 1989/42/411 1998/43/411 1995/13/411
f 1996/13/412 1999/43/412 2005/44/412
f 1996/13/412 2005/44/412 2002/45/412
f 2003/45/413 2006/44/413 2012/46/413
f 2003/45/413 2012/46/413 2009/5/413
f 2010/5/414 2013/46/414 2019/47/414
f 2010/5/414 2019/47/414 2016/48/414
f 2017/48/415 2020/47/415 2026/49/415
f 2017/48/415 2026/49/415 2023/50/415
f 2024/50/417 2027/49/417 2033/51/417
f 2024/50/417 2033/51/417 2030/52/417
f 2031/52/418 2034/51/418 2040/53/418
f 2031/52/418 2040/53/418 2037/54/418
f 2038/54/385 2041/53/385 2048/55/385
f 2038/54/385 2048/55/385 2045/56/385
f 2044/56/386 2047/55/386 2055/57/386
f 2044/56/386 2055/57/386 2052/58/386
f 2051/58/387 2054/57/387 2062/59/387
f 2051/58/387 2062/59/387 2059/60/387
f 2058/60/388 2061/59/388 2069/61/388
f 2058/60/388 2069/61/388 2066/6/388
f 2065/6/389 2068/61/389 2076/62/389
f 2065/6/389 2076/62/389 2073/63/389
f 2072/63/390 2075/62/390 2083/64/390
f 2072/63/390 2083/64/390 2080/10/390
f 2079/10/391 2082/64/391 2090/65/391
f 2079/10/391 2090/65/391 2087/66/391
f 2086/66/392 2089/65/392 2097/67/392
f 2086/66/392 2097/67/392 2094/9/392
f 2093/9/393 2096/67/393 2103/68/393
f 2093/9/393 2103/68/393 2100/69/393
f 2101/69/395 2104/68/395 2110/70/395
f 2101/69/395 2110/70/395 2107/71/395
f 2108/71/396 2111/70/396 2117/72/396
f 2108/71/396 2117/72/396 2114/73/396
f 2115/73/397 2118/72/397 2124/74/397
f 2115/73/397 2124/74/397 2121/24/397
f 2122/24/398 2125/74/398 2131/75/398
f 2122/24/398 2131/75/398 2128/76/398
f 2129/76/399 2132/75/399 2138/77/399
f 2129/76/399 2138/77/399 2135/78/399
f 1959/33/444 1951/31/444 2163/31/444
s 1
f 1959/33/444 2163/31/444 2168/33/444
s 0
f 2136/78/400 2139/77/400 2145/111/400
f 2136/78/400 2145/111/400 2142/112/400
f 2143/112/401 2146/111/401 1928/113/401
f 2143/112/401 1928/113/401 1925/114/401
f 2144/115/419 1927/116/419 1934/117/419
f 1934/117/419 1941/118/419 1948/119/419
f 1948/119/419 1955/120/419 1962/121/419
f 1962/121/419 1969/122/419 1976/123/419
f 1976/123/419 1983/124/419 1990/125/419
f 1990/125/419 1997/126/419 2004/127/419
f 2004/127/419 2011/128/419 2018/129/419
f 2018/129/419 2025/130/419 2032/131/419
f 2032/131/419 2039/132/419 2046/133/419
f 2046/133/419 2053/134/419 2060/135/419
f 2060/135/419 2067/136/419 2074/137/419
f 2074/137/419 2081/138/419 2088/139/419
f 2088/139/419 2095/140/419 2102/141/419
f 2102/141/419 2109/142/419 2116/143/419
f 2116/143/419 2123/144/419 2130/145/419
f 2130/145/419 2137/146/419 2144/115/419
f 2144/115/419 1934/117/419 1948/119/419
f 1948/119/419 1962/121/419 1976/123/419
f 1976/123/419 1990/125/419 2004/127/419
f 2004/127/419 2018/129/419 2032/131/419
f 2032/131/419 2046/133/419 2060/135/419
f 2060/135/419 2074/137/419 2088/139/419
f 2088/139/419 2102/141/419 2116/143/419
f 2116/143/419 2130/145/419 2144/115/419
f 2144/115/419 1948/119/419 1976/123/419
f 1976/123/419 2004/127/419 2032/131/419
f 2032/131/419 2060/135/419 2088/139/419
f 2088/139/419 2116/143/419 2144/115/419
f 2144/115/419 1976/123/419 2032/131/419
f 2032/131/419 2088/139/419 2144/115/419
s 1
f 2243/65/856 2240/64/535 2368/64/857
f 2243/65/856 2368/64/857 2371/65/536
s 0
f 2021/47/445 2015/46/445 2200/46/445
f 2021/47/445 2200/46/445 2203/47/445
f 2085/64/439 2077/62/439 2234/62/439
f 2085/64/439 2234/62/439 2238/64/439
f 2147/111/440 2141/77/440 2272/77/440
f 2147/111/440 2272/77/440 2275/111/440
f 1993/41/448 1986/40/448 2181/40/448
f 1993/41/448 2181/40/448 2185/41/448
f 2057/57/858 2049/55/858 2219/55/858
f 2057/57/442 2219/55/442 2224/57/442
f 2119/72/443 2113/70/443 2254/70/443
f 2119/72/443 2254/70/443 2258/72/443
f 1966/34/451 1958/33/451 2167/33/451
f 1966/34/451 2167/33/451 2171/34/451
f 2028/49/452 2022/47/452 2204/47/452
f 2028/49/452 2204/47/452 2207/49/452
f 2092/65/446 2084/64/446 2237/64/446
f 2092/65/446 2237/64/446 2242/65/446
f 1938/27/454 1931/26/454 2152/26/454
f 1938/27/454 2152/26/454 2156/27/454
f 1930/113/447 2148/111/447 2276/111/447
f 1930/113/447 2276/111/447 2151/113/447
f 2000/43/455 1994/41/455 2186/41/455
f 2000/43/456 2186/41/456 2189/43/456
f 2064/59/449 2056/57/449 2223/57/449
f 2064/59/449 2223/57/449 2228/59/449
f 2126/74/450 2120/72/450 2259/72/450
f 2126/74/450 2259/72/450 2263/74/450
f 1973/36/424 1965/34/424 2170/34/424
f 1973/36/424 2170/34/424 2174/36/424
f 2035/51/425 2029/49/425 2208/49/425
f 2035/51/425 2208/49/425 2211/51/425
f 2099/67/453 2091/65/453 2241/65/453
f 2099/67/453 2241/65/453 2246/67/453
f 1945/29/428 1937/27/428 2155/27/428
f 1945/29/427 2155/27/427 2160/29/427
f 2007/44/429 2001/43/429 2190/43/429
f 2007/44/429 2190/43/429 2194/44/429
f 2071/61/416 2063/59/416 2227/59/416
f 2071/61/416 2227/59/416 2232/61/416
f 2133/75/423 2127/74/423 2264/74/423
s 1
f 2133/75/423 2264/74/423 2267/75/423
s 0
f 1980/38/432 1972/36/432 2173/36/432
f 1980/38/432 2173/36/432 2178/38/432
f 2042/53/434 2036/51/434 2212/51/434
f 2042/53/434 2212/51/434 2215/53/434
f 2105/68/426 2098/67/426 2245/67/426
f 2105/68/426 2245/67/426 2249/68/426
f 1952/31/437 1944/29/437 2159/29/437
f 1952/31/437 2159/29/437 2164/31/437
f 2014/46/438 2008/44/438 2195/44/438
f 2014/46/438 2195/44/438 2199/46/438
f 2078/62/430 2070/61/430 2231/61/430
f 2078/62/430 2231/61/430 2235/62/430
f 2140/77/431 2134/75/431 2268/75/431
f 2140/77/431 2268/75/431 2271/77/431
f 1987/40/441 1979/38/441 2177/38/441
f 1987/40/441 2177/38/441 2182/40/441
s 1
f 2050/55/433 2043/53/433 2216/53/433
s 0
f 2050/55/433 2216/53/433 2220/55/433
f 2112/70/435 2106/68/435 2250/68/435
f 2112/70/436 2250/68/436 2253/70/436
f 2382/70/578 2377/68/578 2505/68/578
f 2382/70/578 2505/68/578 2510/70/578
s 1
f 2192/43/859 2187/41/477 2315/41/476
f 2192/43/859 2315/41/476 2320/43/479
f 2248/67/541 2244/65/541 2372/65/543
f 2248/67/541 2372/65/543 2376/67/860
f 2196/44/485 2191/43/485 2319/43/861
f 2196/44/485 2319/43/861 2324/44/862
f 2252/68/863 2247/67/548 2375/67/864
f 2252/68/863 2375/67/864 2380/68/864
f 2197/46/865 2193/44/494 2323/44/496
f 2197/46/865 2323/44/496 2327/46/866
f 2256/70/867 2251/68/459 2379/68/868
f 2256/70/867 2379/68/868 2384/70/867
f 2201/47/503 2198/46/503 2328/46/869
f 2201/47/503 2328/46/869 2331/47/504
f 2260/72/870 2255/70/870 2383/70/871
f 2260/72/870 2383/70/871 2388/72/468
f 2205/49/872 2202/47/509 2332/47/873
f 2205/49/872 2332/47/873 2335/49/512
f 2154/27/513 2150/26/514 2280/26/514
f 2154/27/513 2280/26/514 2284/27/514
f 2261/74/874 2257/72/875 2387/72/876
f 2261/74/874 2387/72/876 2391/74/877
f 2209/51/519 2206/49/519 2336/49/518
f 2209/51/519 2336/49/518 2339/51/518
f 2158/29/520 2153/27/878 2283/27/521
f 2158/29/520 2283/27/521 2288/29/520
f 2265/75/481 2262/74/481 2392/74/482
f 2265/75/481 2392/74/482 2395/75/879
f 2213/53/527 2210/51/527 2340/51/527
f 2213/53/527 2340/51/527 2343/53/527
f 2162/31/528 2157/29/528 2287/29/528
f 2162/31/528 2287/29/528 2292/31/880
f 2269/77/881 2266/75/488 2396/75/491
f 2269/77/881 2396/75/491 2399/77/491
f 2218/55/493 2214/53/493 2344/53/493
f 2218/55/493 2344/53/493 2348/55/493
f 2166/33/882 2161/31/882 2291/31/883
f 2166/33/882 2291/31/883 2296/33/882
f 2273/111/497 2270/77/497 2400/77/498
f 2273/111/497 2400/77/498 2403/111/498
f 2222/57/499 2217/55/499 2347/55/500
f 2222/57/499 2347/55/500 2352/57/499
f 2169/34/884 2165/33/537 2295/33/539
f 2169/34/884 2295/33/539 2299/34/885
f 2149/113/506 2274/111/506 2404/111/506
f 2149/113/506 2404/111/506 2279/113/506
f 2226/59/507 2221/57/507 2351/57/886
f 2226/59/507 2351/57/886 2356/59/886
f 2175/36/887 2172/34/888 2300/34/544
f 2175/36/887 2300/34/544 2303/36/546
f 2230/61/515 2225/59/515 2355/59/889
f 2230/61/515 2355/59/889 2360/61/515
f 2179/38/890 2176/36/421 2304/36/891
f 2179/38/890 2304/36/891 2307/38/892
f 2233/62/893 2229/61/523 2359/61/894
f 2233/62/893 2359/61/894 2363/62/895
f 2184/40/463 2180/38/463 2308/38/896
f 2184/40/463 2308/38/896 2312/40/896
f 2239/64/897 2236/62/898 2364/62/530
f 2239/64/897 2364/62/530 2367/64/899
f 2188/41/900 2183/40/470 2311/40/901
f 2188/41/900 2311/40/901 2316/41/472
s 0
f 2463/49/595 2460/47/595 2573/47/595
f 2463/49/595 2573/47/595 2575/49/595
f 2330/47/558 2325/46/558 2453/46/558
f 2330/47/558 2453/46/558 2458/47/558
f 2386/72/580 2381/70/580 2509/70/580
f 2386/72/580 2509/70/580 2514/72/580
f 2334/49/561 2329/47/561 2457/47/561
f 2334/49/561 2457/47/561 2462/49/561
f 2282/27/562 2277/26/562 2405/26/562
f 2282/27/562 2405/26/562 2410/27/562
f 2390/74/582 2385/72/582 2513/72/582
f 2390/74/582 2513/72/582 2518/74/582
f 2338/51/564 2333/49/564 2461/49/564
f 2338/51/564 2461/49/564 2466/51/564
f 2286/29/565 2281/27/565 2409/27/565
f 2286/29/565 2409/27/565 2414/29/565
f 2394/75/551 2389/74/551 2517/74/551
f 2394/75/551 2517/74/551 2522/75/551
f 2342/53/567 2337/51/567 2465/51/567
f 2342/53/567 2465/51/567 2470/53/567
f 2289/31/568 2285/29/568 2413/29/568
f 2289/31/568 2413/29/568 2417/31/568
f 2398/77/553 2393/75/553 2521/75/553
s 1
f 2398/77/553 2521/75/553 2526/77/553
s 0
f 2346/55/554 2341/53/554 2469/53/554
f 2346/55/554 2469/53/554 2474/55/554
f 2293/33/570 2290/31/570 2418/31/570
f 2293/33/570 2418/31/570 2421/33/570
f 2402/111/556 2397/77/556 2525/77/556
f 2402/111/556 2525/77/556 2530/111/556
f 2349/57/557 2345/55/557 2473/55/557
s 1
f 2349/57/557 2473/55/557 2477/57/557
s 0
f 2297/34/572 2294/33/572 2422/33/572
f 2297/34/572 2422/33/572 2425/34/572
f 2278/113/559 2401/111/559 2529/111/559
f 2278/113/559 2529/111/559 2406/113/559
f 2353/59/560 2350/57/560 2478/57/560
f 2353/59/560 2478/57/560 2481/59/560
f 2301/36/574 2298/34/574 2426/34/574
s 1
f 2301/36/574 2426/34/574 2429/36/574
s 0
f 2357/61/563 2354/59/563 2482/59/563
f 2357/61/563 2482/59/563 2485/61/563
f 2305/38/577 2302/36/577 2430/36/577
f 2305/38/577 2430/36/577 2433/38/577
f 2361/62/566 2358/61/566 2486/61/566
f 2361/62/566 2486/61/566 2489/62/566
f 2309/40/579 2306/38/579 2434/38/579
f 2309/40/902 2434/38/902 2437/40/902
f 2365/64/569 2362/62/569 2490/62/569
f 2365/64/569 2490/62/569 2493/64/569
f 2314/41/581 2310/40/581 2438/40/581
f 2314/41/903 2438/40/903 2442/41/903
f 2369/65/571 2366/64/571 2494/64/571
f 2369/65/571 2494/64/571 2497/65/571
f 2318/43/457 2313/41/457 2441/41/457
f 2318/43/457 2441/41/457 2446/43/457
f 2373/67/573 2370/65/573 2498/65/573
f 2373/67/573 2498/65/573 2501/67/573
f 2322/44/552 2317/43/552 2445/43/552
f 2322/44/552 2445/43/552 2450/44/552
f 2378/68/575 2374/67/575 2502/67/575
f 2378/68/575 2502/67/575 2506/68/575
f 2326/46/555 2321/44/555 2449/44/555
f 2326/46/555 2449/44/555 2454/46/555
f 2541/152/584 2535/149/584 2538/150/584
f 2538/150/583 2628/210/583 2625/208/583
f 2625/208/584 2622/206/584 2619/204/584
f 2619/204/584 2616/202/584 2613/200/584
f 2613/200/584 2610/198/584 2607/196/584
f 2607/196/584 2604/194/584 2601/192/584
f 2601/192/586 2598/190/586 2595/188/586
f 2595/188/584 2592/186/584 2589/184/584
f 2589/184/584 2586/182/584 2583/180/584
f 2583/180/583 2580/178/583 2577/176/583
f 2577/176/585 2574/174/585 2571/172/585
f 2571/172/584 2568/170/584 2565/168/584
f 2565/168/584 2562/166/584 2559/164/584
f 2559/164/584 2556/162/584 2553/160/584
f 2553/160/585 2550/158/585 2547/156/585
f 2547/156/584 2544/154/584 2541/152/584
f 2541/152/584 2538/150/584 2625/208/584
f 2625/208/584 2619/204/584 2613/200/584
f 2613/200/584 2607/196/584 2601/192/584
f 2601/192/584 2595/188/584 2589/184/584
f 2589/184/584 2583/180/584 2577/176/584
f 2577/176/584 2571/172/584 2565/168/584
f 2565/168/584 2559/164/584 2553/160/584
f 2553/160/584 2547/156/584 2541/152/584
f 2541/152/584 2625/208/584 2613/200/584
f 2613/200/584 2601/192/584 2589/184/584
f 2589/184/584 2577/176/584 2565/168/584
f 2565/168/584 2553/160/584 2541/152/584
f 2541/152/584 2613/200/584 2589/184/584
f 2589/184/584 2565/168/584 2541/152/584
f 2411/27/596 2408/26/596 2537/26/596
f 2411/27/596 2537/26/596 2533/27/596
f 2519/74/617 2516/72/617 2615/72/617
f 2519/74/617 2615/72/617 2617/74/617
f 2467/51/598 2464/49/598 2576/49/598
f 2467/51/598 2576/49/598 2578/51/598
f 2415/29/599 2412/27/599 2534/27/599
f 2415/29/599 2534/27/599 2539/29/599
f 2523/75/620 2520/74/620 2618/74/620
f 2523/75/620 2618/74/620 2620/75/620
f 2471/53/601 2468/51/601 2579/51/601
f 2471/53/601 2579/51/601 2581/53/601
f 2420/31/602 2416/29/602 2540/29/602
f 2420/31/602 2540/29/602 2543/31/602
f 2527/77/550 2524/75/550 2621/75/550
f 2527/77/550 2621/75/550 2623/77/550
f 2475/55/588 2472/53/588 2582/53/588
f 2475/55/588 2582/53/588 2584/55/588
f 2424/33/604 2419/31/604 2542/31/604
f 2424/33/604 2542/31/604 2546/33/604
f 2531/111/590 2528/77/590 2624/77/590
f 2531/111/590 2624/77/590 2626/111/590
f 2479/57/591 2476/55/591 2585/55/591
f 2479/57/591 2585/55/591 2587/57/591
f 2428/34/606 2423/33/606 2545/33/606
f 2428/34/606 2545/33/606 2549/34/606
f 2407/113/593 2532/111/593 2627/111/593
f 2407/113/593 2627/111/593 2536/113/593
f 2484/59/594 2480/57/594 2588/57/594
f 2484/59/594 2588/57/594 2591/59/594
f 2432/36/609 2427/34/609 2548/34/609
f 2432/36/609 2548/34/609 2552/36/609
f 2488/61/597 2483/59/597 2590/59/597
f 2488/61/597 2590/59/597 2594/61/597
f 2436/38/612 2431/36/612 2551/36/612
f 2436/38/612 2551/36/612 2555/38/612
f 2492/62/600 2487/61/600 2593/61/600
f 2492/62/600 2593/61/600 2597/62/600
f 2440/40/904 2435/38/904 2554/38/904
f 2440/40/904 2554/38/904 2558/40/904
f 2496/64/603 2491/62/603 2596/62/603
f 2496/64/603 2596/62/603 2600/64/603
f 2444/41/616 2439/40/616 2557/40/616
f 2444/41/905 2557/40/905 2561/41/905
f 2500/65/605 2495/64/605 2599/64/605
f 2500/65/605 2599/64/605 2603/65/605
f 2448/43/618 2443/41/618 2560/41/618
f 2448/43/618 2560/41/618 2564/43/618
f 2504/67/607 2499/65/607 2602/65/607
f 2504/67/607 2602/65/607 2606/67/607
f 2451/44/621 2447/43/621 2563/43/621
f 2451/44/621 2563/43/621 2566/44/621
f 2508/68/611 2503/67/611 2605/67/611
f 2508/68/611 2605/67/611 2609/68/611
f 2455/46/589 2452/44/589 2567/44/589
f 2455/46/589 2567/44/589 2569/46/589
f 2512/70/613 2507/68/613 2608/68/613
f 2512/70/613 2608/68/613 2612/70/613
f 2459/47/592 2456/46/592 2570/46/592
f 2459/47/592 2570/46/592 2572/47/592
f 2515/72/615 2511/70/615 2611/70/615
f 2515/72/615 2611/70/615 2614/72/615
f 2629/25/906 2632/26/906 2640/27/906
f 2629/25/906 2640/27/906 2637/28/906
f 2636/28/907 2639/27/907 2647/29/907
f 2636/28/907 2647/29/907 2644/30/907
f 2643/30/908 2646/29/908 2654/31/908
f 2643/30/908 2654/31/908 2651/32/908
f 2650/32/909 2653/31/909 2661/33/909
f 2650/32/909 2661/33/909 2658/23/909
f 2657/23/910 2660/33/910 2668/34/910
f 2657/23/910 2668/34/910 2665/35/910
f 2664/35/911 2667/34/911 2675/36/911
f 2664/35/911 2675/36/911 2672/37/911
f 2671/37/912 2674/36/912 2681/38/912
f 2671/37/912 2681/38/912 2678/39/912
f 2679/39/913 2682/38/913 2688/40/913
f 2679/39/914 2688/40/914 2685/15/914
f 2686/15/915 2689/40/915 2695/41/915
f 2686/15/915 2695/41/915 2692/42/915
f 2693/42/916 2696/41/916 2702/43/916
f 2693/42/916 2702/43/916 2699/13/916
f 2700/13/917 2703/43/917 2709/44/917
f 2700/13/917 2709/44/917 2706/45/917
f 2707/45/918 2710/44/918 2716/46/918
f 2707/45/918 2716/46/918 2713/5/918
f 2714/5/919 2717/46/919 2723/47/919
f 2714/5/919 2723/47/919 2720/48/919
s 1
f 2721/48/920 2724/47/920 2731/49/920
s 0
f 2721/48/920 2731/49/920 2728/50/920
f 2727/50/921 2730/49/921 2738/51/921
f 2727/50/921 2738/51/921 2735/52/921
f 2734/52/922 2737/51/922 2745/53/922
f 2734/52/922 2745/53/922 2742/54/922
f 2741/54/923 2744/53/923 2752/55/923
f 2741/54/923 2752/55/923 2749/56/923
f 2748/56/924 2751/55/924 2759/57/924
f 2748/56/924 2759/57/924 2756/58/924
f 2755/58/925 2758/57/925 2766/59/925
f 2755/58/925 2766/59/925 2763/60/925
f 2762/60/926 2765/59/926 2773/61/926
f 2762/60/926 2773/61/926 2770/6/926
f 2769/6/927 2772/61/927 2780/62/927
f 2769/6/927 2780/62/927 2777/63/927
f 2776/63/928 2779/62/928 2787/64/928
f 2776/63/928 2787/64/928 2784/10/928
f 2783/10/929 2786/64/929 2793/65/929
f 2783/10/929 2793/65/929 2790/66/929
f 2791/66/930 2794/65/930 2800/67/930
f 2791/66/930 2800/67/930 2797/9/930
f 2798/9/931 2801/67/931 2807/68/931
f 2798/9/931 2807/68/931 2804/69/931
f 2805/69/932 2808/68/932 2814/70/932
f 2805/69/932 2814/70/932 2811/71/932
f 2812/71/933 2815/70/933 2821/72/933
f 2812/71/933 2821/72/933 2818/73/933
f 2819/73/934 2822/72/934 2828/74/934
f 2819/73/934 2828/74/934 2825/24/934
f 2826/24/935 2829/74/935 2835/75/935
f 2826/24/935 2835/75/935 2832/76/935
f 2833/76/936 2836/75/936 2843/77/936
f 2833/76/936 2843/77/936 2840/78/936
f 2663/33/937 2655/31/937 2867/31/937
f 2663/33/937 2867/31/937 2872/33/937
f 2839/78/938 2842/77/938 2850/111/938
f 2839/78/938 2850/111/938 2847/112/938
f 2846/112/939 2849/111/939 2633/113/939
f 2846/112/939 2633/113/939 2630/114/939
f 2848/115/419 2631/116/419 2638/117/419
f 2638/117/419 2645/118/419 2652/119/419
f 2652/119/419 2659/120/419 2666/121/419
f 2666/121/419 2673/122/419 2680/123/419
f 2680/123/419 2687/124/419 2694/125/419
f 2694/125/419 2701/126/419 2708/127/419
f 2708/127/419 2715/128/419 2722/129/419
f 2722/129/419 2729/130/419 2736/131/419
f 2736/131/419 2743/132/419 2750/133/419
f 2750/133/419 2757/134/419 2764/135/419
f 2764/135/419 2771/136/419 2778/137/419
f 2778/137/419 2785/138/419 2792/139/419
f 2792/139/419 2799/140/419 2806/141/419
f 2806/141/419 2813/142/419 2820/143/419
f 2820/143/419 2827/144/419 2834/145/419
f 2834/145/419 2841/146/419 2848/115/419
f 2848/115/419 2638/117/419 2652/119/419
f 2652/119/419 2666/121/419 2680/123/419
f 2680/123/419 2694/125/419 2708/127/419
f 2708/127/419 2722/129/419 2736/131/419
f 2736/131/419 2750/133/419 2764/135/419
f 2764/135/419 2778/137/419 2792/139/419
f 2792/139/419 2806/141/419 2820/143/419
f 2820/143/419 2834/145/419 2848/115/419
f 2848/115/419 2652/119/419 2680/123/419
f 2680/123/419 2708/127/419 2736/131/419
f 2736/131/419 2764/135/419 2792/139/419
f 2792/139/419 2820/143/419 2848/115/419
f 2848/115/419 2680/123/419 2736/131/419
f 2736/131/419 2792/139/419 2848/115/419
s 1
f 2947/65/940 2944/64/940 3072/64/940
f 2947/65/940 3072/64/940 3075/65/941
s 0
f 2725/47/942 2719/46/942 2904/46/942
f 2725/47/942 2904/46/942 2907/47/942
f 2788/64/943 2781/62/943 2938/62/943
f 2788/64/943 2938/62/943 2941/64/943
f 2852/111/944 2844/77/944 2975/77/944
f 2852/111/944 2975/77/944 2980/111/944
f 2697/41/945 2691/40/945 2886/40/945
f 2697/41/945 2886/40/945 2889/41/945
f 2761/57/946 2753/55/946 2923/55/946
f 2761/57/946 2923/55/946 2928/57/946
f 2823/72/947 2817/70/947 2958/70/947
f 2823/72/947 2958/70/947 2962/72/947
f 2670/34/948 2662/33/948 2871/33/948
s 1
f 2670/34/948 2871/33/948 2875/34/948
f 2733/49/949 2726/47/949 2908/47/949
s 0
f 2733/49/949 2908/47/949 2912/49/949
f 2795/65/950 2789/64/950 2942/64/950
f 2795/65/950 2942/64/950 2945/65/950
f 2642/27/951 2634/26/951 2855/26/951
f 2642/27/951 2855/26/951 2860/27/951
f 2635/113/952 2851/111/952 2979/111/952
f 2635/113/952 2979/111/952 2856/113/952
f 2704/43/953 2698/41/953 2890/41/953
f 2704/43/953 2890/41/953 2893/43/953
f 2768/59/954 2760/57/954 2927/57/954
f 2768/59/954 2927/57/954 2932/59/954
f 2830/74/955 2824/72/955 2963/72/955
f 2830/74/955 2963/72/955 2967/74/955
f 2676/36/956 2669/34/956 2874/34/956
f 2676/36/956 2874/34/956 2877/36/956
f 2740/51/957 2732/49/957 2911/49/957
f 2740/51/957 2911/49/957 2916/51/957
f 2802/67/958 2796/65/958 2946/65/958
f 2802/67/958 2946/65/958 2949/67/958
f 2649/29/959 2641/27/959 2859/27/959
f 2649/29/959 2859/27/959 2864/29/959
f 2711/44/960 2705/43/960 2894/43/960
f 2711/44/960 2894/43/960 2898/44/960
f 2775/61/961 2767/59/961 2931/59/961
f 2775/61/961 2931/59/961 2936/61/961
f 2837/75/962 2831/74/962 2968/74/962
f 2837/75/962 2968/74/962 2971/75/962
f 2683/38/963 2677/36/963 2878/36/963
f 2683/38/963 2878/36/963 2881/38/963
f 2747/53/964 2739/51/964 2915/51/964
f 2747/53/964 2915/51/964 2920/53/964
f 2809/68/965 2803/67/965 2950/67/965
f 2809/68/965 2950/67/965 2953/68/965
f 2656/31/966 2648/29/966 2863/29/966
f 2656/31/966 2863/29/966 2868/31/966
f 2718/46/967 2712/44/967 2899/44/967
f 2718/46/967 2899/44/967 2903/46/967
f 2782/62/968 2774/61/968 2935/61/968
f 2782/62/968 2935/61/968 2939/62/968
f 2845/77/969 2838/75/969 2972/75/969
f 2845/77/969 2972/75/969 2976/77/969
f 2690/40/970 2684/38/970 2882/38/970
f 2690/40/970 2882/38/970 2885/40/970
f 2754/55/971 2746/53/971 2919/53/971
f 2754/55/971 2919/53/971 2924/55/971
f 2816/70/972 2810/68/972 2954/68/972
f 2816/70/972 2954/68/972 2957/70/972
f 3085/70/973 3081/68/973 3209/68/973
f 3085/70/973 3209/68/973 3213/70/973
s 1
f 2896/43/974 2892/41/974 3020/41/975
f 2896/43/974 3020/41/975 3024/43/976
f 2951/67/977 2948/65/978 3076/65/977
f 2951/67/977 3076/65/977 3079/67/979
f 2900/44/980 2895/43/980 3028/44/981
f 2895/43/980 3023/43/982 3028/44/981
f 2955/68/983 2952/67/984 3080/67/985
f 2955/68/983 3080/67/985 3083/68/986
f 2901/46/987 2897/44/987 3031/46/988
f 2897/44/987 3027/44/989 3031/46/988
f 2960/70/990 2956/68/990 3084/68/991
f 2960/70/990 3084/68/991 3088/70/992
f 2906/47/993 2902/46/994 3036/47/995
f 2902/46/994 3032/46/995 3036/47/995
f 2964/72/996 2959/70/996 3092/72/996
f 2959/70/996 3087/70/997 3092/72/996
f 2910/49/998 2905/47/998 3040/49/998
f 2905/47/998 3035/47/998 3040/49/998
f 2858/27/999 2853/26/1000 2983/26/999
f 2858/27/999 2983/26/999 2988/27/1000
f 2965/74/1001 2961/72/1001 3095/74/1002
f 2961/72/1001 3091/72/1003 3095/74/1002
f 2914/51/1004 2909/49/1005 3039/49/1006
f 2914/51/1004 3039/49/1006 3044/51/1007
f 2862/29/1008 2857/27/1009 2987/27/1010
f 2862/29/1008 2987/27/1010 2992/29/1008
f 2970/75/1011 2966/74/1012 3100/75/1013
f 2966/74/1012 3096/74/1013 3100/75/1013
f 2918/53/1014 2913/51/1014 3043/51/1014
f 2918/53/1014 3043/51/1014 3048/53/1014
f 2866/31/1015 2861/29/1016 2991/29/1017
f 2866/31/1015 2991/29/1017 2996/31/1015
f 2974/77/1018 2969/75/1019 3104/77/1020
f 2969/75/1019 3099/75/1020 3104/77/1020
f 2922/55/1021 2917/53/1021 3047/53/1021
f 2922/55/1021 3047/53/1021 3052/55/1021
f 2870/33/1022 2865/31/1023 2995/31/1024
f 2870/33/1022 2995/31/1024 3000/33/1025
f 2978/111/1026 2973/77/1027 3103/77/1028
f 2978/111/1026 3103/77/1028 3108/111/1028
f 2926/57/1029 2921/55/1030 3051/55/1030
f 2926/57/1029 3051/55/1030 3056/57/1030
f 2873/34/1031 2869/33/1032 2999/33/1033
f 2873/34/1031 2999/33/1033 3003/34/1034
f 2854/113/1035 2977/111/1035 3107/111/1035
f 2854/113/1035 3107/111/1035 2984/113/1035
f 2930/59/1036 2925/57/1037 3055/57/1038
f 2930/59/1036 3055/57/1038 3060/59/1036
f 2879/36/1039 2876/34/1040 3004/34/1041
f 2879/36/1039 3004/34/1041 3007/36/1040
f 2934/61/1042 2929/59/1043 3059/59/1044
f 2934/61/1042 3059/59/1044 3064/61/1045
f 2883/38/1046 2880/36/1046 3008/36/1046
f 2883/38/1046 3008/36/1046 3011/38/1047
f 2937/62/1048 2933/61/1049 3063/61/1050
f 2937/62/1048 3063/61/1050 3067/62/1051
f 2887/40/1052 2884/38/1053 3012/38/1054
f 2887/40/1052 3012/38/1054 3015/40/1055
f 2943/64/1056 2940/62/1057 3068/62/1057
f 2943/64/1056 3068/62/1057 3071/64/1057
f 2891/41/1058 2888/40/1059 3016/40/1060
f 2891/41/1058 3016/40/1060 3019/41/1060
s 0
f 3168/49/1061 3163/47/1061 3276/47/1061
f 3168/49/1061 3276/47/1061 3280/49/1061
f 3033/47/1062 3030/46/1062 3158/46/1062
f 3033/47/1062 3158/46/1062 3161/47/1062
f 3089/72/1063 3086/70/1063 3214/70/1063
f 3089/72/1063 3214/70/1063 3217/72/1063
f 3037/49/1064 3034/47/1064 3162/47/1064
f 3037/49/1065 3162/47/1065 3165/49/1065
f 2985/27/1066 2982/26/1066 3110/26/1066
f 2985/27/1066 3110/26/1066 3113/27/1066
f 3093/74/1067 3090/72/1067 3218/72/1067
f 3093/74/1067 3218/72/1067 3221/74/1067
f 3041/51/1068 3038/49/1068 3166/49/1068
f 3041/51/1068 3166/49/1068 3169/51/1068
f 2989/29/1069 2986/27/1069 3114/27/1069
f 2989/29/1069 3114/27/1069 3117/29/1069
f 3097/75/1070 3094/74/1070 3222/74/1070
f 3097/75/1070 3222/74/1070 3225/75/1070
f 3045/53/1071 3042/51/1071 3170/51/1071
f 3045/53/1071 3170/51/1071 3173/53/1071
f 2993/31/1072 2990/29/1072 3118/29/1072
f 2993/31/1072 3118/29/1072 3121/31/1072
f 3101/77/1073 3098/75/1073 3226/75/1073
f 3101/77/1074 3226/75/1074 3229/77/1074
f 3049/55/1075 3046/53/1075 3174/53/1075
f 3049/55/1075 3174/53/1075 3177/55/1075
f 2997/33/1076 2994/31/1076 3122/31/1076
s 1
f 2997/33/1076 3122/31/1076 3125/33/1076
s 0
f 3105/111/1077 3102/77/1077 3230/77/1077
f 3105/111/1077 3230/77/1077 3233/111/1077
f 3053/57/1078 3050/55/1078 3178/55/1078
f 3053/57/1078 3178/55/1078 3181/57/1078
f 3001/34/1079 2998/33/1079 3126/33/1079
f 3001/34/1079 3126/33/1079 3129/34/1079
f 2981/113/1080 3106/111/1080 3234/111/1080
f 2981/113/1080 3234/111/1080 3109/113/1080
f 3057/59/1081 3054/57/1081 3182/57/1081
f 3057/59/1081 3182/57/1081 3185/59/1081
f 3005/36/1082 3002/34/1082 3130/34/1082
f 3005/36/1082 3130/34/1082 3133/36/1082
f 3061/61/1083 3058/59/1083 3186/59/1083
f 3061/61/1083 3186/59/1083 3189/61/1083
s 1
f 3009/38/1084 3006/36/1084 3134/36/1084
s 0
f 3009/38/1085 3134/36/1085 3137/38/1085
f 3065/62/1086 3062/61/1086 3190/61/1086
f 3065/62/1086 3190/61/1086 3193/62/1086
f 3014/40/1087 3010/38/1087 3138/38/1087
f 3014/40/1087 3138/38/1087 3142/40/1087
f 3069/64/1088 3066/62/1088 3194/62/1088
f 3069/64/1088 3194/62/1088 3197/64/1088
f 3018/41/1089 3013/40/1089 3141/40/1089
f 3018/41/1090 3141/40/1090 3146/41/1090
f 3073/65/1091 3070/64/1091 3198/64/1091
s 1
f 3073/65/1092 3198/64/1092 3201/65/1092
s 0
f 3022/43/1093 3017/41/1093 3145/41/1093
f 3022/43/1093 3145/41/1093 3150/43/1093
f 3078/67/1094 3074/65/1094 3202/65/1094
f 3078/67/1094 3202/65/1094 3206/67/1094
f 3025/44/1095 3021/43/1095 3149/43/1095
f 3025/44/1095 3149/43/1095 3153/44/1095
f 3082/68/1096 3077/67/1096 3205/67/1096
f 3082/68/1097 3205/67/1097 3210/68/1097
f 3029/46/1098 3026/44/1098 3154/44/1098
f 3029/46/1098 3154/44/1098 3157/46/1098
f 3245/152/584 3239/149/584 3242/150/584
f 3242/150/587 3332/210/587 3329/208/587
f 3329/208/584 3326/206/584 3323/204/584
f 3323/204/585 3320/202/585 3317/200/585
f 3317/200/584 3314/198/584 3311/196/584
f 3311/196/584 3308/194/584 3305/192/584
f 3305/192/586 3302/190/586 3299/188/586
f 3299/188/586 3296/186/586 3293/184/586
f 3293/184/584 3290/182/584 3287/180/584
f 3287/180/583 3284/178/583 3281/176/583
f 3281/176/584 3278/174/584 3275/172/584
f 3275/172/584 3272/170/584 3269/168/584
f 3269/168/584 3266/166/584 3263/164/584
f 3263/164/584 3260/162/584 3257/160/584
f 3257/160/585 3254/158/585 3251/156/585
f 3251/156/584 3248/154/584 3245/152/584
f 3245/152/584 3242/150/584 3329/208/584
f 3329/208/584 3323/204/584 3317/200/584
f 3317/200/584 3311/196/584 3305/192/584
f 3305/192/584 3299/188/584 3293/184/584
f 3293/184/584 3287/180/584 3281/176/584
f 3281/176/584 3275/172/584 3269/168/584
f 3269/168/584 3263/164/584 3257/160/584
f 3257/160/584 3251/156/584 3245/152/584
f 3245/152/584 3329/208/584 3317/200/584
f 3317/200/584 3305/192/584 3293/184/584
f 3293/184/584 3281/176/584 3269/168/584
f 3269/168/584 3257/160/584 3245/152/584
f 3245/152/584 3317/200/584 3293/184/584
f 3293/184/584 3269/168/584 3245/152/584
f 3116/27/1099 3111/26/1099 3240/26/1099
f 3116/27/1099 3240/26/1099 3238/27/1099
f 3224/74/1100 3219/72/1100 3318/72/1100
f 3224/74/1100 3318/72/1100 3322/74/1100
f 3172/51/1101 3167/49/1101 3279/49/1101
f 3172/51/1101 3279/49/1101 3283/51/1101
f 3120/29/1102 3115/27/1102 3237/27/1102
f 3120/29/1102 3237/27/1102 3244/29/1102
f 3228/75/1103 3223/74/1103 3321/74/1103
f 3228/75/1103 3321/74/1103 3325/75/1103
f 3176/53/1104 3171/51/1104 3282/51/1104
f 3176/53/1104 3282/51/1104 3286/53/1104
f 3123/31/1105 3119/29/1105 3243/29/1105
f 3123/31/1105 3243/29/1105 3246/31/1105
f 3232/77/1106 3227/75/1106 3324/75/1106
f 3232/77/1106 3324/75/1106 3328/77/1106
f 3180/55/1107 3175/53/1107 3285/53/1107
f 3180/55/1108 3285/53/1108 3289/55/1108
f 3127/33/1109 3124/31/1109 3247/31/1109
f 3127/33/1110 3247/31/1110 3249/33/1110
f 3236/111/1111 3231/77/1111 3327/77/1111
f 3236/111/1111 3327/77/1111 3331/111/1111
f 3184/57/1112 3179/55/1112 3288/55/1112
f 3184/57/1112 3288/55/1112 3292/57/1112
f 3131/34/1113 3128/33/1113 3250/33/1113
f 3131/34/1114 3250/33/1114 3252/34/1114
f 3112/113/1115 3235/111/1115 3330/111/1115
f 3112/113/1115 3330/111/1115 3241/113/1115
f 3187/59/1116 3183/57/1116 3291/57/1116
f 3187/59/1116 3291/57/1116 3294/59/1116
f 3135/36/1117 3132/34/1117 3253/34/1117
f 3135/36/1117 3253/34/1117 3255/36/1117
f 3191/61/1118 3188/59/1118 3295/59/1118
f 3191/61/1119 3295/59/1119 3297/61/1119
f 3139/38/1120 3136/36/1120 3256/36/1120
f 3139/38/1120 3256/36/1120 3258/38/1120
f 3195/62/1121 3192/61/1121 3298/61/1121
f 3195/62/1121 3298/61/1121 3300/62/1121
f 3143/40/1122 3140/38/1122 3259/38/1122
f 3143/40/1123 3259/38/1123 3261/40/1123
f 3199/64/1124 3196/62/1124 3301/62/1124
f 3199/64/1124 3301/62/1124 3303/64/1124
f 3147/41/1125 3144/40/1125 3262/40/1125
f 3147/41/1126 3262/40/1126 3264/41/1126
f 3203/65/1127 3200/64/1127 3304/64/1127
f 3203/65/1127 3304/64/1127 3306/65/1127
f 3151/43/1128 3148/41/1128 3265/41/1128
f 3151/43/1128 3265/41/1128 3267/43/1128
f 3207/67/1129 3204/65/1129 3307/65/1129
f 3207/67/1129 3307/65/1129 3309/67/1129
f 3156/44/1130 3152/43/1130 3268/43/1130
f 3156/44/1130 3268/43/1130 3271/44/1130
f 3211/68/1131 3208/67/1131 3310/67/1131
f 3211/68/1132 3310/67/1132 3312/68/1132
f 3160/46/1133 3155/44/1133 3270/44/1133
f 3160/46/1133 3270/44/1133 3274/46/1133
f 3215/70/1134 3212/68/1134 3313/68/1134
f 3215/70/1134 3313/68/1134 3315/70/1134
f 3164/47/1135 3159/46/1135 3273/46/1135
s 1
f 3164/47/1135 3273/46/1135 3277/47/1135
s 0
f 3220/72/1136 3216/70/1136 3316/70/1136
f 3220/72/1136 3316/70/1136 3319/72/1136
s 1
usemtl Material.002
f 3345/1/1137 3347/2/1138 3341/5/1139
f 3345/1/1137 3341/5/1139 3339/6/1140
f 3338/6/1141 3343/5/1142 3337/7/1142
f 3338/6/1141 3337/7/1142 3334/8/1143
f 3390/1/1144 3388/6/1145 3377/6/1146
f 3390/1/1144 3377/6/1146 3380/1/1146
s 0
f 3348/211/419 3353/211/419 3370/211/419
f 3348/211/419 3370/211/419 3366/211/419
s 1
f 3333/8/1147 3335/7/1148 3352/19/1149
f 3333/8/1147 3352/19/1149 3349/20/1149
s 0
f 3359/5/1150 3363/15/1150 3368/16/1150
f 3359/5/1150 3368/16/1150 3356/7/1150
s 1
f 3341/5/1139 3347/2/1138 3362/2/1151
f 3341/5/1139 3362/2/1151 3358/5/1151
f 3352/19/1149 3335/7/1148 3355/7/71
f 3352/19/1149 3355/7/71 3367/19/71
f 3336/7/1152 3342/5/1153 3360/5/1154
f 3336/7/1152 3360/5/1154 3357/7/1155
s 0
f 3383/211/419 3381/211/419 3410/211/419
f 3383/211/419 3410/211/419 3412/211/419
f 3386/6/1156 3395/8/1156 3374/8/1156
s 1
f 3386/6/1156 3374/8/1156 3379/6/1156
s 0
f 3398/211/419 3391/211/419 3381/211/419
f 3398/211/419 3381/211/419 3383/211/419
s 1
f 3394/8/71 3397/20/71 3382/20/71
s 0
f 3394/8/71 3382/20/71 3372/8/71
s 1
f 3333/8/1147 3349/20/1149 3397/20/71
f 3333/8/1147 3397/20/71 3394/8/71
s 0
f 3350/211/419 3346/211/419 3391/211/419
f 3350/211/419 3391/211/419 3398/211/419
s 1
f 3338/6/1141 3334/8/1143 3396/8/1157
f 3338/6/1141 3396/8/1157 3387/6/1157
f 3345/1/1137 3339/6/1140 3388/6/1145
f 3345/1/1137 3388/6/1145 3390/1/1144
f 3409/1/1158 3406/6/1159 3418/6/1160
f 3409/1/1158 3418/6/1160 3422/1/1161
f 3372/8/71 3382/20/71 3411/20/71
s 0
f 3372/8/71 3411/20/71 3401/8/71
s 1
f 3380/1/1146 3377/6/1146 3406/6/1159
f 3380/1/1146 3406/6/1159 3409/1/1158
s 0
f 3378/6/1162 3373/8/1162 3402/8/1162
f 3378/6/1162 3402/8/1162 3404/6/1162
s 1
f 3422/1/1161 3418/6/1160 3430/6/1146
f 3422/1/1161 3430/6/1146 3434/1/1146
f 3405/6/1163 3403/8/1163 3416/8/1164
f 3405/6/1163 3416/8/1164 3417/6/1165
s 0
f 3412/211/419 3410/211/419 3423/211/419
f 3412/211/419 3423/211/419 3425/211/419
f 3685/212/71 3673/213/71 3676/214/71
f 3685/212/71 3676/214/71 3683/215/71
f 3678/216/71 3681/217/71 3415/8/71
f 3415/8/71 3401/8/71 3411/20/71
f 3411/20/71 3424/20/71 3668/218/71
s 1
f 3411/20/71 3668/218/71 3670/219/71
s 0
f 3678/216/71 3415/8/71 3411/20/71
f 3678/216/71 3411/20/71 3670/219/71
f 3475/211/419 3473/211/419 3450/211/419
f 3475/211/419 3450/211/419 3453/211/419
s 1
f 3417/6/1165 3416/8/1164 3429/8/1166
f 3417/6/1165 3429/8/1166 3431/6/1167
s 0
f 3425/211/419 3423/211/419 3435/211/419
f 3425/211/419 3435/211/419 3439/211/419
f 3705/220/71 3701/221/71 3683/215/71
f 3683/215/71 3676/214/71 3697/222/71
f 3683/215/71 3697/222/71 3691/223/71
f 3438/20/71 3703/224/71 3705/220/71
f 3705/220/71 3683/215/71 3691/223/71
f 3705/220/71 3691/223/71 3694/225/71
f 3424/20/71 3438/20/71 3705/220/71
f 3688/226/71 3668/218/71 3424/20/71
f 3705/220/71 3694/225/71 3688/226/71
f 3688/226/71 3424/20/71 3705/220/71
f 3709/227/71 3707/228/71 3428/8/71
f 3428/8/71 3415/8/71 3681/217/71
f 3699/229/71 3709/227/71 3428/8/71
f 3428/8/71 3681/217/71 3699/229/71
s 1
f 3448/1/1168 3445/6/1169 3459/6/1170
f 3448/1/1168 3459/6/1170 3463/1/1170
s 0
f 3715/230/71 3711/231/71 3474/20/71
s 1
f 3474/20/71 3452/20/1171 3724/232/1172
f 3474/20/71 3724/232/1172 3715/230/71
f 3442/8/1173 3478/8/71 3713/233/71
f 3713/233/71 3717/234/71 3719/235/1174
f 3719/235/1174 3725/236/1175 3721/237/71
f 3719/235/1174 3721/237/71 3727/238/71
f 3732/239/71 3730/240/1176 3442/8/1173
f 3713/233/71 3719/235/1174 3727/238/71
f 3727/238/71 3732/239/71 3442/8/1173
f 3713/233/71 3727/238/71 3442/8/1173
f 3471/1/1177 3483/6/1178 3448/1/1168
f 3483/6/1178 3445/6/1169 3448/1/1168
s 0
f 3484/6/1179 3479/8/1179 3440/8/1179
f 3484/6/1179 3440/8/1179 3443/6/1179
s 1
f 3463/1/1170 3459/6/1170 3489/6/1180
f 3463/1/1170 3489/6/1180 3491/1/1181
s 0
f 3444/6/1182 3441/8/1182 3458/8/1182
f 3444/6/1182 3458/8/1182 3461/6/1182
f 3453/211/419 3450/211/419 3465/211/419
f 3453/211/419 3465/211/419 3470/211/419
s 1
f 3724/232/1172 3452/20/1171 3468/20/1183
f 3456/8/1184 3442/8/1173 3730/240/1176
f 3456/8/1184 3730/240/1176 3738/241/1185
f 3742/242/1185 3724/232/1172 3468/20/1183
f 3747/243/1185 3742/242/1185 3468/20/1183
f 3456/8/1184 3738/241/1185 3757/244/1185
f 3456/8/1184 3757/244/1185 3752/245/1185
f 3747/243/1185 3468/20/1183 3456/8/1184
f 3456/8/1184 3752/245/1185 3747/243/1185
f 3743/246/1186 3754/247/1186 3735/248/1186
f 3735/248/1186 3725/236/1175 3719/235/1174
f 3719/235/1174 3749/249/1186 3743/246/1186
f 3735/248/1186 3719/235/1174 3743/246/1186
f 3431/6/1167 3429/8/1166 3480/8/1187
f 3431/6/1167 3480/8/1187 3485/6/1187
f 3434/1/1146 3430/6/1146 3483/6/1178
f 3434/1/1146 3483/6/1178 3471/1/1177
s 0
f 3703/224/71 3438/20/71 3474/20/71
f 3703/224/71 3474/20/71 3711/231/71
s 1
f 3478/8/71 3428/8/71 3707/228/71
s 0
f 3478/8/71 3707/228/71 3713/233/71
f 3439/211/419 3435/211/419 3473/211/419
f 3439/211/419 3473/211/419 3475/211/419
f 3497/211/419 3493/211/419 3506/211/419
f 3497/211/419 3506/211/419 3511/211/419
s 1
f 3460/6/1188 3457/8/1188 3487/8/1189
f 3460/6/1188 3487/8/1189 3490/6/1190
s 0
f 3470/211/419 3465/211/419 3493/211/419
f 3470/211/419 3493/211/419 3497/211/419
s 1
f 3456/8/1184 3468/20/1183 3495/20/1191
f 3456/8/1184 3495/20/1191 3486/8/1192
f 3504/1/1193 3502/6/1194 3514/6/1195
f 3504/1/1193 3514/6/1195 3516/1/1196
f 3486/8/1192 3495/20/1191 3509/20/1197
f 3486/8/1192 3509/20/1197 3498/8/1198
f 3491/1/1181 3489/6/1180 3502/6/1194
f 3491/1/1181 3502/6/1194 3504/1/1193
f 3490/6/1190 3487/8/1189 3499/8/1199
f 3490/6/1190 3499/8/1199 3503/6/1200
f 3515/6/1201 3513/8/1202 3523/8/1203
f 3515/6/1201 3523/8/1203 3525/6/1204
f 3503/6/1200 3499/8/1199 3513/8/1202
f 3503/6/1200 3513/8/1202 3515/6/1201
s 0
f 3511/211/419 3506/211/419 3518/211/419
f 3511/211/419 3518/211/419 3521/211/419
s 1
f 3498/8/1198 3509/20/1197 3519/20/1205
f 3498/8/1198 3519/20/1205 3512/8/1206
s 0
f 3531/211/419 3528/211/419 3540/211/419
f 3531/211/419 3540/211/419 3545/211/419
f 3521/211/419 3518/211/419 3528/211/419
f 3521/211/419 3528/211/419 3531/211/419
s 1
f 3512/8/1206 3519/20/1205 3529/20/1207
f 3512/8/1206 3529/20/1207 3522/8/1208
f 3516/1/1196 3514/6/1195 3524/6/1209
f 3516/1/1196 3524/6/1209 3526/1/1210
f 3536/9/1211 3535/6/1212 3533/8/1213
f 3536/9/1211 3533/8/1213 3541/12/1211
f 3522/8/1208 3529/20/1207 3542/20/1214
f 3522/8/1208 3542/20/1214 3532/8/1214
f 3526/1/1210 3524/6/1209 3534/6/1215
f 3526/1/1210 3534/6/1215 3537/1/1216
f 3525/6/1204 3523/8/1203 3533/8/1213
f 3525/6/1204 3533/8/1213 3535/6/1212
f 3345/1/1137 3551/6/1217 3553/5/1218
f 3345/1/1137 3553/5/1218 3347/2/1138
f 3552/6/1219 3547/8/1220 3550/7/1221
f 3552/6/1219 3550/7/1221 3555/5/1221
f 3389/1/1222 3380/1/1146 3565/6/1146
f 3389/1/1222 3565/6/1146 3568/6/1223
f 3546/8/1147 3349/20/1149 3352/19/1149
f 3546/8/1147 3352/19/1149 3548/7/1148
s 0
f 3560/5/1224 3557/7/1224 3369/16/1224
f 3560/5/1224 3369/16/1224 3365/15/1224
s 1
f 3553/5/1218 3559/5/1225 3364/2/1225
f 3553/5/1218 3364/2/1225 3347/2/1138
f 3352/19/1149 3367/19/71 3556/7/71
f 3352/19/1149 3556/7/71 3548/7/1148
f 3549/7/1226 3558/7/1227 3561/5/1228
f 3549/7/1226 3561/5/1228 3554/5/1229
f 3569/6/1230 3567/6/1230 3564/8/1230
s 0
f 3569/6/1230 3564/8/1230 3572/8/1230
f 3571/8/71 3562/8/71 3382/20/71
s 1
f 3571/8/71 3382/20/71 3397/20/71
f 3546/8/1147 3571/8/71 3397/20/71
f 3546/8/1147 3397/20/71 3349/20/1149
f 3552/6/1219 3570/6/1231 3573/8/1231
f 3552/6/1219 3573/8/1231 3547/8/1220
f 3345/1/1137 3389/1/1222 3568/6/1223
f 3345/1/1137 3568/6/1223 3551/6/1217
f 3408/1/1232 3421/1/1233 3582/6/1234
f 3408/1/1232 3582/6/1234 3577/6/1235
s 0
f 3562/8/71 3574/8/71 3411/20/71
s 1
f 3562/8/71 3411/20/71 3382/20/71
f 3380/1/1146 3408/1/1232 3577/6/1235
f 3380/1/1146 3577/6/1235 3565/6/1146
s 0
f 3566/6/1236 3578/6/1236 3575/8/1236
f 3566/6/1236 3575/8/1236 3563/8/1236
s 1
f 3421/1/1233 3434/1/1146 3586/6/1146
f 3421/1/1233 3586/6/1146 3582/6/1234
f 3579/6/1237 3583/6/1238 3581/8/1239
f 3579/6/1237 3581/8/1239 3576/8/1237
s 0
f 3770/213/71 3767/250/71 3765/251/71
f 3770/213/71 3765/251/71 3778/214/71
f 3775/252/71 3773/253/71 3424/20/71
f 3424/20/71 3411/20/71 3574/8/71
f 3574/8/71 3580/8/71 3760/217/71
f 3574/8/71 3760/217/71 3762/254/71
f 3775/252/71 3424/20/71 3574/8/71
f 3574/8/71 3762/254/71 3775/252/71
s 1
f 3583/6/1238 3587/6/1240 3585/8/1241
f 3583/6/1238 3585/8/1241 3581/8/1239
s 0
f 3760/217/71 3580/8/71 3584/8/71
s 1
f 3584/8/71 3780/255/71 3782/256/71
s 0
f 3788/257/71 3760/217/71 3584/8/71
s 1
f 3584/8/71 3782/256/71 3788/257/71
s 0
f 3795/222/71 3778/214/71 3765/251/71
f 3765/251/71 3790/221/71 3784/220/71
f 3784/220/71 3786/224/71 3438/20/71
f 3424/20/71 3773/253/71 3797/258/71
f 3424/20/71 3797/258/71 3800/225/71
f 3784/220/71 3438/20/71 3424/20/71
f 3795/222/71 3765/251/71 3784/220/71
s 1
f 3792/223/71 3795/222/71 3784/220/71
s 0
f 3784/220/71 3424/20/71 3800/225/71
f 3784/220/71 3800/225/71 3792/223/71
s 1
f 3449/1/1242 3464/1/1243 3599/6/1243
f 3449/1/1242 3599/6/1243 3592/6/1244
f 3823/233/71 3603/8/71 3588/8/1245
f 3588/8/1245 3803/259/1246 3810/260/71
f 3588/8/1245 3810/260/71 3807/238/71
f 3817/261/71 3823/233/71 3588/8/1245
f 3805/236/1247 3816/235/1248 3817/261/71
f 3813/237/71 3805/236/1247 3817/261/71
f 3817/261/71 3588/8/1245 3807/238/71
s 0
f 3807/238/71 3813/237/71 3817/261/71
s 1
f 3819/262/71 3821/263/1249 3451/20/1250
f 3451/20/1250 3474/20/71 3825/264/71
f 3451/20/1250 3825/264/71 3819/262/71
f 3472/1/1251 3449/1/1242 3606/6/1252
f 3449/1/1242 3592/6/1244 3606/6/1252
s 0
f 3607/6/1253 3593/6/1253 3589/8/1253
f 3607/6/1253 3589/8/1253 3604/8/1253
s 1
f 3464/1/1243 3492/1/1254 3612/6/1255
f 3464/1/1243 3612/6/1255 3599/6/1243
s 0
f 3594/6/1256 3601/6/1256 3598/8/1256
f 3594/6/1256 3598/8/1256 3590/8/1256
s 1
f 3849/248/1257 3830/247/1257 3836/246/1257
f 3836/246/1257 3846/265/1257 3816/235/1248
f 3816/235/1248 3805/236/1247 3849/248/1257
f 3836/246/1257 3816/235/1248 3849/248/1257
f 3803/259/1246 3588/8/1245 3596/8/1258
f 3469/20/1259 3451/20/1250 3821/263/1249
f 3469/20/1259 3821/263/1249 3841/242/1260
f 3847/266/1260 3803/259/1246 3596/8/1258
f 3827/267/1260 3847/266/1260 3596/8/1258
f 3469/20/1259 3841/242/1260 3838/243/1260
f 3833/245/1260 3827/267/1260 3596/8/1258
f 3596/8/1258 3469/20/1259 3838/243/1260
f 3596/8/1258 3838/243/1260 3833/245/1260
f 3587/6/1240 3608/6/1261 3605/8/1261
f 3587/6/1240 3605/8/1261 3585/8/1241
f 3434/1/1146 3472/1/1251 3606/6/1252
f 3434/1/1146 3606/6/1252 3586/6/1146
f 3584/8/71 3603/8/71 3823/233/71
s 0
f 3584/8/71 3823/233/71 3780/255/71
f 3474/20/71 3438/20/71 3786/224/71
f 3474/20/71 3786/224/71 3825/264/71
s 1
f 3600/6/1262 3613/6/1263 3611/8/1264
f 3600/6/1262 3611/8/1264 3597/8/1262
f 3596/8/1258 3610/8/1265 3496/20/1266
f 3596/8/1258 3496/20/1266 3469/20/1259
f 3505/1/1267 3517/1/1268 3622/6/1269
f 3505/1/1267 3622/6/1269 3617/6/1270
f 3610/8/1265 3615/8/1271 3510/20/1272
f 3610/8/1265 3510/20/1272 3496/20/1266
f 3492/1/1254 3505/1/1267 3617/6/1270
f 3492/1/1254 3617/6/1270 3612/6/1255
f 3613/6/1263 3618/6/1273 3616/8/1274
f 3613/6/1263 3616/8/1274 3611/8/1264
f 3623/6/1275 3629/6/1276 3627/8/1277
f 3623/6/1275 3627/8/1277 3621/8/1278
f 3618/6/1273 3623/6/1275 3621/8/1278
f 3618/6/1273 3621/8/1278 3616/8/1274
f 3615/8/1271 3620/8/1279 3520/20/1280
f 3615/8/1271 3520/20/1280 3510/20/1272
f 3620/8/1279 3626/8/1281 3530/20/1282
f 3620/8/1279 3530/20/1282 3520/20/1280
f 3517/1/1268 3527/1/1283 3628/6/1284
f 3517/1/1268 3628/6/1284 3622/6/1269
f 3538/9/1285 3543/12/1285 3633/8/1286
f 3538/9/1285 3633/8/1286 3635/6/1287
f 3626/8/1281 3632/8/1288 3544/20/1289
f 3626/8/1281 3544/20/1289 3530/20/1282
f 3527/1/1283 3539/1/1290 3634/6/1291
f 3527/1/1283 3634/6/1291 3628/6/1284
f 3629/6/1276 3635/6/1287 3633/8/1286
f 3629/6/1276 3633/8/1286 3627/8/1277
f 3712/268/1292 3716/269/1293 3340/21/38
f 3340/21/38 3344/22/19 3706/270/1294
f 3706/270/1294 3704/271/1295 3712/268/1292
f 3340/21/38 3706/270/1294 3712/268/1292
f 3708/272/1296 3710/273/1297 3354/5/80
f 3354/5/80 3351/6/46 3718/274/1298
f 3718/274/1298 3714/275/1299 3708/272/1296
f 3354/5/80 3718/274/1298 3708/272/1296
f 3682/276/1300 3680/277/1300 3385/5/1301
f 3385/5/1301 3371/5/78 3700/278/1302
f 3385/5/1301 3700/278/1302 3682/276/1300
f 3700/278/1302 3371/5/78 3354/5/80
f 3700/278/1302 3354/5/80 3710/273/1297
f 3706/270/1294 3344/22/19 3361/22/1303
f 3706/270/1294 3361/22/1303 3702/279/1304
f 3702/279/1304 3361/22/1303 3375/22/1305
s 0
f 3375/22/1305 3686/280/1305 3684/281/1305
s 1
f 3375/22/1305 3684/281/1305 3702/279/1304
f 3689/282/1306 3413/5/1307 3400/5/1308
f 3400/5/1308 3672/283/1309 3669/284/1306
f 3400/5/1308 3669/284/1306 3689/282/1306
f 3671/283/1310 3399/5/1311 3384/5/1311
f 3671/283/1310 3384/5/1311 3679/277/1310
f 3687/280/1312 3376/22/1313 3392/22/1314
f 3687/280/1312 3392/22/1314 3674/280/1312
f 3695/285/1315 3426/5/1315 3414/5/1316
f 3695/285/1315 3414/5/1316 3690/282/1315
f 3677/286/1317 3675/280/1317 3393/22/1318
f 3393/22/1318 3407/22/1319 3698/287/1320
f 3393/22/1318 3698/287/1320 3677/286/1317
f 3692/288/1321 3419/23/1322 3427/5/1323
f 3692/288/1321 3427/5/1323 3696/285/1321
f 3698/287/1320 3407/22/1319 3420/22/1324
f 3698/287/1320 3420/22/1324 3693/289/1324
f 3750/290/1325 3436/6/1326 3455/6/1327
f 3750/290/1325 3455/6/1327 3745/291/1328
f 3741/292/1329 3433/21/1330 3340/21/38
f 3340/21/38 3716/269/1293 3723/293/1329
f 3340/21/38 3723/293/1329 3741/292/1329
f 3718/274/1298 3351/6/46 3437/6/1331
f 3437/6/1331 3751/290/1332 3720/294/1332
f 3437/6/1331 3720/294/1332 3718/274/1298
f 3753/295/1333 3462/21/1334 3447/21/1335
f 3753/295/1333 3447/21/1335 3748/296/1336
f 3746/296/1337 3446/21/1338 3432/21/1339
f 3746/296/1337 3432/21/1339 3740/292/1337
f 3744/291/1340 3454/6/1341 3467/6/1342
f 3744/291/1340 3467/6/1342 3756/297/1340
f 3726/298/1343 3737/299/1343 3482/6/1344
f 3482/6/1344 3494/6/1345 3722/298/1346
f 3482/6/1344 3722/298/1346 3726/298/1343
f 3755/297/1347 3466/6/1348 3481/6/1349
f 3755/297/1347 3481/6/1349 3736/299/1347
f 3758/300/1350 3476/21/1351 3462/21/1334
f 3758/300/1350 3462/21/1334 3753/295/1333
f 3739/301/1352 3488/21/1353 3477/21/1354
f 3739/301/1352 3477/21/1354 3759/300/1355
f 3728/302/1356 3507/6/1357 3500/24/1358
f 3728/302/1356 3500/24/1358 3733/303/1356
f 3722/298/1346 3494/6/1345 3508/6/1359
f 3722/298/1346 3508/6/1359 3729/302/1360
f 3731/304/1361 3734/305/1361 3501/21/1361
f 3501/21/1361 3488/21/1353 3739/301/1352
f 3501/21/1361 3739/301/1352 3731/304/1361
f 3785/270/1362 3595/22/115 3591/21/132
f 3591/21/132 3820/269/1363 3826/268/1364
f 3826/268/1364 3787/306/1365 3785/270/1362
f 3591/21/132 3826/268/1364 3785/270/1362
f 3818/274/1366 3602/6/1367 3609/5/175
f 3609/5/175 3783/273/1368 3781/307/1369
f 3781/307/1369 3824/308/1370 3818/274/1366
f 3609/5/175 3781/307/1369 3818/274/1366
f 3789/309/1371 3619/5/1372 3630/5/1373
f 3630/5/1373 3763/283/1374 3761/310/1374
f 3630/5/1373 3761/310/1374 3789/309/1371
f 3609/5/175 3619/5/1372 3789/309/1371
f 3609/5/175 3789/309/1371 3783/273/1368
f 3614/22/1375 3595/22/115 3785/270/1362
f 3614/22/1375 3785/270/1362 3791/311/1376
f 3769/280/1377 3625/22/1378 3614/22/1375
f 3614/22/1375 3791/311/1376 3766/312/1377
f 3614/22/1375 3766/312/1377 3769/280/1377
f 3777/277/1379 3639/5/1380 3641/5/1381
f 3641/5/1381 3798/282/1382 3774/313/1382
f 3641/5/1381 3774/313/1382 3777/277/1379
f 3764/283/1383 3631/5/196 3638/5/196
f 3764/283/1383 3638/5/196 3776/277/1383
f 3771/280/1384 3636/22/1385 3624/22/1385
f 3771/280/1384 3624/22/1385 3768/280/1386
f 3642/5/1387 3646/5/1388 3802/285/1389
f 3642/5/1387 3802/285/1389 3799/282/1389
f 3779/314/1390 3796/287/1391 3640/22/1392
f 3640/22/1392 3637/22/1393 3772/280/1390
f 3779/314/1390 3640/22/1392 3772/280/1390
f 3801/285/1394 3645/5/1395 3643/23/1396
f 3801/285/1394 3643/23/1396 3793/288/1394
f 3644/22/1397 3640/22/1392 3796/287/1391
f 3644/22/1397 3796/287/1391 3794/289/1397
f 3835/315/1398 3653/6/1399 3649/6/1400
f 3835/315/1398 3649/6/1400 3844/290/1398
f 3820/269/1363 3591/21/132 3648/21/1401
f 3648/21/1401 3843/292/1402 3822/316/1402
f 3648/21/1401 3822/316/1402 3820/269/1363
f 3845/290/1403 3650/6/1404 3602/6/1367
f 3602/6/1367 3818/274/1366 3815/317/1403
f 3602/6/1367 3815/317/1403 3845/290/1403
f 3839/318/1405 3651/21/1406 3655/21/112
f 3839/318/1405 3655/21/112 3834/295/1407
f 3842/292/1408 3647/21/1409 3652/21/1410
f 3842/292/1408 3652/21/1410 3840/318/1408
f 3832/319/1411 3657/6/1412 3654/6/1413
f 3832/319/1411 3654/6/1413 3837/315/1411
f 3806/320/1414 3814/298/1415 3663/6/107
f 3663/6/107 3661/6/1416 3851/299/1414
f 3663/6/107 3851/299/1414 3806/320/1414
f 3850/299/1417 3660/6/1418 3656/6/1419
s 0
f 3850/299/1417 3656/6/1420 3831/319/1417
s 1
f 3834/295/1407 3655/21/112 3658/21/1421
f 3834/295/1407 3658/21/1421 3828/300/1422
f 3659/21/1423 3662/21/1424 3848/321/1425
f 3659/21/1423 3848/321/1425 3829/300/1426
f 3812/303/1427 3665/24/1428 3666/6/1429
f 3812/303/1427 3666/6/1429 3808/302/1427
f 3667/6/1430 3663/6/107 3814/298/1415
f 3667/6/1430 3814/298/1415 3809/302/1431
f 3662/21/1424 3664/21/1432 3811/305/1433
f 3811/305/1433 3804/322/1434 3848/321/1425
f 3811/305/1433 3848/321/1425 3662/21/1424
s 0
f 3877/211/419 3883/211/419 3854/211/419
f 3877/211/419 3854/211/419 3857/211/419
s 1
f 3890/323/1435 3876/2/1435 3872/5/1435
f 3890/323/1435 3872/5/1435 3884/324/1435
s 0
f 3886/324/584 3873/5/584 3869/7/584
f 3886/324/584 3869/7/584 3888/325/584
f 3871/5/1436 3875/2/1436 3855/2/1436
f 3871/5/1436 3855/2/1436 3858/5/1436
f 3899/1/1437 3896/6/1437 3917/6/1437
f 3899/1/1437 3917/6/1437 3920/1/1437
f 3881/19/1438 3867/7/1438 3861/7/1438
f 3881/19/1438 3861/7/1438 3852/19/1438
f 3869/7/584 3873/5/584 3860/5/584
f 3869/7/584 3860/5/584 3863/7/584
f 3887/325/1439 3868/7/1439 3882/19/1439
f 3887/325/1439 3882/19/1439 3889/326/1439
f 3859/5/1440 3856/15/1440 3853/16/1440
f 3859/5/1440 3853/16/1440 3862/7/1440
s 1
f 3864/8/1439 3887/325/1439 3889/326/1439
s 0
f 3864/8/1439 3889/326/1439 3878/20/1439
f 3870/6/584 3886/324/584 3888/325/584
f 3870/6/584 3888/325/584 3866/8/584
f 3880/211/419 3874/211/419 3916/211/419
f 3880/211/419 3916/211/419 3913/211/419
f 3900/1/1441 3902/323/1441 3893/324/1441
f 3900/1/1441 3893/324/1441 3897/6/1441
f 3874/211/419 3892/211/419 3904/211/419
f 3874/211/419 3904/211/419 3901/211/419
f 3886/324/584 3870/6/584 3898/6/584
f 3886/324/584 3898/6/584 3895/324/584
f 3891/323/1442 3885/324/1442 3894/324/1442
f 3891/323/1442 3894/324/1442 3903/323/1442
f 3914/9/1443 3908/6/1443 3906/8/1443
f 3914/9/1443 3906/8/1443 3912/12/1443
f 3909/6/1444 3915/9/1444 3921/9/1444
f 3909/6/1444 3921/9/1444 3918/6/1444
f 3874/211/419 3901/211/419 3922/211/419
f 3874/211/419 3922/211/419 3916/211/419
f 3870/6/584 3866/8/584 3907/8/584
f 3870/6/584 3907/8/584 3910/6/584
f 3898/6/584 3870/6/584 3910/6/584
f 3898/6/584 3910/6/584 3919/6/584
s 1
f 3865/8/1445 3879/20/1445 3911/20/1445
s 0
f 3865/8/1445 3911/20/1445 3905/8/1445
s 1
f 3890/323/1435 3939/324/1435 3937/5/1435
f 3890/323/1435 3937/5/1435 3876/2/1435
s 0
f 3941/324/419 3943/325/419 3934/7/419
f 3941/324/419 3934/7/419 3938/5/419
f 3936/5/1436 3923/5/1436 3855/2/1436
f 3936/5/1436 3855/2/1436 3875/2/1436
f 3899/1/1437 3920/1/1437 3956/6/1437
f 3899/1/1437 3956/6/1437 3947/6/1437
f 3881/19/1438 3852/19/1438 3926/7/1438
f 3881/19/1438 3926/7/1438 3932/7/1438
f 3934/7/419 3928/7/419 3925/5/419
f 3934/7/419 3925/5/419 3938/5/419
f 3942/325/1439 3889/326/1439 3882/19/1439
f 3942/325/1439 3882/19/1439 3933/7/1439
f 3924/5/1440 3927/7/1440 3853/16/1440
f 3924/5/1440 3853/16/1440 3856/15/1440
f 3929/8/1439 3878/20/1439 3889/326/1439
s 1
f 3929/8/1439 3889/326/1439 3942/325/1439
s 0
f 3935/6/419 3931/8/419 3943/325/419
f 3935/6/419 3943/325/419 3941/324/419
f 3900/1/1441 3948/6/1441 3944/324/1441
f 3900/1/1441 3944/324/1441 3902/323/1441
f 3941/324/419 3946/324/419 3949/6/419
f 3941/324/419 3949/6/419 3935/6/419
f 3891/323/1442 3903/323/1442 3945/324/1442
f 3891/323/1442 3945/324/1442 3940/324/1442
f 3914/9/1443 3912/12/1443 3951/8/1443
f 3914/9/1443 3951/8/1443 3953/6/1443
f 3954/6/1444 3957/6/1444 3921/9/1444
f 3954/6/1444 3921/9/1444 3915/9/1444
f 3935/6/419 3955/6/419 3952/8/419
f 3935/6/419 3952/8/419 3931/8/419
f 3949/6/419 3958/6/419 3955/6/419
f 3949/6/419 3955/6/419 3935/6/419
f 3930/8/1445 3950/8/1445 3911/20/1445
s 1
f 3930/8/1445 3911/20/1445 3879/20/1445
f 4010/327/1446 3974/2/1446 3969/5/1446
f 4010/327/1446 3969/5/1446 4001/328/1446
s 0
f 4003/328/584 3970/5/584 4115/7/584
f 4003/328/584 4115/7/584 4129/329/584
f 3972/9/1443 3966/6/1443 3960/8/1443
f 3972/9/1443 3960/8/1443 3977/12/1443
f 4038/5/1447 4036/2/1447 4018/2/1447
f 4038/5/1447 4018/2/1447 4015/5/1447
f 4157/330/1448 3962/331/1448 4145/332/1448
f 4157/330/1448 4145/332/1448 4009/333/1448
f 3959/8/1449 4122/334/1449 4125/335/1449
s 1
f 3959/8/1449 4125/335/1449 3976/20/1449
s 0
f 3967/6/584 3982/336/584 4124/334/584
f 3967/6/584 4124/334/584 3961/8/584
f 3971/1/1450 3989/337/1450 3981/336/1450
f 3971/1/1450 3981/336/1450 3965/6/1450
f 3983/338/1451 4147/339/1451 3997/340/1451
f 3983/338/1451 3997/340/1451 4154/341/1451
f 3982/336/584 3992/342/584 4121/343/584
f 3982/336/584 4121/343/584 4124/334/584
f 3988/337/1452 3999/344/1452 3990/342/1452
f 3988/337/1452 3990/342/1452 3980/336/1452
f 4148/339/1453 4156/330/1453 4008/333/1453
f 4148/339/1453 4008/333/1453 3998/340/1453
f 3992/342/584 4003/328/584 4129/329/584
f 3992/342/584 4129/329/584 4121/343/584
f 4000/344/1454 4011/327/1454 4002/328/1454
f 4000/344/1454 4002/328/1454 3991/342/1454
f 4021/19/1455 4012/7/1455 4047/7/1455
f 4021/19/1455 4047/7/1455 4050/19/1455
f 4043/19/1456 4040/7/1456 4013/7/1456
f 4043/19/1456 4013/7/1456 4022/19/1456
f 4042/7/584 4039/5/584 4017/5/584
f 4042/7/584 4017/5/584 4014/7/584
f 4037/211/419 4045/211/419 4023/211/419
f 4037/211/419 4023/211/419 4020/211/419
f 4028/5/1457 4031/15/1457 4033/16/1457
f 4028/5/1457 4033/16/1457 4024/7/1457
f 4016/5/1458 4019/2/1458 4030/2/1458
f 4016/5/1458 4030/2/1458 4027/5/1458
f 4020/211/419 4023/211/419 4035/211/419
f 4020/211/419 4035/211/419 4032/211/419
f 4014/7/584 4017/5/584 4029/5/584
f 4014/7/584 4029/5/584 4026/7/584
f 3975/211/419 4118/211/419 4045/211/419
f 3975/211/419 4045/211/419 4037/211/419
f 4115/7/584 3970/5/584 4039/5/584
f 4115/7/584 4039/5/584 4042/7/584
f 4117/19/1459 4114/7/1459 4041/7/1459
f 4117/19/1459 4041/7/1459 4044/19/1459
f 3968/5/1447 3973/2/1447 4036/2/1447
f 3968/5/1447 4036/2/1447 4038/5/1447
f 4049/19/1460 4046/7/1460 4052/7/1460
f 4049/19/1460 4052/7/1460 4055/19/1460
f 4035/211/419 4023/211/419 4051/211/419
f 4035/211/419 4051/211/419 4057/211/419
f 4014/7/584 4026/7/584 4054/7/584
f 4014/7/584 4054/7/584 4048/7/584
f 4025/7/1461 4034/16/1461 4056/16/1461
f 4025/7/1461 4056/16/1461 4053/7/1461
s 1
f 4010/327/1446 4083/328/1446 4068/5/1446
f 4010/327/1446 4068/5/1446 3974/2/1446
s 0
f 4085/328/419 4141/329/419 4132/7/419
f 4085/328/419 4132/7/419 4069/5/419
f 3972/9/1443 3977/12/1443 4059/8/1443
f 3972/9/1443 4059/8/1443 4065/6/1443
f 4102/5/1447 4093/5/1447 4018/2/1447
f 4102/5/1447 4018/2/1447 4036/2/1447
f 4171/345/1448 4009/333/1448 4145/332/1448
f 4171/345/1448 4145/332/1448 4061/331/1448
s 1
f 4058/8/1449 3976/20/1449 4125/335/1449
s 0
f 4058/8/1449 4125/335/1449 4136/334/1449
f 4066/6/419 4060/8/419 4138/334/419
f 4066/6/419 4138/334/419 4072/336/419
f 3971/1/1450 4064/6/1450 4071/336/1450
f 3971/1/1450 4071/336/1450 3989/337/1450
f 4073/346/1451 4154/341/1451 3997/340/1451
f 4073/346/1451 3997/340/1451 4163/339/1451
f 4072/336/419 4138/334/419 4135/343/419
f 4072/336/419 4135/343/419 4078/342/419
f 3988/337/1452 4070/336/1452 4076/342/1452
f 3988/337/1452 4076/342/1452 3999/344/1452
f 4164/339/1453 3998/340/1453 4008/333/1453
f 4164/339/1453 4008/333/1453 4170/345/1453
f 4078/342/419 4135/343/419 4141/329/419
f 4078/342/419 4141/329/419 4085/328/419
f 4000/344/1454 4077/342/1454 4084/328/1454
f 4000/344/1454 4084/328/1454 4011/327/1454
f 4021/19/1455 4050/19/1455 4108/7/1455
f 4021/19/1455 4108/7/1455 4090/7/1455
f 4043/19/1456 4022/19/1456 4091/7/1456
f 4043/19/1456 4091/7/1456 4104/7/1456
f 4106/7/419 4092/7/419 4095/5/419
f 4106/7/419 4095/5/419 4103/5/419
f 4100/5/1457 4096/7/1457 4033/16/1457
f 4100/5/1457 4033/16/1457 4031/15/1457
f 4094/5/1458 4099/5/1458 4030/2/1458
f 4094/5/1458 4030/2/1458 4019/2/1458
f 4092/7/419 4098/7/419 4101/5/419
f 4092/7/419 4101/5/419 4095/5/419
f 4132/7/419 4106/7/419 4103/5/419
f 4132/7/419 4103/5/419 4069/5/419
f 4117/19/1459 4044/19/1459 4105/7/1459
f 4117/19/1459 4105/7/1459 4131/7/1459
f 4067/5/1447 4102/5/1447 4036/2/1447
f 4067/5/1447 4036/2/1447 3973/2/1447
f 4049/19/1460 4055/19/1460 4110/7/1460
f 4049/19/1460 4110/7/1460 4107/7/1460
f 4092/7/419 4109/7/419 4112/7/419
f 4092/7/419 4112/7/419 4098/7/419
f 4097/7/1461 4111/7/1461 4056/16/1461
f 4097/7/1461 4056/16/1461 4034/16/1461
f 3978/347/1448 4142/348/1448 4113/7/1448
f 3978/347/1448 4113/7/1448 4116/19/1448
f 3993/349/1451 4151/350/1451 4123/334/1451
f 3993/349/1451 4123/334/1451 4119/343/1451
f 4151/350/1451 3986/351/1451 4126/335/1451
f 4151/350/1451 4126/335/1451 4123/334/1451
f 4004/352/1453 3994/349/1453 4120/343/1453
f 4004/352/1453 4120/343/1453 4127/329/1453
f 4142/348/1448 4005/352/1448 4128/329/1448
f 4142/348/1448 4128/329/1448 4113/7/1448
f 4160/348/1448 3978/347/1448 4116/19/1448
f 4160/348/1448 4116/19/1448 4130/7/1448
f 4167/353/1451 4079/349/1451 4133/343/1451
f 4167/353/1451 4133/343/1451 4137/334/1451
f 3986/351/1451 4167/353/1451 4137/334/1451
f 3986/351/1451 4137/334/1451 4126/335/1451
f 4080/349/1453 4086/352/1453 4139/329/1453
f 4080/349/1453 4139/329/1453 4134/343/1453
f 4087/352/1448 4160/348/1448 4130/7/1448
f 4087/352/1448 4130/7/1448 4140/329/1448
f 4146/332/1462 3963/331/1462 4143/348/1462
f 4146/332/1462 4143/348/1462 3979/347/1462
f 4150/339/1463 3985/338/1463 4153/350/1463
f 4150/339/1463 4153/350/1463 3996/349/1463
f 3984/338/1464 4155/341/1464 3987/351/1464
f 3984/338/1464 3987/351/1464 4152/350/1464
f 4159/330/1465 4149/339/1465 3995/349/1465
f 4159/330/1465 3995/349/1465 4007/352/1465
f 3964/331/1466 4158/330/1466 4006/352/1466
f 3964/331/1466 4006/352/1466 4144/348/1466
f 4062/331/1462 4146/332/1462 3979/347/1462
f 4062/331/1462 3979/347/1462 4161/348/1462
f 4075/346/1467 4166/339/1467 4082/349/1467
f 4075/346/1467 4082/349/1467 4169/353/1467
f 4155/341/1464 4074/346/1464 4168/353/1464
f 4155/341/1464 4168/353/1464 3987/351/1464
f 4165/339/1468 4173/345/1468 4089/352/1468
f 4165/339/1468 4089/352/1468 4081/349/1468
f 4172/345/1469 4063/331/1469 4162/348/1469
f 4172/345/1469 4162/348/1469 4088/352/1469
f 4175/25/1470 4178/26/1470 4183/27/1470
f 4175/25/1470 4183/27/1470 4180/28/1470
f 4181/28/1471 4184/27/1471 4189/29/1471
f 4181/28/1471 4189/29/1471 4186/30/1471
f 4187/30/1472 4190/29/1472 4195/31/1472
f 4187/30/1472 4195/31/1472 4192/32/1472
f 4193/32/1473 4196/31/1473 4201/33/1473
f 4193/32/1473 4201/33/1473 4198/23/1473
f 4199/23/1474 4202/33/1474 4207/34/1474
f 4199/23/1474 4207/34/1474 4204/35/1474
f 4205/35/1475 4208/34/1475 4213/36/1475
f 4205/35/1475 4213/36/1475 4210/37/1475
f 4211/37/1476 4214/36/1476 4219/38/1476
f 4211/37/1476 4219/38/1476 4216/39/1476
f 4217/39/1477 4220/38/1477 4225/40/1477
f 4217/39/1477 4225/40/1477 4222/15/1477
f 4223/15/1478 4226/40/1478 4232/41/1478
f 4223/15/1478 4232/41/1478 4229/42/1478
f 4228/42/1479 4231/41/1479 4238/43/1479
f 4228/42/1479 4238/43/1479 4235/13/1479
f 4234/13/1480 4237/43/1480 4244/44/1480
f 4234/13/1480 4244/44/1480 4241/45/1480
f 4240/45/1481 4243/44/1481 4250/46/1481
f 4240/45/1481 4250/46/1481 4247/5/1481
f 4246/5/1482 4249/46/1482 4256/47/1482
f 4246/5/1482 4256/47/1482 4253/48/1482
f 4252/48/1483 4255/47/1483 4262/49/1483
f 4252/48/1483 4262/49/1483 4259/50/1483
f 4258/50/1484 4261/49/1484 4268/51/1484
f 4258/50/1484 4268/51/1484 4265/52/1484
f 4264/52/1485 4267/51/1485 4274/53/1485
f 4264/52/1485 4274/53/1485 4271/54/1485
f 4270/54/1486 4273/53/1486 4279/55/1486
f 4270/54/1486 4279/55/1486 4276/56/1486
f 4277/56/1487 4280/55/1487 4285/57/1487
f 4277/56/1487 4285/57/1487 4282/58/1487
f 4283/58/1488 4286/57/1488 4291/59/1488
f 4283/58/1488 4291/59/1488 4288/60/1488
f 4289/60/1489 4292/59/1489 4297/61/1489
f 4289/60/1489 4297/61/1489 4294/6/1489
f 4295/6/1460 4298/61/1460 4303/62/1460
f 4295/6/1460 4303/62/1460 4300/63/1460
f 4301/63/1490 4304/62/1490 4309/64/1490
f 4301/63/1490 4309/64/1490 4306/10/1490
f 4307/10/1491 4310/64/1491 4315/65/1491
f 4307/10/1491 4315/65/1491 4312/66/1491
f 4313/66/1492 4316/65/1492 4321/67/1492
f 4313/66/1492 4321/67/1492 4318/9/1492
f 4319/9/1493 4322/67/1493 4328/68/1493
f 4319/9/1493 4328/68/1493 4325/69/1493
f 4324/69/1494 4327/68/1494 4334/70/1494
f 4324/69/1494 4334/70/1494 4331/71/1494
f 4330/71/1495 4333/70/1495 4340/72/1495
f 4330/71/1495 4340/72/1495 4337/73/1495
f 4336/73/1496 4339/72/1496 4346/74/1496
f 4336/73/1496 4346/74/1496 4343/24/1496
f 4342/24/1497 4345/74/1497 4352/75/1497
f 4342/24/1497 4352/75/1497 4349/76/1497
f 4348/76/1498 4351/75/1498 4358/77/1498
f 4348/76/1498 4358/77/1498 4355/78/1498
f 4191/152/584 4185/149/584 4179/150/584
f 4179/150/584 4365/210/584 4359/208/584
f 4359/208/584 4353/206/584 4347/204/584
f 4347/204/584 4341/202/584 4335/200/584
f 4335/200/584 4329/198/584 4323/196/584
f 4323/196/584 4317/194/584 4311/192/584
f 4311/192/584 4305/190/584 4299/188/584
f 4299/188/584 4293/186/584 4287/184/584
f 4287/184/584 4281/182/584 4275/180/584
f 4275/180/584 4269/178/584 4263/176/584
f 4263/176/584 4257/174/584 4251/172/584
f 4251/172/584 4245/170/584 4239/168/584
f 4239/168/584 4233/166/584 4227/164/584
f 4227/164/584 4221/162/584 4215/160/584
f 4215/160/584 4209/158/584 4203/156/584
f 4203/156/584 4197/154/584 4191/152/584
f 4191/152/584 4179/150/584 4359/208/584
f 4359/208/584 4347/204/584 4335/200/584
f 4335/200/584 4323/196/584 4311/192/584
f 4311/192/584 4299/188/584 4287/184/584
f 4287/184/584 4275/180/584 4263/176/584
f 4263/176/584 4251/172/584 4239/168/584
f 4239/168/584 4227/164/584 4215/160/584
f 4215/160/584 4203/156/584 4191/152/584
f 4191/152/584 4359/208/584 4335/200/584
f 4335/200/584 4311/192/584 4287/184/584
f 4287/184/584 4263/176/584 4239/168/584
f 4239/168/584 4215/160/584 4191/152/584
f 4191/152/584 4335/200/584 4287/184/584
f 4287/184/584 4239/168/584 4191/152/584
f 4354/78/1499 4357/77/1499 4364/111/1499
f 4354/78/1499 4364/111/1499 4361/112/1499
f 4360/112/1500 4363/111/1500 4177/113/1500
f 4360/112/1500 4177/113/1500 4174/114/1500
f 4362/115/419 4176/116/419 4182/117/419
f 4182/117/419 4188/118/419 4194/119/419
f 4194/119/419 4200/120/419 4206/121/419
f 4206/121/419 4212/122/419 4218/123/419
f 4218/123/419 4224/124/419 4230/125/419
f 4230/125/419 4236/126/419 4242/127/419
f 4242/127/419 4248/128/419 4254/129/419
f 4254/129/419 4260/130/419 4266/131/419
f 4266/131/419 4272/132/419 4278/133/419
f 4278/133/419 4284/134/419 4290/135/419
f 4290/135/419 4296/136/419 4302/137/419
f 4302/137/419 4308/138/419 4314/139/419
f 4314/139/419 4320/140/419 4326/141/419
f 4326/141/419 4332/142/419 4338/143/419
f 4338/143/419 4344/144/419 4350/145/419
f 4350/145/419 4356/146/419 4362/115/419
f 4362/115/419 4182/117/419 4194/119/419
f 4194/119/419 4206/121/419 4218/123/419
f 4218/123/419 4230/125/419 4242/127/419
f 4242/127/419 4254/129/419 4266/131/419
f 4266/131/419 4278/133/419 4290/135/419
f 4290/135/419 4302/137/419 4314/139/419
f 4314/139/419 4326/141/419 4338/143/419
f 4338/143/419 4350/145/419 4362/115/419
f 4362/115/419 4194/119/419 4218/123/419
f 4218/123/419 4242/127/419 4266/131/419
f 4266/131/419 4290/135/419 4314/139/419
f 4314/139/419 4338/143/419 4362/115/419
f 4362/115/419 4218/123/419 4266/131/419
f 4266/131/419 4314/139/419 4362/115/419
f 4367/25/1470 4370/26/1470 4375/27/1470
f 4367/25/1470 4375/27/1470 4372/28/1470
s 1
f 4373/28/1471 4376/27/1471 4381/29/1471
s 0
f 4373/28/1471 4381/29/1471 4378/30/1471
f 4379/30/1472 4382/29/1472 4387/31/1472
f 4379/30/1472 4387/31/1472 4384/32/1472
f 4385/32/1473 4388/31/1473 4393/33/1473
f 4385/32/1473 4393/33/1473 4390/23/1473
f 4391/23/1474 4394/33/1474 4399/34/1474
f 4391/23/1474 4399/34/1474 4396/35/1474
f 4397/35/1475 4400/34/1475 4405/36/1475
f 4397/35/1475 4405/36/1475 4402/37/1475
f 4403/37/1476 4406/36/1476 4411/38/1476
f 4403/37/1476 4411/38/1476 4408/39/1476
f 4409/39/1477 4412/38/1477 4417/40/1477
f 4409/39/1477 4417/40/1477 4414/15/1477
f 4415/15/1478 4418/40/1478 4424/41/1478
f 4415/15/1478 4424/41/1478 4421/42/1478
f 4420/42/1479 4423/41/1479 4430/43/1479
f 4420/42/1479 4430/43/1479 4427/13/1479
f 4426/13/1480 4429/43/1480 4436/44/1480
f 4426/13/1480 4436/44/1480 4433/45/1480
f 4432/45/1481 4435/44/1481 4442/46/1481
f 4432/45/1481 4442/46/1481 4439/5/1481
f 4438/5/1482 4441/46/1482 4448/47/1482
f 4438/5/1482 4448/47/1482 4445/48/1482
s 1
f 4444/48/1483 4447/47/1483 4454/49/1483
f 4444/48/1483 4454/49/1483 4451/50/1483
s 0
f 4450/50/1484 4453/49/1484 4460/51/1484
f 4450/50/1484 4460/51/1484 4457/52/1484
f 4456/52/1485 4459/51/1485 4466/53/1485
f 4456/52/1485 4466/53/1485 4463/54/1485
f 4462/54/1486 4465/53/1486 4471/55/1486
f 4462/54/1486 4471/55/1486 4468/56/1486
f 4469/56/1487 4472/55/1487 4477/57/1487
f 4469/56/1487 4477/57/1487 4474/58/1487
f 4475/58/1488 4478/57/1488 4483/59/1488
f 4475/58/1488 4483/59/1488 4480/60/1488
f 4481/60/1489 4484/59/1489 4489/61/1489
f 4481/60/1489 4489/61/1489 4486/6/1489
f 4487/6/1460 4490/61/1460 4495/62/1460
f 4487/6/1460 4495/62/1460 4492/63/1460
f 4493/63/1490 4496/62/1490 4501/64/1490
f 4493/63/1490 4501/64/1490 4498/10/1490
f 4499/10/1491 4502/64/1491 4507/65/1491
f 4499/10/1491 4507/65/1491 4504/66/1491
f 4505/66/1492 4508/65/1492 4513/67/1492
f 4505/66/1492 4513/67/1492 4510/9/1492
f 4511/9/1493 4514/67/1493 4520/68/1493
f 4511/9/1493 4520/68/1493 4517/69/1493
f 4516/69/1494 4519/68/1494 4526/70/1494
f 4516/69/1494 4526/70/1494 4523/71/1494
f 4522/71/1495 4525/70/1495 4532/72/1495
f 4522/71/1495 4532/72/1495 4529/73/1495
f 4528/73/1496 4531/72/1496 4538/74/1496
f 4528/73/1496 4538/74/1496 4535/24/1496
f 4534/24/1497 4537/74/1497 4544/75/1497
f 4534/24/1497 4544/75/1497 4541/76/1497
s 1
f 4540/76/1498 4543/75/1498 4550/77/1498
f 4540/76/1498 4550/77/1498 4547/78/1498
s 0
f 4383/152/584 4377/149/584 4371/150/584
f 4371/150/584 4557/210/584 4551/208/584
f 4551/208/584 4545/206/584 4539/204/584
f 4539/204/584 4533/202/584 4527/200/584
f 4527/200/584 4521/198/584 4515/196/584
f 4515/196/584 4509/194/584 4503/192/584
f 4503/192/584 4497/190/584 4491/188/584
f 4491/188/584 4485/186/584 4479/184/584
f 4479/184/584 4473/182/584 4467/180/584
f 4467/180/584 4461/178/584 4455/176/584
f 4455/176/584 4449/174/584 4443/172/584
f 4443/172/584 4437/170/584 4431/168/584
f 4431/168/584 4425/166/584 4419/164/584
f 4419/164/584 4413/162/584 4407/160/584
f 4407/160/584 4401/158/584 4395/156/584
f 4395/156/584 4389/154/584 4383/152/584
f 4383/152/584 4371/150/584 4551/208/584
f 4551/208/584 4539/204/584 4527/200/584
f 4527/200/584 4515/196/584 4503/192/584
f 4503/192/584 4491/188/584 4479/184/584
f 4479/184/584 4467/180/584 4455/176/584
f 4455/176/584 4443/172/584 4431/168/584
f 4431/168/584 4419/164/584 4407/160/584
f 4407/160/584 4395/156/584 4383/152/584
f 4383/152/584 4551/208/584 4527/200/584
f 4527/200/584 4503/192/584 4479/184/584
f 4479/184/584 4455/176/584 4431/168/584
f 4431/168/584 4407/160/584 4383/152/584
f 4383/152/584 4527/200/584 4479/184/584
f 4479/184/584 4431/168/584 4383/152/584
f 4546/78/1499 4549/77/1499 4556/111/1499
f 4546/78/1499 4556/111/1499 4553/112/1499
f 4552/112/1500 4555/111/1500 4369/113/1500
f 4552/112/1500 4369/113/1500 4366/114/1500
f 4554/115/419 4368/116/419 4374/117/419
f 4374/117/419 4380/118/419 4386/119/419
f 4386/119/419 4392/120/419 4398/121/419
f 4398/121/419 4404/122/419 4410/123/419
f 4410/123/419 4416/124/419 4422/125/419
f 4422/125/419 4428/126/419 4434/127/419
f 4434/127/419 4440/128/419 4446/129/419
f 4446/129/419 4452/130/419 4458/131/419
f 4458/131/419 4464/132/419 4470/133/419
f 4470/133/419 4476/134/419 4482/135/419
f 4482/135/419 4488/136/419 4494/137/419
f 4494/137/419 4500/138/419 4506/139/419
f 4506/139/419 4512/140/419 4518/141/419
f 4518/141/419 4524/142/419 4530/143/419
f 4530/143/419 4536/144/419 4542/145/419
f 4542/145/419 4548/146/419 4554/115/419
f 4554/115/419 4374/117/419 4386/119/419
f 4386/119/419 4398/121/419 4410/123/419
f 4410/123/419 4422/125/419 4434/127/419
f 4434/127/419 4446/129/419 4458/131/419
f 4458/131/419 4470/133/419 4482/135/419
f 4482/135/419 4494/137/419 4506/139/419
f 4506/139/419 4518/141/419 4530/143/419
f 4530/143/419 4542/145/419 4554/115/419
f 4554/115/419 4386/119/419 4410/123/419
f 4410/123/419 4434/127/419 4458/131/419
f 4458/131/419 4482/135/419 4506/139/419
f 4506/139/419 4530/143/419 4554/115/419
f 4554/115/419 4410/123/419 4458/131/419
f 4458/131/419 4506/139/419 4554/115/419
f 4559/25/1470 4564/28/1470 4567/27/1470
f 4559/25/1470 4567/27/1470 4562/26/1470
f 4565/28/1471 4570/30/1471 4573/29/1471
f 4565/28/1471 4573/29/1471 4568/27/1471
f 4571/30/1472 4576/32/1472 4579/31/1472
f 4571/30/1472 4579/31/1472 4574/29/1472
f 4577/32/1473 4582/23/1473 4585/33/1473
f 4577/32/1473 4585/33/1473 4580/31/1473
f 4583/23/1474 4588/35/1474 4591/34/1474
f 4583/23/1474 4591/34/1474 4586/33/1474
f 4589/35/1475 4594/37/1475 4597/36/1475
f 4589/35/1475 4597/36/1475 4592/34/1475
f 4595/37/1476 4600/39/1476 4603/38/1476
f 4595/37/1476 4603/38/1476 4598/36/1476
f 4601/39/1477 4606/15/1477 4609/40/1477
f 4601/39/1477 4609/40/1477 4604/38/1477
f 4607/15/1478 4613/42/1478 4616/41/1478
f 4607/15/1478 4616/41/1478 4610/40/1478
f 4612/42/1479 4619/13/1479 4622/43/1479
f 4612/42/1479 4622/43/1479 4615/41/1479
f 4618/13/1480 4625/45/1480 4628/44/1480
f 4618/13/1480 4628/44/1480 4621/43/1480
f 4624/45/1481 4631/5/1481 4634/46/1481
f 4624/45/1481 4634/46/1481 4627/44/1481
f 4630/5/1482 4637/48/1482 4640/47/1482
f 4630/5/1482 4640/47/1482 4633/46/1482
f 4636/48/1483 4643/50/1483 4646/49/1483
f 4636/48/1483 4646/49/1483 4639/47/1483
f 4642/50/1484 4649/52/1484 4652/51/1484
f 4642/50/1484 4652/51/1484 4645/49/1484
f 4648/52/1485 4655/54/1485 4658/53/1485
f 4648/52/1485 4658/53/1485 4651/51/1485
f 4654/54/1486 4660/56/1486 4663/55/1486
f 4654/54/1486 4663/55/1486 4657/53/1486
f 4661/56/1487 4666/58/1487 4669/57/1487
f 4661/56/1487 4669/57/1487 4664/55/1487
f 4667/58/1488 4672/60/1488 4675/59/1488
f 4667/58/1488 4675/59/1488 4670/57/1488
f 4673/60/1489 4678/6/1489 4681/61/1489
f 4673/60/1489 4681/61/1489 4676/59/1489
f 4679/6/1460 4684/63/1460 4687/62/1460
f 4679/6/1460 4687/62/1460 4682/61/1460
f 4685/63/1490 4690/10/1490 4693/64/1490
f 4685/63/1490 4693/64/1490 4688/62/1490
f 4691/10/1491 4696/66/1491 4699/65/1491
f 4691/10/1491 4699/65/1491 4694/64/1491
f 4697/66/1492 4702/9/1492 4705/67/1492
f 4697/66/1492 4705/67/1492 4700/65/1492
f 4703/9/1493 4709/69/1493 4712/68/1493
f 4703/9/1493 4712/68/1493 4706/67/1493
f 4708/69/1494 4715/71/1494 4718/70/1494
f 4708/69/1494 4718/70/1494 4711/68/1494
f 4714/71/1495 4721/73/1495 4724/72/1495
f 4714/71/1495 4724/72/1495 4717/70/1495
f 4720/73/1496 4727/24/1496 4730/74/1496
f 4720/73/1496 4730/74/1496 4723/72/1496
f 4726/24/1497 4733/76/1497 4736/75/1497
f 4726/24/1497 4736/75/1497 4729/74/1497
f 4732/76/1498 4739/78/1498 4742/77/1498
f 4732/76/1498 4742/77/1498 4735/75/1498
f 4563/150/419 4569/149/419 4575/152/419
f 4575/152/419 4581/154/419 4587/156/419
f 4587/156/419 4593/158/419 4599/160/419
f 4599/160/419 4605/162/419 4611/164/419
f 4611/164/419 4617/166/419 4623/168/419
f 4623/168/419 4629/170/419 4635/172/419
f 4635/172/419 4641/174/419 4647/176/419
f 4647/176/419 4653/178/419 4659/180/419
f 4659/180/419 4665/182/419 4671/184/419
f 4671/184/419 4677/186/419 4683/188/419
f 4683/188/419 4689/190/419 4695/192/419
f 4695/192/419 4701/194/419 4707/196/419
f 4707/196/419 4713/198/419 4719/200/419
f 4719/200/419 4725/202/419 4731/204/419
f 4731/204/419 4737/206/419 4743/208/419
f 4743/208/419 4749/210/419 4563/150/419
f 4563/150/419 4575/152/419 4587/156/419
f 4587/156/419 4599/160/419 4611/164/419
f 4611/164/419 4623/168/419 4635/172/419
f 4635/172/419 4647/176/419 4659/180/419
f 4659/180/419 4671/184/419 4683/188/419
f 4683/188/419 4695/192/419 4707/196/419
f 4707/196/419 4719/200/419 4731/204/419
f 4731/204/419 4743/208/419 4563/150/419
f 4563/150/419 4587/156/419 4611/164/419
f 4611/164/419 4635/172/419 4659/180/419
f 4659/180/419 4683/188/419 4707/196/419
f 4707/196/419 4731/204/419 4563/150/419
f 4563/150/419 4611/164/419 4659/180/419
f 4659/180/419 4707/196/419 4563/150/419
f 4738/78/1499 4745/112/1499 4748/111/1499
f 4738/78/1499 4748/111/1499 4741/77/1499
f 4744/112/1500 4558/114/1500 4561/113/1500
f 4744/112/1500 4561/113/1500 4747/111/1500
f 4566/117/584 4560/116/584 4746/115/584
f 4746/115/584 4740/146/584 4734/145/584
f 4734/145/584 4728/144/584 4722/143/584
f 4722/143/584 4716/142/584 4710/141/584
f 4710/141/584 4704/140/584 4698/139/584
f 4698/139/584 4692/138/584 4686/137/584
f 4686/137/584 4680/136/584 4674/135/584
f 4674/135/584 4668/134/584 4662/133/584
f 4662/133/584 4656/132/584 4650/131/584
f 4650/131/584 4644/130/584 4638/129/584
f 4638/129/584 4632/128/584 4626/127/584
f 4626/127/584 4620/126/584 4614/125/584
f 4614/125/584 4608/124/584 4602/123/584
f 4602/123/584 4596/122/584 4590/121/584
f 4590/121/584 4584/120/584 4578/119/584
f 4578/119/584 4572/118/584 4566/117/584
f 4566/117/584 4746/115/584 4734/145/584
f 4734/145/584 4722/143/584 4710/141/584
f 4710/141/584 4698/139/584 4686/137/584
f 4686/137/584 4674/135/584 4662/133/584
f 4662/133/584 4650/131/584 4638/129/584
f 4638/129/584 4626/127/584 4614/125/584
f 4614/125/584 4602/123/584 4590/121/584
f 4590/121/584 4578/119/584 4566/117/584
f 4566/117/584 4734/145/584 4710/141/584
f 4710/141/584 4686/137/584 4662/133/584
f 4662/133/584 4638/129/584 4614/125/584
f 4614/125/584 4590/121/584 4566/117/584
f 4566/117/584 4710/141/584 4662/133/584
f 4662/133/584 4614/125/584 4566/117/584
f 4751/25/1470 4756/28/1470 4759/27/1470
f 4751/25/1470 4759/27/1470 4754/26/1470
f 4757/28/1471 4762/30/1471 4765/29/1471
s 1
f 4757/28/1471 4765/29/1471 4760/27/1471
s 0
f 4763/30/1472 4768/32/1472 4771/31/1472
f 4763/30/1472 4771/31/1472 4766/29/1472
f 4769/32/1473 4774/23/1473 4777/33/1473
f 4769/32/1473 4777/33/1473 4772/31/1473
f 4775/23/1474 4780/35/1474 4783/34/1474
f 4775/23/1474 4783/34/1474 4778/33/1474
f 4781/35/1475 4786/37/1475 4789/36/1475
f 4781/35/1475 4789/36/1475 4784/34/1475
f 4787/37/1476 4792/39/1476 4795/38/1476
f 4787/37/1476 4795/38/1476 4790/36/1476
f 4793/39/1477 4798/15/1477 4801/40/1477
f 4793/39/1477 4801/40/1477 4796/38/1477
f 4799/15/1478 4805/42/1478 4808/41/1478
f 4799/15/1478 4808/41/1478 4802/40/1478
f 4804/42/1479 4811/13/1479 4814/43/1479
f 4804/42/1479 4814/43/1479 4807/41/1479
f 4810/13/1480 4817/45/1480 4820/44/1480
f 4810/13/1480 4820/44/1480 4813/43/1480
f 4816/45/1481 4823/5/1481 4826/46/1481
f 4816/45/1481 4826/46/1481 4819/44/1481
f 4822/5/1482 4829/48/1482 4832/47/1482
f 4822/5/1482 4832/47/1482 4825/46/1482
f 4828/48/1483 4835/50/1483 4838/49/1483
s 1
f 4828/48/1483 4838/49/1483 4831/47/1483
s 0
f 4834/50/1484 4841/52/1484 4844/51/1484
f 4834/50/1484 4844/51/1484 4837/49/1484
f 4840/52/1485 4847/54/1485 4850/53/1485
f 4840/52/1485 4850/53/1485 4843/51/1485
f 4846/54/1486 4852/56/1486 4855/55/1486
f 4846/54/1486 4855/55/1486 4849/53/1486
f 4853/56/1487 4858/58/1487 4861/57/1487
f 4853/56/1487 4861/57/1487 4856/55/1487
f 4859/58/1488 4864/60/1488 4867/59/1488
f 4859/58/1488 4867/59/1488 4862/57/1488
f 4865/60/1489 4870/6/1489 4873/61/1489
f 4865/60/1489 4873/61/1489 4868/59/1489
f 4871/6/1460 4876/63/1460 4879/62/1460
f 4871/6/1460 4879/62/1460 4874/61/1460
f 4877/63/1490 4882/10/1490 4885/64/1490
f 4877/63/1490 4885/64/1490 4880/62/1490
f 4883/10/1491 4888/66/1491 4891/65/1491
f 4883/10/1491 4891/65/1491 4886/64/1491
f 4889/66/1492 4894/9/1492 4897/67/1492
f 4889/66/1492 4897/67/1492 4892/65/1492
f 4895/9/1493 4901/69/1493 4904/68/1493
f 4895/9/1493 4904/68/1493 4898/67/1493
f 4900/69/1494 4907/71/1494 4910/70/1494
f 4900/69/1494 4910/70/1494 4903/68/1494
f 4906/71/1495 4913/73/1495 4916/72/1495
f 4906/71/1495 4916/72/1495 4909/70/1495
f 4912/73/1496 4919/24/1496 4922/74/1496
f 4912/73/1496 4922/74/1496 4915/72/1496
f 4918/24/1497 4925/76/1497 4928/75/1497
f 4918/24/1497 4928/75/1497 4921/74/1497
s 1
f 4924/76/1498 4931/78/1498 4934/77/1498
f 4924/76/1498 4934/77/1498 4927/75/1498
s 0
f 4755/150/419 4761/149/419 4767/152/419
f 4767/152/419 4773/154/419 4779/156/419
f 4779/156/419 4785/158/419 4791/160/419
f 4791/160/419 4797/162/419 4803/164/419
f 4803/164/419 4809/166/419 4815/168/419
f 4815/168/419 4821/170/419 4827/172/419
f 4827/172/419 4833/174/419 4839/176/419
f 4839/176/419 4845/178/419 4851/180/419
f 4851/180/419 4857/182/419 4863/184/419
f 4863/184/419 4869/186/419 4875/188/419
f 4875/188/419 4881/190/419 4887/192/419
f 4887/192/419 4893/194/419 4899/196/419
f 4899/196/419 4905/198/419 4911/200/419
f 4911/200/419 4917/202/419 4923/204/419
f 4923/204/419 4929/206/419 4935/208/419
f 4935/208/419 4941/210/419 4755/150/419
f 4755/150/419 4767/152/419 4779/156/419
f 4779/156/419 4791/160/419 4803/164/419
f 4803/164/419 4815/168/419 4827/172/419
f 4827/172/419 4839/176/419 4851/180/419
f 4851/180/419 4863/184/419 4875/188/419
f 4875/188/419 4887/192/419 4899/196/419
f 4899/196/419 4911/200/419 4923/204/419
f 4923/204/419 4935/208/419 4755/150/419
f 4755/150/419 4779/156/419 4803/164/419
f 4803/164/419 4827/172/419 4851/180/419
f 4851/180/419 4875/188/419 4899/196/419
f 4899/196/419 4923/204/419 4755/150/419
f 4755/150/419 4803/164/419 4851/180/419
f 4851/180/419 4899/196/419 4755/150/419
f 4930/78/1499 4937/112/1499 4940/111/1499
f 4930/78/1499 4940/111/1499 4933/77/1499
f 4936/112/1500 4750/114/1500 4753/113/1500
f 4936/112/1500 4753/113/1500 4939/111/1500
f 4758/117/584 4752/116/584 4938/115/584
f 4938/115/584 4932/146/584 4926/145/584
f 4926/145/584 4920/144/584 4914/143/584
f 4914/143/584 4908/142/584 4902/141/584
f 4902/141/584 4896/140/584 4890/139/584
f 4890/139/584 4884/138/584 4878/137/584
f 4878/137/584 4872/136/584 4866/135/584
f 4866/135/584 4860/134/584 4854/133/584
f 4854/133/584 4848/132/584 4842/131/584
f 4842/131/584 4836/130/584 4830/129/584
f 4830/129/584 4824/128/584 4818/127/584
f 4818/127/584 4812/126/584 4806/125/584
f 4806/125/584 4800/124/584 4794/123/584
f 4794/123/584 4788/122/584 4782/121/584
f 4782/121/584 4776/120/584 4770/119/584
f 4770/119/584 4764/118/584 4758/117/584
f 4758/117/584 4938/115/584 4926/145/584
f 4926/145/584 4914/143/584 4902/141/584
f 4902/141/584 4890/139/584 4878/137/584
f 4878/137/584 4866/135/584 4854/133/584
f 4854/133/584 4842/131/584 4830/129/584
f 4830/129/584 4818/127/584 4806/125/584
f 4806/125/584 4794/123/584 4782/121/584
f 4782/121/584 4770/119/584 4758/117/584
f 4758/117/584 4926/145/584 4902/141/584
f 4902/141/584 4878/137/584 4854/133/584
f 4854/133/584 4830/129/584 4806/125/584
f 4806/125/584 4782/121/584 4758/117/584
f 4758/117/584 4902/141/584 4854/133/584
f 4854/133/584 4806/125/584 4758/117/584
usemtl Material.005
f 4990/354/1146 4996/355/1146 5012/356/1146
f 4990/354/1146 5012/356/1146 5023/357/1146
f 4952/358/1501 4960/359/1501 5030/360/1501
f 4952/358/1502 5030/360/1502 5019/361/1502
f 4973/362/584 4985/363/584 4965/364/584
f 4973/362/584 4965/364/584 4949/365/584
f 5018/361/1503 5029/360/1503 5006/366/1503
f 5018/361/1503 5006/366/1503 5002/367/1503
f 4978/368/1440 5014/369/1440 5031/370/1440
f 4978/368/1440 5031/370/1440 4954/371/1440
f 5023/357/1146 5012/356/1146 4986/372/1146
s 1
f 5023/357/1146 4986/372/1146 4966/373/1146
s 0
f 5014/369/1440 4994/374/1440 5009/375/1440
f 5014/369/1440 5009/375/1440 5031/370/1440
f 4993/376/1443 5026/377/1443 5020/378/1443
f 4993/376/1443 5020/378/1443 4998/379/1443
f 4945/380/1504 4947/381/1504 4951/382/1504
f 4957/383/1505 4959/359/1505 4963/384/1505
f 4968/385/1506 4971/386/1506 4977/387/1506
f 4980/388/1507 4982/389/1507 4988/372/1507
f 5015/3/1508 4979/388/1508 4987/372/1508
f 5015/3/1508 4987/372/1508 5013/356/1508
f 4984/363/1509 4972/362/1509 4969/373/1509
f 4984/363/1509 4969/373/1509 4989/372/1509
f 4944/380/1510 4976/387/1510 4970/362/1510
f 4944/380/1510 4970/362/1510 4946/365/1510
f 4981/368/1511 4956/371/1511 4962/364/1511
f 4981/368/1511 4962/364/1511 4983/363/1511
f 4961/359/1512 4953/358/1512 4948/365/1512
f 4961/359/1512 4948/365/1512 4964/364/1512
f 5022/378/1513 4943/380/1513 4950/382/1513
f 5022/378/1514 4950/382/1514 5017/11/1514
f 5025/377/1515 4992/376/1515 4991/9/1515
f 5025/377/1515 4991/9/1515 5024/10/1515
f 5032/18/1516 5010/390/1516 5005/366/1516
f 5032/18/1517 5005/366/1517 5027/360/1517
f 4995/2/1508 5015/3/1508 5013/356/1508
f 4995/2/1508 5013/356/1508 4997/355/1508
f 4999/379/1518 5021/378/1518 5016/11/1518
f 4999/379/1519 5016/11/1519 5001/12/1519
f 4974/387/1515 5025/377/1515 5024/10/1515
f 4974/387/1515 5024/10/1515 4967/385/1515
f 4955/383/1520 5033/391/1520 5028/360/1520
f 4955/383/1521 5028/360/1521 4958/359/1521
f 5026/377/1443 4975/387/1443 4942/380/1443
f 5026/377/1443 4942/380/1443 5020/378/1443
f 4990/354/1146 5093/357/1146 5082/356/1146
f 4990/354/1146 5082/356/1146 4996/355/1146
f 5044/358/1522 5089/361/1522 5100/360/1522
f 5044/358/1523 5100/360/1523 5052/359/1523
f 5065/362/419 5041/365/419 5057/364/419
f 5065/362/419 5057/364/419 5077/363/419
f 5088/361/1524 5004/367/1524 5008/366/1524
f 5088/361/1524 5008/366/1524 5099/360/1524
f 5070/368/1440 5046/371/1440 5101/370/1440
f 5070/368/1440 5101/370/1440 5084/369/1440
s 1
f 5093/357/1146 5058/373/1146 5078/372/1146
s 0
f 5093/357/1146 5078/372/1146 5082/356/1146
f 5084/369/1440 5101/370/1440 5009/375/1440
f 5084/369/1440 5009/375/1440 4994/374/1440
f 4993/376/1443 4998/379/1443 5090/378/1443
f 4993/376/1443 5090/378/1443 5096/377/1443
f 5037/380/1525 5043/382/1525 5039/381/1525
f 5049/383/1526 5055/384/1526 5051/359/1526
f 5060/385/1527 5069/387/1527 5063/386/1527
f 5072/388/1528 5080/372/1528 5074/389/1528
f 5085/3/1508 5083/356/1508 5079/372/1508
f 5085/3/1508 5079/372/1508 5071/388/1508
f 5076/363/1529 5081/372/1529 5061/373/1529
f 5076/363/1529 5061/373/1529 5064/362/1529
f 5036/380/1530 5038/365/1530 5062/362/1530
f 5036/380/1530 5062/362/1530 5068/387/1530
f 5073/368/1531 5075/363/1531 5054/364/1531
f 5073/368/1531 5054/364/1531 5048/371/1531
f 5053/359/1532 5056/364/1532 5040/365/1532
f 5053/359/1532 5040/365/1532 5045/358/1532
f 5092/378/1533 5087/11/1533 5042/382/1533
f 5092/378/1534 5042/382/1534 5035/380/1534
f 5095/377/1515 5094/10/1515 4991/9/1515
f 5095/377/1515 4991/9/1515 4992/376/1515
f 5102/18/1535 5097/360/1535 5007/366/1535
f 5102/18/1536 5007/366/1536 5011/390/1536
f 4995/2/1508 4997/355/1508 5083/356/1508
f 4995/2/1508 5083/356/1508 5085/3/1508
f 5000/379/1537 5003/12/1537 5086/11/1537
f 5000/379/1538 5086/11/1538 5091/378/1538
f 5066/387/1515 5059/385/1515 5094/10/1515
f 5066/387/1515 5094/10/1515 5095/377/1515
f 5047/383/1539 5050/359/1539 5098/360/1539
f 5047/383/1540 5098/360/1540 5103/391/1540
f 5096/377/1443 5090/378/1443 5034/380/1443
f 5096/377/1443 5034/380/1443 5067/387/1443
usemtl Material.006
f 5104/25/1541 5107/26/1541 5113/27/1541
f 5104/25/1541 5113/27/1541 5110/28/1541
f 5111/28/1542 5114/27/1542 5119/29/1542
f 5111/28/1543 5119/29/1543 5116/30/1543
f 5117/30/1544 5120/29/1544 5125/31/1544
f 5117/30/1544 5125/31/1544 5122/32/1544
f 5123/32/1545 5126/31/1545 5131/33/1545
f 5123/32/1546 5131/33/1546 5128/23/1546
f 5129/23/1547 5132/33/1547 5137/34/1547
f 5129/23/1548 5137/34/1548 5134/35/1548
f 5135/35/1549 5139/34/1549 5144/36/1549
f 5135/35/1550 5144/36/1550 5140/37/1550
f 5141/37/1551 5145/36/1551 5150/38/1551
f 5141/37/1551 5150/38/1551 5146/39/1551
f 5147/39/1552 5151/38/1552 5156/40/1552
f 5147/39/1552 5156/40/1552 5152/15/1552
s 1
f 5153/15/1553 5157/40/1553 5163/41/1553
s 0
f 5153/15/1553 5163/41/1553 5159/42/1553
f 5158/42/1554 5162/41/1554 5169/43/1554
f 5158/42/1554 5169/43/1554 5165/13/1554
f 5164/13/1555 5168/43/1555 5175/44/1555
f 5164/13/1555 5175/44/1555 5171/45/1555
f 5170/45/1556 5173/44/1556 5180/46/1556
s 1
f 5170/45/1557 5180/46/1557 5177/5/1557
s 0
f 5176/5/1558 5179/46/1558 5186/47/1558
f 5176/5/1558 5186/47/1558 5183/48/1558
f 5182/48/1559 5185/47/1559 5192/49/1559
f 5182/48/1559 5192/49/1559 5189/50/1559
f 5188/50/1560 5191/49/1560 5198/51/1560
f 5188/50/1561 5198/51/1561 5195/52/1561
f 5194/52/1562 5197/51/1562 5203/53/1562
f 5194/52/1562 5203/53/1562 5200/54/1562
f 5201/54/1563 5205/53/1563 5210/55/1563
f 5201/54/1564 5210/55/1564 5206/56/1564
f 5207/56/1565 5211/55/1565 5216/57/1565
f 5207/56/1566 5216/57/1566 5212/58/1566
f 5213/58/1567 5217/57/1567 5222/59/1567
f 5213/58/1567 5222/59/1567 5218/60/1567
f 5219/60/1568 5223/59/1568 5228/61/1568
f 5219/60/1569 5228/61/1569 5224/6/1569
f 5225/6/1570 5229/61/1570 5234/62/1570
f 5225/6/1571 5234/62/1571 5230/63/1571
f 5232/63/1572 5235/62/1572 5240/64/1572
f 5232/63/1572 5240/64/1572 5237/10/1572
s 1
f 5238/10/1573 5241/64/1573 5246/65/1573
s 0
f 5238/10/1573 5246/65/1573 5243/66/1573
f 5244/66/1574 5247/65/1574 5252/67/1574
f 5244/66/1574 5252/67/1574 5249/9/1574
f 5250/9/1575 5253/67/1575 5259/68/1575
f 5250/9/1575 5259/68/1575 5256/69/1575
f 5255/69/1576 5258/68/1576 5265/70/1576
f 5255/69/1576 5265/70/1576 5262/71/1576
f 5261/71/1577 5264/70/1577 5271/72/1577
f 5261/71/1577 5271/72/1577 5268/73/1577
f 5266/73/1578 5270/72/1578 5277/74/1578
f 5266/73/1579 5277/74/1579 5273/24/1579
f 5272/24/1580 5276/74/1580 5283/75/1580
f 5272/24/1581 5283/75/1581 5279/76/1581
f 5278/76/1582 5282/75/1582 5289/77/1582
f 5278/76/1582 5289/77/1582 5285/78/1582
f 5121/152/1583 5115/149/1583 5108/150/1583
f 5108/150/1584 5293/210/1584 5287/208/1584
f 5287/208/1583 5281/206/1583 5275/204/1583
f 5275/204/1583 5269/202/1583 5263/200/1583
f 5263/200/1585 5257/198/1585 5251/196/1585
f 5251/196/1586 5245/194/1586 5239/192/1586
f 5239/192/1583 5233/190/1583 5227/188/1583
f 5227/188/1587 5221/186/1587 5215/184/1587
f 5215/184/1583 5209/182/1583 5204/180/1583
f 5204/180/1584 5199/178/1584 5193/176/1584
f 5193/176/1584 5187/174/1584 5181/172/1584
f 5181/172/1583 5174/170/1583 5167/168/1583
f 5167/168/1585 5161/166/1585 5155/164/1585
f 5155/164/1584 5149/162/1584 5143/160/1584
f 5143/160/1584 5138/158/1584 5133/156/1584
f 5133/156/1583 5127/154/1583 5121/152/1583
f 5121/152/1583 5108/150/1583 5287/208/1583
f 5287/208/1583 5275/204/1583 5263/200/1583
s 1
f 5263/200/1583 5251/196/1583 5239/192/1583
s 0
f 5239/192/1585 5227/188/1585 5215/184/1585
f 5215/184/1583 5204/180/1583 5193/176/1583
f 5193/176/1583 5181/172/1583 5167/168/1583
f 5167/168/1583 5155/164/1583 5143/160/1583
f 5143/160/1583 5133/156/1583 5121/152/1583
f 5121/152/1583 5287/208/1583 5263/200/1583
f 5263/200/1583 5239/192/1583 5215/184/1583
f 5215/184/1583 5193/176/1583 5167/168/1583
f 5167/168/1583 5143/160/1583 5121/152/1583
f 5121/152/1583 5263/200/1583 5215/184/1583
f 5215/184/1583 5167/168/1583 5121/152/1583
f 5284/78/1588 5288/77/1588 5295/111/1588
f 5284/78/1589 5295/111/1589 5291/112/1589
f 5290/112/1590 5294/111/1590 5109/113/1590
f 5290/112/1590 5109/113/1590 5105/114/1590
f 5292/115/1591 5106/116/1591 5112/117/1591
f 5112/117/1592 5118/118/1592 5124/119/1592
f 5124/119/1593 5130/120/1593 5136/121/1593
f 5136/121/1594 5142/122/1594 5148/123/1594
f 5148/123/1592 5154/124/1592 5160/125/1592
f 5160/125/1592 5166/126/1592 5172/127/1592
f 5172/127/1595 5178/128/1595 5184/129/1595
f 5184/129/1592 5190/130/1592 5196/131/1592
f 5196/131/1594 5202/132/1594 5208/133/1594
f 5208/133/1594 5214/134/1594 5220/135/1594
f 5220/135/1595 5226/136/1595 5231/137/1595
f 5231/137/1591 5236/138/1591 5242/139/1591
f 5242/139/1596 5248/140/1596 5254/141/1596
f 5254/141/1592 5260/142/1592 5267/143/1592
s 1
f 5267/143/1597 5274/144/1597 5280/145/1597
s 0
f 5280/145/1592 5286/146/1592 5292/115/1592
f 5292/115/1592 5112/117/1592 5124/119/1592
f 5124/119/1592 5136/121/1592 5148/123/1592
f 5148/123/1592 5160/125/1592 5172/127/1592
f 5172/127/1592 5184/129/1592 5196/131/1592
f 5196/131/1592 5208/133/1592 5220/135/1592
f 5220/135/1595 5231/137/1595 5242/139/1595
f 5242/139/1592 5254/141/1592 5267/143/1592
f 5267/143/1592 5280/145/1592 5292/115/1592
f 5292/115/1592 5124/119/1592 5148/123/1592
s 1
f 5148/123/1592 5172/127/1592 5196/131/1592
s 0
f 5196/131/1592 5220/135/1592 5242/139/1592
f 5242/139/1592 5267/143/1592 5292/115/1592
f 5292/115/1592 5148/123/1592 5196/131/1592
f 5196/131/1592 5242/139/1592 5292/115/1592
f 5296/25/1598 5299/26/1598 5305/27/1598
f 5296/25/1541 5305/27/1541 5302/28/1541
f 5303/28/1542 5306/27/1542 5311/29/1542
f 5303/28/1542 5311/29/1542 5308/30/1542
f 5309/30/1544 5312/29/1544 5317/31/1544
f 5309/30/1544 5317/31/1544 5314/32/1544
f 5315/32/1546 5318/31/1546 5323/33/1546
f 5315/32/1546 5323/33/1546 5320/23/1546
f 5321/23/1599 5324/33/1599 5329/34/1599
f 5321/23/1548 5329/34/1548 5326/35/1548
f 5327/35/1549 5331/34/1549 5336/36/1549
f 5327/35/1549 5336/36/1549 5332/37/1549
f 5333/37/1551 5337/36/1551 5342/38/1551
f 5333/37/1551 5342/38/1551 5338/39/1551
f 5339/39/1552 5343/38/1552 5348/40/1552
f 5339/39/1552 5348/40/1552 5344/15/1552
f 5345/15/1553 5349/40/1553 5355/41/1553
f 5345/15/1553 5355/41/1553 5351/42/1553
f 5350/42/1554 5354/41/1554 5361/43/1554
f 5350/42/1554 5361/43/1554 5357/13/1554
f 5356/13/1555 5360/43/1555 5367/44/1555
f 5356/13/1555 5367/44/1555 5363/45/1555
f 5362/45/1557 5365/44/1557 5372/46/1557
f 5362/45/1556 5372/46/1556 5369/5/1556
f 5368/5/1600 5371/46/1600 5378/47/1600
f 5368/5/1558 5378/47/1558 5375/48/1558
f 5374/48/1601 5377/47/1601 5384/49/1601
f 5374/48/1559 5384/49/1559 5381/50/1559
f 5380/50/1561 5383/49/1561 5390/51/1561
f 5380/50/1602 5390/51/1602 5387/52/1602
f 5386/52/1562 5389/51/1562 5395/53/1562
f 5386/52/1562 5395/53/1562 5392/54/1562
f 5393/54/1563 5397/53/1563 5402/55/1563
f 5393/54/1563 5402/55/1563 5398/56/1563
f 5399/56/1603 5403/55/1603 5408/57/1603
f 5399/56/1604 5408/57/1604 5404/58/1604
f 5405/58/1567 5409/57/1567 5414/59/1567
f 5405/58/1567 5414/59/1567 5410/60/1567
f 5411/60/1569 5415/59/1569 5420/61/1569
f 5411/60/1569 5420/61/1569 5416/6/1569
f 5417/6/1570 5421/61/1570 5426/62/1570
f 5417/6/1570 5426/62/1570 5422/63/1570
f 5424/63/1572 5427/62/1572 5432/64/1572
f 5424/63/1572 5432/64/1572 5429/10/1572
f 5430/10/1573 5433/64/1573 5438/65/1573
f 5430/10/1573 5438/65/1573 5435/66/1573
f 5436/66/1574 5439/65/1574 5444/67/1574
f 5436/66/1574 5444/67/1574 5441/9/1574
f 5442/9/1575 5445/67/1575 5451/68/1575
f 5442/9/1575 5451/68/1575 5448/69/1575
f 5447/69/1576 5450/68/1576 5457/70/1576
s 1
f 5447/69/1576 5457/70/1576 5454/71/1576
s 0
f 5453/71/1577 5456/70/1577 5463/72/1577
f 5453/71/1577 5463/72/1577 5460/73/1577
f 5458/73/1579 5462/72/1579 5469/74/1579
f 5458/73/1579 5469/74/1579 5465/24/1579
f 5464/24/1580 5468/74/1580 5475/75/1580
f 5464/24/1581 5475/75/1581 5471/76/1581
f 5470/76/1582 5474/75/1582 5481/77/1582
f 5470/76/1582 5481/77/1582 5477/78/1582
f 5313/152/1587 5307/149/1587 5300/150/1587
s 1
f 5300/150/1584 5485/210/1584 5479/208/1584
s 0
f 5479/208/1583 5473/206/1583 5467/204/1583
f 5467/204/1583 5461/202/1583 5455/200/1583
f 5455/200/1585 5449/198/1585 5443/196/1585
f 5443/196/1584 5437/194/1584 5431/192/1584
f 5431/192/1583 5425/190/1583 5419/188/1583
f 5419/188/1583 5413/186/1583 5407/184/1583
f 5407/184/1583 5401/182/1583 5396/180/1583
f 5396/180/1583 5391/178/1583 5385/176/1583
f 5385/176/1583 5379/174/1583 5373/172/1583
f 5373/172/1583 5366/170/1583 5359/168/1583
f 5359/168/1585 5353/166/1585 5347/164/1585
f 5347/164/1587 5341/162/1587 5335/160/1587
f 5335/160/1583 5330/158/1583 5325/156/1583
f 5325/156/1585 5319/154/1585 5313/152/1585
f 5313/152/1585 5300/150/1585 5479/208/1585
f 5479/208/1583 5467/204/1583 5455/200/1583
f 5455/200/1583 5443/196/1583 5431/192/1583
f 5431/192/1583 5419/188/1583 5407/184/1583
f 5407/184/1585 5396/180/1585 5385/176/1585
f 5385/176/1583 5373/172/1583 5359/168/1583
f 5359/168/1583 5347/164/1583 5335/160/1583
f 5335/160/1583 5325/156/1583 5313/152/1583
f 5313/152/1583 5479/208/1583 5455/200/1583
f 5455/200/1583 5431/192/1583 5407/184/1583
f 5407/184/1583 5385/176/1583 5359/168/1583
f 5359/168/1583 5335/160/1583 5313/152/1583
f 5313/152/1583 5455/200/1583 5407/184/1583
f 5407/184/1583 5359/168/1583 5313/152/1583
f 5476/78/1589 5480/77/1589 5487/111/1589
f 5476/78/1588 5487/111/1588 5483/112/1588
f 5482/112/1605 5486/111/1605 5301/113/1605
f 5482/112/1590 5301/113/1590 5297/114/1590
s 1
f 5484/115/1606 5298/116/1606 5304/117/1606
s 0
f 5304/117/1591 5310/118/1591 5316/119/1591
f 5316/119/1592 5322/120/1592 5328/121/1592
f 5328/121/1592 5334/122/1592 5340/123/1592
f 5340/123/1595 5346/124/1595 5352/125/1595
f 5352/125/1592 5358/126/1592 5364/127/1592
s 1
f 5364/127/1591 5370/128/1591 5376/129/1591
s 0
f 5376/129/1592 5382/130/1592 5388/131/1592
f 5388/131/1592 5394/132/1592 5400/133/1592
f 5400/133/1595 5406/134/1595 5412/135/1595
f 5412/135/1595 5418/136/1595 5423/137/1595
f 5423/137/1592 5428/138/1592 5434/139/1592
f 5434/139/1594 5440/140/1594 5446/141/1594
f 5446/141/1595 5452/142/1595 5459/143/1595
f 5459/143/1591 5466/144/1591 5472/145/1591
f 5472/145/1592 5478/146/1592 5484/115/1592
f 5484/115/1595 5304/117/1595 5316/119/1595
f 5316/119/1592 5328/121/1592 5340/123/1592
f 5340/123/1592 5352/125/1592 5364/127/1592
f 5364/127/1592 5376/129/1592 5388/131/1592
f 5388/131/1592 5400/133/1592 5412/135/1592
f 5412/135/1592 5423/137/1592 5434/139/1592
f 5434/139/1592 5446/141/1592 5459/143/1592
f 5459/143/1592 5472/145/1592 5484/115/1592
f 5484/115/1592 5316/119/1592 5340/123/1592
f 5340/123/1592 5364/127/1592 5388/131/1592
f 5388/131/1592 5412/135/1592 5434/139/1592
s 1
f 5434/139/1592 5459/143/1592 5484/115/1592
s 0
f 5484/115/1592 5340/123/1592 5388/131/1592
f 5388/131/1592 5434/139/1592 5484/115/1592
f 5490/25/1607 5495/28/1607 5497/27/1607
f 5490/25/1607 5497/27/1607 5492/26/1607
f 5496/28/1608 5501/30/1608 5503/29/1608
f 5496/28/1609 5503/29/1609 5498/27/1609
f 5502/30/1610 5507/32/1610 5509/31/1610
f 5502/30/1610 5509/31/1610 5504/29/1610
f 5508/32/1611 5513/23/1611 5515/33/1611
f 5508/32/1612 5515/33/1612 5510/31/1612
f 5514/23/1613 5519/35/1613 5521/34/1613
f 5514/23/1614 5521/34/1614 5516/33/1614
f 5520/35/1615 5525/37/1615 5528/36/1615
f 5520/35/1616 5528/36/1616 5523/34/1616
f 5526/37/1617 5531/39/1617 5534/38/1617
f 5526/37/1617 5534/38/1617 5529/36/1617
f 5532/39/1618 5537/15/1618 5540/40/1618
f 5532/39/1618 5540/40/1618 5535/38/1618
f 5538/15/1619 5544/42/1619 5547/41/1619
s 1
f 5538/15/1619 5547/41/1619 5541/40/1619
s 0
f 5543/42/1620 5550/13/1620 5553/43/1620
f 5543/42/1620 5553/43/1620 5546/41/1620
f 5549/13/1621 5556/45/1621 5559/44/1621
f 5549/13/1621 5559/44/1621 5552/43/1621
s 1
f 5555/45/1622 5562/5/1622 5564/46/1622
s 0
f 5555/45/1623 5564/46/1623 5557/44/1623
f 5561/5/1624 5568/48/1624 5570/47/1624
f 5561/5/1624 5570/47/1624 5563/46/1624
f 5567/48/1625 5574/50/1625 5576/49/1625
f 5567/48/1625 5576/49/1625 5569/47/1625
f 5573/50/1626 5580/52/1626 5582/51/1626
f 5573/50/1627 5582/51/1627 5575/49/1627
f 5579/52/1628 5586/54/1628 5588/53/1628
f 5579/52/1628 5588/53/1628 5581/51/1628
f 5584/54/1629 5590/56/1629 5593/55/1629
f 5584/54/1630 5593/55/1630 5587/53/1630
f 5591/56/1631 5596/58/1631 5599/57/1631
f 5591/56/1632 5599/57/1632 5594/55/1632
f 5597/58/1633 5602/60/1633 5605/59/1633
f 5597/58/1633 5605/59/1633 5600/57/1633
f 5603/60/1634 5608/6/1634 5611/61/1634
f 5603/60/1635 5611/61/1635 5606/59/1635
f 5609/6/1636 5614/63/1636 5617/62/1636
f 5609/6/1637 5617/62/1637 5612/61/1637
f 5616/63/1638 5621/10/1638 5623/64/1638
f 5616/63/1638 5623/64/1638 5618/62/1638
f 5622/10/1639 5627/66/1639 5629/65/1639
s 1
f 5622/10/1639 5629/65/1639 5624/64/1639
s 0
f 5628/66/1640 5633/9/1640 5635/67/1640
f 5628/66/1640 5635/67/1640 5630/65/1640
f 5634/9/1641 5640/69/1641 5642/68/1641
f 5634/9/1641 5642/68/1641 5636/67/1641
f 5639/69/1642 5646/71/1642 5648/70/1642
f 5639/69/1642 5648/70/1642 5641/68/1642
f 5645/71/1643 5652/73/1643 5654/72/1643
f 5645/71/1643 5654/72/1643 5647/70/1643
f 5650/73/1644 5657/24/1644 5660/74/1644
f 5650/73/1645 5660/74/1645 5653/72/1645
f 5656/24/1646 5663/76/1646 5666/75/1646
f 5656/24/1647 5666/75/1647 5659/74/1647
f 5662/76/1648 5669/78/1648 5672/77/1648
f 5662/76/1648 5672/77/1648 5665/75/1648
f 5493/150/1649 5499/149/1649 5505/152/1649
f 5505/152/1649 5511/154/1649 5517/156/1649
f 5517/156/1650 5522/158/1650 5527/160/1650
f 5527/160/1650 5533/162/1650 5539/164/1650
f 5539/164/1650 5545/166/1650 5551/168/1650
f 5551/168/1649 5558/170/1649 5565/172/1649
f 5565/172/1650 5571/174/1650 5577/176/1650
f 5577/176/1650 5583/178/1650 5589/180/1650
f 5589/180/1649 5595/182/1649 5601/184/1649
s 1
f 5601/184/1651 5607/186/1651 5613/188/1651
s 0
f 5613/188/1649 5619/190/1649 5625/192/1649
f 5625/192/1650 5631/194/1650 5637/196/1650
f 5637/196/1651 5643/198/1651 5649/200/1651
f 5649/200/1649 5655/202/1649 5661/204/1649
f 5661/204/1649 5667/206/1649 5673/208/1649
f 5673/208/1650 5679/210/1650 5493/150/1650
f 5493/150/1649 5505/152/1649 5517/156/1649
f 5517/156/1649 5527/160/1649 5539/164/1649
f 5539/164/1649 5551/168/1649 5565/172/1649
f 5565/172/1649 5577/176/1649 5589/180/1649
f 5589/180/1649 5601/184/1649 5613/188/1649
f 5613/188/1649 5625/192/1649 5637/196/1649
f 5637/196/1649 5649/200/1649 5661/204/1649
f 5661/204/1649 5673/208/1649 5493/150/1649
f 5493/150/1649 5517/156/1649 5539/164/1649
f 5539/164/1649 5565/172/1649 5589/180/1649
f 5589/180/1649 5613/188/1649 5637/196/1649
f 5637/196/1649 5661/204/1649 5493/150/1649
f 5493/150/1649 5539/164/1649 5589/180/1649
f 5589/180/1649 5637/196/1649 5493/150/1649
f 5668/78/1652 5675/112/1652 5678/111/1652
f 5668/78/1653 5678/111/1653 5671/77/1653
f 5674/112/1654 5488/114/1654 5491/113/1654
f 5674/112/1654 5491/113/1654 5677/111/1654
f 5494/117/1655 5489/116/1655 5676/115/1655
f 5676/115/1656 5670/146/1656 5664/145/1656
s 1
f 5664/145/1657 5658/144/1657 5651/143/1657
s 0
f 5651/143/1656 5644/142/1656 5638/141/1656
f 5638/141/1658 5632/140/1658 5626/139/1658
f 5626/139/1655 5620/138/1655 5615/137/1655
f 5615/137/1659 5610/136/1659 5604/135/1659
f 5604/135/1660 5598/134/1660 5592/133/1660
f 5592/133/1660 5585/132/1660 5578/131/1660
f 5578/131/1656 5572/130/1656 5566/129/1656
f 5566/129/1659 5560/128/1659 5554/127/1659
f 5554/127/1656 5548/126/1656 5542/125/1656
f 5542/125/1656 5536/124/1656 5530/123/1656
f 5530/123/1660 5524/122/1660 5518/121/1660
f 5518/121/1661 5512/120/1661 5506/119/1661
f 5506/119/1656 5500/118/1656 5494/117/1656
f 5494/117/1656 5676/115/1656 5664/145/1656
f 5664/145/1656 5651/143/1656 5638/141/1656
f 5638/141/1659 5626/139/1659 5615/137/1659
f 5615/137/1656 5604/135/1656 5592/133/1656
f 5592/133/1656 5578/131/1656 5566/129/1656
f 5566/129/1656 5554/127/1656 5542/125/1656
f 5542/125/1656 5530/123/1656 5518/121/1656
s 1
f 5518/121/1656 5506/119/1656 5494/117/1656
s 0
f 5494/117/1656 5664/145/1656 5638/141/1656
f 5638/141/1656 5615/137/1656 5592/133/1656
f 5592/133/1656 5566/129/1656 5542/125/1656
f 5542/125/1656 5518/121/1656 5494/117/1656
f 5494/117/1656 5638/141/1656 5592/133/1656
f 5592/133/1656 5542/125/1656 5494/117/1656
f 5682/25/1607 5687/28/1607 5689/27/1607
f 5682/25/1662 5689/27/1662 5684/26/1662
f 5688/28/1609 5693/30/1609 5695/29/1609
f 5688/28/1609 5695/29/1609 5690/27/1609
f 5694/30/1610 5699/32/1610 5701/31/1610
f 5694/30/1610 5701/31/1610 5696/29/1610
f 5700/32/1611 5705/23/1611 5707/33/1611
f 5700/32/1611 5707/33/1611 5702/31/1611
f 5706/23/1613 5711/35/1613 5713/34/1613
f 5706/23/1663 5713/34/1663 5708/33/1663
f 5712/35/1616 5717/37/1616 5720/36/1616
f 5712/35/1616 5720/36/1616 5715/34/1616
f 5718/37/1617 5723/39/1617 5726/38/1617
f 5718/37/1617 5726/38/1617 5721/36/1617
f 5724/39/1618 5729/15/1618 5732/40/1618
f 5724/39/1618 5732/40/1618 5727/38/1618
f 5730/15/1619 5736/42/1619 5739/41/1619
f 5730/15/1619 5739/41/1619 5733/40/1619
f 5735/42/1620 5742/13/1620 5745/43/1620
f 5735/42/1620 5745/43/1620 5738/41/1620
f 5741/13/1621 5748/45/1621 5751/44/1621
f 5741/13/1621 5751/44/1621 5744/43/1621
f 5747/45/1623 5754/5/1623 5756/46/1623
f 5747/45/1622 5756/46/1622 5749/44/1622
f 5753/5/1624 5760/48/1624 5762/47/1624
f 5753/5/1664 5762/47/1664 5755/46/1664
f 5759/48/1625 5766/50/1625 5768/49/1625
f 5759/48/1665 5768/49/1665 5761/47/1665
f 5765/50/1666 5772/52/1666 5774/51/1666
f 5765/50/1626 5774/51/1626 5767/49/1626
f 5771/52/1628 5778/54/1628 5780/53/1628
f 5771/52/1628 5780/53/1628 5773/51/1628
f 5776/54/1630 5782/56/1630 5785/55/1630
f 5776/54/1630 5785/55/1630 5779/53/1630
f 5783/56/1667 5788/58/1667 5791/57/1667
f 5783/56/1668 5791/57/1668 5786/55/1668
f 5789/58/1633 5794/60/1633 5797/59/1633
f 5789/58/1633 5797/59/1633 5792/57/1633
f 5795/60/1634 5800/6/1634 5803/61/1634
f 5795/60/1634 5803/61/1634 5798/59/1634
f 5801/6/1637 5806/63/1637 5809/62/1637
f 5801/6/1637 5809/62/1637 5804/61/1637
f 5808/63/1638 5813/10/1638 5815/64/1638
f 5808/63/1638 5815/64/1638 5810/62/1638
f 5814/10/1639 5819/66/1639 5821/65/1639
f 5814/10/1639 5821/65/1639 5816/64/1639
f 5820/66/1640 5825/9/1640 5827/67/1640
f 5820/66/1640 5827/67/1640 5822/65/1640
f 5826/9/1641 5832/69/1641 5834/68/1641
f 5826/9/1641 5834/68/1641 5828/67/1641
s 1
f 5831/69/1642 5838/71/1642 5840/70/1642
s 0
f 5831/69/1642 5840/70/1642 5833/68/1642
f 5837/71/1643 5844/73/1643 5846/72/1643
f 5837/71/1643 5846/72/1643 5839/70/1643
f 5842/73/1644 5849/24/1644 5852/74/1644
f 5842/73/1644 5852/74/1644 5845/72/1644
f 5848/24/1646 5855/76/1646 5858/75/1646
f 5848/24/1647 5858/75/1647 5851/74/1647
f 5854/76/1648 5861/78/1648 5864/77/1648
f 5854/76/1648 5864/77/1648 5857/75/1648
f 5685/150/1669 5691/149/1669 5697/152/1669
f 5697/152/1651 5703/154/1651 5709/156/1651
f 5709/156/1649 5714/158/1649 5719/160/1649
f 5719/160/1669 5725/162/1669 5731/164/1669
f 5731/164/1649 5737/166/1649 5743/168/1649
f 5743/168/1649 5750/170/1649 5757/172/1649
f 5757/172/1649 5763/174/1649 5769/176/1649
f 5769/176/1670 5775/178/1670 5781/180/1670
f 5781/180/1649 5787/182/1649 5793/184/1649
f 5793/184/1649 5799/186/1649 5805/188/1649
f 5805/188/1649 5811/190/1649 5817/192/1649
f 5817/192/1650 5823/194/1650 5829/196/1650
f 5829/196/1651 5835/198/1651 5841/200/1651
s 1
f 5841/200/1649 5847/202/1649 5853/204/1649
s 0
f 5853/204/1649 5859/206/1649 5865/208/1649
f 5865/208/1650 5871/210/1650 5685/150/1650
f 5685/150/1649 5697/152/1649 5709/156/1649
f 5709/156/1649 5719/160/1649 5731/164/1649
f 5731/164/1649 5743/168/1649 5757/172/1649
f 5757/172/1649 5769/176/1649 5781/180/1649
f 5781/180/1649 5793/184/1649 5805/188/1649
f 5805/188/1649 5817/192/1649 5829/196/1649
f 5829/196/1649 5841/200/1649 5853/204/1649
f 5853/204/1649 5865/208/1649 5685/150/1649
f 5685/150/1649 5709/156/1649 5731/164/1649
f 5731/164/1649 5757/172/1649 5781/180/1649
f 5781/180/1649 5805/188/1649 5829/196/1649
f 5829/196/1649 5853/204/1649 5685/150/1649
f 5685/150/1649 5731/164/1649 5781/180/1649
f 5781/180/1649 5829/196/1649 5685/150/1649
f 5860/78/1653 5867/112/1653 5870/111/1653
f 5860/78/1652 5870/111/1652 5863/77/1652
f 5866/112/1654 5680/114/1654 5683/113/1654
f 5866/112/1671 5683/113/1671 5869/111/1671
s 1
f 5686/117/1672 5681/116/1672 5868/115/1672
s 0
f 5868/115/1656 5862/146/1656 5856/145/1656
f 5856/145/1655 5850/144/1655 5843/143/1655
f 5843/143/1659 5836/142/1659 5830/141/1659
f 5830/141/1660 5824/140/1660 5818/139/1660
f 5818/139/1656 5812/138/1656 5807/137/1656
f 5807/137/1659 5802/136/1659 5796/135/1659
f 5796/135/1659 5790/134/1659 5784/133/1659
f 5784/133/1656 5777/132/1656 5770/131/1656
f 5770/131/1656 5764/130/1656 5758/129/1656
s 1
f 5758/129/1655 5752/128/1655 5746/127/1655
s 0
f 5746/127/1656 5740/126/1656 5734/125/1656
f 5734/125/1659 5728/124/1659 5722/123/1659
f 5722/123/1656 5716/122/1656 5710/121/1656
f 5710/121/1656 5704/120/1656 5698/119/1656
f 5698/119/1655 5692/118/1655 5686/117/1655
f 5686/117/1655 5868/115/1655 5856/145/1655
f 5856/145/1656 5843/143/1656 5830/141/1656
f 5830/141/1659 5818/139/1659 5807/137/1659
f 5807/137/1656 5796/135/1656 5784/133/1656
f 5784/133/1656 5770/131/1656 5758/129/1656
f 5758/129/1656 5746/127/1656 5734/125/1656
f 5734/125/1656 5722/123/1656 5710/121/1656
f 5710/121/1656 5698/119/1656 5686/117/1656
f 5686/117/1656 5856/145/1656 5830/141/1656
f 5830/141/1656 5807/137/1656 5784/133/1656
f 5784/133/1656 5758/129/1656 5734/125/1656
f 5734/125/1656 5710/121/1656 5686/117/1656
f 5686/117/1656 5830/141/1656 5784/133/1656
f 5784/133/1656 5734/125/1656 5686/117/1656
s 1
usemtl Material.004
f 5873/113/1673 5897/53/1673 5940/392/1673
f 5873/113/1673 5940/392/1673 5894/393/1673
f 5875/394/1674 5901/395/1674 5896/396/1674
f 5875/394/1674 5896/396/1674 5872/211/1674
f 5876/397/1675 5904/398/1676 5900/395/1677
f 5876/397/1675 5900/395/1677 5874/394/1675
f 5878/399/1678 5908/400/1679 5906/398/1680
f 5878/399/1678 5906/398/1680 5877/397/1678
f 5880/401/1681 5912/402/1681 5909/400/1681
f 5880/401/1681 5909/400/1681 5879/399/1681
f 5883/403/1682 5917/404/1683 5913/402/1682
f 5883/403/1682 5913/402/1682 5881/401/1682
f 5885/114/1684 5921/54/1684 5916/404/1684
f 5885/114/1684 5916/404/1684 5882/403/1684
f 5887/405/1685 5925/406/1685 5920/54/1685
f 5887/405/1685 5920/54/1685 5884/114/1685
f 5889/407/1686 5930/408/1687 5924/406/1687
f 5889/407/1686 5924/406/1687 5886/405/1688
f 5890/409/1689 5932/410/1690 5928/408/1690
f 5890/409/1689 5928/408/1690 5888/407/1691
f 5892/411/1692 5936/412/1692 5933/410/1692
f 5892/411/1692 5933/410/1692 5891/409/1692
f 5895/393/1693 5941/392/1693 5937/412/1693
f 5895/393/1693 5937/412/1693 5893/411/1693
f 5899/53/1694 5945/26/1694 5966/413/1695
f 5899/53/1694 5966/413/1695 5942/392/1696
f 5903/395/1697 5947/414/1697 5944/415/1697
f 5903/395/1697 5944/415/1697 5898/396/1697
f 5905/398/1698 5948/416/1698 5946/414/1698
f 5905/398/1698 5946/414/1698 5902/395/1698
f 5910/400/1699 5950/417/1699 5949/416/1699
f 5910/400/1699 5949/416/1699 5907/398/1699
f 5914/402/1700 5952/418/1701 5951/417/1701
f 5914/402/1700 5951/417/1701 5911/400/1700
f 5919/404/1702 5955/419/1703 5953/418/1704
f 5919/404/1702 5953/418/1704 5915/402/1705
f 5923/54/1706 5957/25/1707 5954/419/1708
f 5923/54/1706 5954/419/1708 5918/404/1706
f 5927/406/1709 5959/420/1710 5956/25/1709
f 5927/406/1709 5956/25/1709 5922/54/1709
f 5931/408/1711 5961/421/1711 5958/420/1711
f 5931/408/1711 5958/420/1711 5926/406/1711
f 5934/410/1712 5962/422/1712 5960/421/1712
f 5934/410/1712 5960/421/1712 5929/408/1712
f 5938/412/1713 5964/423/1714 5963/422/1713
f 5938/412/1713 5963/422/1713 5935/410/1715
f 5943/392/1716 5967/413/1717 5965/423/1718
f 5943/392/1716 5965/423/1718 5939/412/1719
f 5969/113/1720 5993/53/1720 6037/392/1720
f 5969/113/1720 6037/392/1720 5991/393/1720
f 5971/394/1674 5997/395/1674 5992/396/1674
f 5971/394/1674 5992/396/1674 5968/211/1674
f 5972/397/1721 6000/398/1722 5996/395/1723
f 5972/397/1721 5996/395/1723 5970/394/1724
f 5974/399/1725 6004/400/1726 6002/398/1726
f 5974/399/1725 6002/398/1726 5973/397/1727
f 5976/401/1681 6008/402/1681 6005/400/1681
f 5976/401/1681 6005/400/1681 5975/399/1681
f 5978/403/1728 6012/404/1728 6009/402/1728
f 5978/403/1728 6009/402/1728 5977/401/1728
f 5981/114/1729 6017/54/1729 6013/404/1729
f 5981/114/1729 6013/404/1729 5979/403/1729
f 5983/405/1730 6021/406/1730 6016/54/1731
f 5983/405/1730 6016/54/1731 5980/114/1730
f 5985/407/1732 6026/408/1733 6020/406/1734
f 5985/407/1732 6020/406/1734 5982/405/1733
f 5986/409/1735 6028/410/1736 6024/408/1736
f 5986/409/1735 6024/408/1736 5984/407/1735
f 5988/411/1737 6032/412/1738 6029/410/1739
f 5988/411/1737 6029/410/1739 5987/409/1737
f 5990/393/1740 6036/392/1740 6033/412/1740
f 5990/393/1740 6033/412/1740 5989/411/1740
f 5995/53/1741 6041/26/1742 6063/413/1743
f 5995/53/1741 6063/413/1743 6039/392/1744
f 5999/395/1745 6043/414/1745 6040/415/1745
f 5999/395/1745 6040/415/1745 5994/396/1746
f 6001/398/1747 6044/416/1747 6042/414/1747
f 6001/398/1747 6042/414/1747 5998/395/1747
f 6006/400/1748 6046/417/1748 6045/416/1748
f 6006/400/1748 6045/416/1748 6003/398/1748
f 6010/402/1749 6048/418/1749 6047/417/1749
f 6010/402/1749 6047/417/1749 6007/400/1749
f 6014/404/1750 6050/419/1750 6049/418/1751
f 6014/404/1750 6049/418/1751 6011/402/1751
f 6019/54/1752 6053/25/1753 6051/419/1754
f 6019/54/1752 6051/419/1754 6015/404/1755
f 6023/406/1756 6055/420/1756 6052/25/1756
f 6023/406/1756 6052/25/1756 6018/54/1756
f 6027/408/1757 6057/421/1757 6054/420/1757
f 6027/408/1757 6054/420/1757 6022/406/1757
f 6030/410/1758 6058/422/1758 6056/421/1758
f 6030/410/1758 6056/421/1758 6025/408/1758
f 6034/412/1759 6060/423/1760 6059/422/1761
f 6034/412/1759 6059/422/1761 6031/410/1762
f 6038/392/1763 6062/413/1764 6061/423/1765
f 6038/392/1763 6061/423/1765 6035/412/1766
f 6065/113/1767 6089/53/1767 6133/392/1767
f 6065/113/1767 6133/392/1767 6087/393/1767
f 6067/394/1768 6093/395/1768 6088/396/1768
f 6067/394/1768 6088/396/1768 6064/211/1768
f 6068/397/1769 6096/398/1770 6092/395/1771
f 6068/397/1769 6092/395/1771 6066/394/1772
f 6070/399/1773 6100/400/1774 6098/398/1775
f 6070/399/1773 6098/398/1775 6069/397/1773
f 6072/401/1776 6104/402/1776 6101/400/1777
f 6072/401/1776 6101/400/1777 6071/399/1776
f 6074/403/1778 6108/404/1778 6105/402/1778
f 6074/403/1778 6105/402/1778 6073/401/1778
f 6077/114/1779 6113/54/1780 6109/404/1780
f 6077/114/1779 6109/404/1780 6075/403/1779
f 6079/405/1781 6117/406/1782 6112/54/1783
f 6079/405/1781 6112/54/1783 6076/114/1783
f 6081/407/1784 6122/408/1785 6116/406/1786
f 6081/407/1784 6116/406/1786 6078/405/1787
f 6082/409/1788 6124/410/1789 6120/408/1788
f 6082/409/1788 6120/408/1788 6080/407/1789
f 6084/411/1790 6128/412/1791 6125/410/1791
f 6084/411/1790 6125/410/1791 6083/409/1791
f 6086/393/1792 6132/392/1792 6129/412/1792
f 6086/393/1792 6129/412/1792 6085/411/1792
f 6091/53/1793 6137/26/1794 6159/413/1794
f 6091/53/1793 6159/413/1794 6135/392/1795
f 6095/395/1796 6139/414/1797 6136/415/1798
f 6095/395/1796 6136/415/1798 6090/396/1798
f 6097/398/1799 6140/416/1799 6138/414/1799
f 6097/398/1799 6138/414/1799 6094/395/1799
f 6102/400/1800 6142/417/1800 6141/416/1800
f 6102/400/1800 6141/416/1800 6099/398/1801
f 6106/402/1802 6144/418/1802 6143/417/1802
f 6106/402/1802 6143/417/1802 6103/400/1802
f 6110/404/1803 6146/419/1803 6145/418/1804
f 6110/404/1803 6145/418/1804 6107/402/1805
f 6115/54/1806 6149/25/1807 6147/419/1808
f 6115/54/1806 6147/419/1808 6111/404/1807
f 6119/406/1809 6151/420/1810 6148/25/1810
f 6119/406/1809 6148/25/1810 6114/54/1809
f 6123/408/1811 6153/421/1811 6150/420/1812
f 6123/408/1811 6150/420/1812 6118/406/1812
f 6126/410/1813 6154/422/1813 6152/421/1813
f 6126/410/1813 6152/421/1813 6121/408/1813
f 6130/412/1814 6156/423/1815 6155/422/1816
f 6130/412/1814 6155/422/1816 6127/410/1814
f 6134/392/1817 6158/413/1817 6157/423/1817
f 6134/392/1817 6157/423/1817 6131/412/1818
f 6161/113/1819 6183/393/1819 6229/392/1819
f 6161/113/1819 6229/392/1819 6185/53/1819
f 6163/394/1776 6160/211/1776 6184/396/1776
f 6163/394/1776 6184/396/1776 6189/395/1776
f 6165/397/1820 6162/394/1821 6188/395/1774
f 6165/397/1820 6188/395/1774 6194/398/1822
f 6166/399/1823 6164/397/1823 6192/398/1824
f 6166/399/1823 6192/398/1824 6196/400/1771
f 6168/401/1768 6167/399/1768 6197/400/1825
f 6168/401/1768 6197/400/1825 6200/402/1768
f 6170/403/1826 6169/401/1826 6201/402/1826
f 6170/403/1826 6201/402/1826 6204/404/1826
f 6173/114/1827 6171/403/1827 6205/404/1828
f 6173/114/1827 6205/404/1828 6209/54/1828
f 6175/405/1791 6172/114/1790 6208/54/1790
f 6175/405/1791 6208/54/1790 6213/406/1829
f 6176/407/1788 6174/405/1830 6212/406/1831
f 6176/407/1788 6212/406/1831 6216/408/1832
f 6178/409/1784 6177/407/1833 6218/408/1784
f 6178/409/1784 6218/408/1784 6220/410/1833
f 6180/411/1783 6179/409/1781 6221/410/1781
f 6180/411/1783 6221/410/1781 6224/412/1781
f 6182/393/1834 6181/411/1834 6225/412/1834
f 6182/393/1834 6225/412/1834 6228/392/1834
f 6187/53/1835 6231/392/1836 6255/413/1837
f 6187/53/1835 6255/413/1837 6233/26/1837
f 6191/395/1838 6186/396/1839 6232/415/1839
f 6191/395/1838 6232/415/1839 6235/414/1840
f 6195/398/1841 6190/395/1841 6234/414/1841
f 6195/398/1841 6234/414/1841 6237/416/1841
f 6198/400/1842 6193/398/1843 6236/416/1842
f 6198/400/1842 6236/416/1842 6238/417/1842
f 6202/402/1844 6199/400/1844 6239/417/1844
f 6202/402/1844 6239/417/1844 6240/418/1844
f 6206/404/1845 6203/402/1846 6241/418/1847
f 6206/404/1845 6241/418/1847 6242/419/1845
f 6211/54/1848 6207/404/1849 6243/419/1850
f 6211/54/1848 6243/419/1850 6245/25/1849
f 6215/406/1851 6210/54/1851 6244/25/1852
f 6215/406/1851 6244/25/1852 6247/420/1852
f 6217/408/1853 6214/406/1854 6246/420/1854
f 6217/408/1853 6246/420/1854 6248/421/1853
f 6222/410/1855 6219/408/1855 6249/421/1855
f 6222/410/1855 6249/421/1855 6250/422/1855
f 6226/412/1856 6223/410/1856 6251/422/1857
f 6226/412/1856 6251/422/1857 6252/423/1858
f 6230/392/1859 6227/412/1860 6253/423/1859
f 6230/392/1859 6253/423/1859 6254/413/1859
